CustomerID,Recency,Frequency,Monetary,AvgOrderValue,Churn
12346,326,1,77183.6,77183.6,1
12347,2,7,4310.0,615.71,0
12348,75,4,1797.24,449.31,0
12349,19,1,1757.55,1757.55,0
12350,310,1,334.4,334.4,1
12352,36,8,2506.04,313.26,0
12353,204,1,89.0,89.0,1
12354,232,1,1079.4,1079.4,1
12355,214,1,459.4,459.4,1
12356,23,3,2811.43,937.14,0
12357,33,1,6207.67,6207.67,0
12358,2,2,1168.06,584.03,0
12359,58,4,6372.58,1593.14,0
12360,52,3,2662.06,887.35,0
12361,287,1,189.9,189.9,1
12362,3,10,5226.23,522.62,0
12363,110,2,552.0,276.0,1
12364,8,4,1313.1,328.28,0
12365,291,2,641.38,320.69,1
12367,4,1,168.9,168.9,0
12370,51,4,3545.69,886.42,0
12371,45,2,1887.96,943.98,0
12372,72,3,1298.04,432.68,0
12373,311,1,364.6,364.6,1
12374,25,1,742.9300000000001,742.93,0
12375,11,2,457.5,228.75,0
12377,315,2,1628.12,814.06,1
12378,130,1,4008.62,4008.62,1
12379,82,2,852.24,426.12,0
12380,22,4,2724.81,681.2,0
12381,5,5,1845.31,369.06,0
12383,185,5,1850.56,370.11,1
12384,29,2,585.27,292.64,0
12386,338,2,401.9,200.95,1
12388,16,6,2780.66,463.44,0
12390,80,1,549.84,549.84,0
12391,22,1,460.89,460.89,0
12393,72,4,1582.6000000000001,395.65,0
12394,64,2,1272.48,636.24,0
12395,19,12,3018.63,251.55,0
12397,36,2,2409.9,1204.95,0
12398,46,1,1635.6599999999999,1635.66,0
12399,119,4,1108.65,277.16,1
12401,303,1,84.3,84.3,1
12402,323,1,225.6,225.6,1
12403,50,1,427.7,427.7,0
12405,149,1,1710.39,1710.39,1
12406,22,2,3415.3,1707.65,0
12407,50,5,1708.1200000000001,341.62,0
12408,33,5,2888.55,577.71,0
12409,79,3,11072.67,3690.89,0
12410,309,2,693.3299999999999,346.66,1
12412,75,3,1226.88,408.96,0
12413,67,3,758.1,252.7,0
12414,217,3,562.41,187.47,1
12415,24,21,124914.53,5948.31,0
12417,3,9,3649.1,405.46,0
12418,113,1,668.58,668.58,1
12420,64,1,600.39,600.39,0
12421,16,4,807.04,201.76,0
12422,96,3,803.5600000000001,267.85,1
12423,1,8,1859.31,232.41,0
12424,163,2,1760.96,880.48,1
12425,78,1,777.2,777.2,0
12426,195,1,582.73,582.73,1
12427,22,3,825.8,275.27,0
12428,26,9,7956.46,884.05,0
12429,9,4,3750.4,937.6,0
12430,43,1,256.4,256.4,0
12431,36,15,6487.45,432.5,0
12432,43,5,5059.32,1011.86,0
12433,1,7,13375.87,1910.84,0
12434,85,2,806.14,403.07,0
12435,80,2,7829.89,3914.94,0
12436,100,1,509.01,509.01,1
12437,2,18,4951.41,275.08,0
12438,14,2,2906.85,1453.42,0
12441,367,1,173.55,173.55,1
12442,3,1,172.06,172.06,0
12444,21,5,5005.46,1001.09,0
12445,22,1,133.4,133.4,0
12446,58,1,1002.3100000000001,1002.31,0
12447,243,1,476.49,476.49,1
12448,44,1,449.45,449.45,0
12449,22,4,4067.29,1016.82,0
12450,156,2,197.88,98.94,1
12451,11,5,9035.52,1807.1,0
12452,17,2,430.57,215.28,0
12453,134,1,707.09,707.09,1
12454,56,1,3528.34,3528.34,0
12455,73,6,2466.86,411.14,0
12456,44,3,3181.04,1060.35,0
12457,66,7,2363.23,337.6,0
12458,71,2,947.4,473.7,0
12461,94,2,826.88,413.44,1
12462,19,2,1189.59,594.79,0
12463,53,4,1344.78,336.2,0
12464,10,8,1212.05,151.51,0
12465,17,2,742.1899999999999,371.1,0
12468,188,2,729.5400000000001,364.77,1
12471,2,30,19824.05,660.8,0
12472,32,7,6572.11,938.87,0
12473,29,5,3938.5499999999997,787.71,0
12474,17,18,7375.79,409.77,0
12475,54,1,723.38,723.38,0
12476,16,11,6816.42,619.67,0
12477,23,6,13219.74,2203.29,0
12478,4,1,680.99,680.99,0
12479,11,1,527.2,527.2,0
12480,28,4,3281.63,820.41,0
12481,23,10,5596.32,559.63,0
12483,17,8,2484.98,310.62,0
12484,33,6,4541.72,756.95,0
12488,10,3,1298.66,432.89,0
12489,336,1,334.93,334.93,1
12490,5,10,5417.93,541.79,0
12491,39,1,460.40000000000003,460.4,0
12492,63,2,263.21000000000004,131.61,0
12493,166,2,433.74,216.87,1
12494,16,7,1246.1000000000001,178.01,0
12497,82,1,1043.1,1043.1,0
12498,21,3,403.70000000000005,134.57,0
12500,23,11,4257.82,387.07,0
12501,337,1,2169.39,2169.39,1
12502,96,5,3723.87,744.77,1
12504,18,2,482.04999999999995,241.02,0
12506,233,1,73.5,73.5,1
12507,134,3,1304.81,434.94,1
12508,26,2,398.27,199.14,0
12509,284,1,176.5,176.5,1
12510,143,2,982.5699999999999,491.28,1
12512,66,2,138.03,69.02,0
12513,113,1,612.29,612.29,1
12514,267,1,1017.68,1017.68,1
12515,353,1,383.7,383.7,1
12516,78,2,1312.06,656.03,0
12517,28,5,2502.84,500.57,0
12518,1,5,2056.89,411.38,0
12519,64,1,340.84,340.84,0
12520,79,5,2634.26,526.85,0
12521,143,1,599.68,599.68,1
12522,39,2,192.72,96.36,0
12523,19,11,1789.77,162.71,0
12524,9,8,4485.72,560.72,0
12526,1,3,1316.66,438.89,0
12527,82,3,348.71000000000004,116.24,0
12528,9,6,1933.48,322.25,0
12530,60,4,1662.28,415.57,0
12531,15,1,125.22,125.22,0
12532,30,1,349.83000000000004,349.83,0
12534,131,1,1089.18,1089.18,1
12535,92,2,716.35,358.18,1
12536,43,3,12601.830000000002,4200.61,0
12538,29,1,363.95,363.95,0
12539,22,4,5568.35,1392.09,0
12540,20,17,13400.24,788.25,0
12541,30,3,981.18,327.06,0
12544,36,1,372.7,372.7,0
12545,75,2,1000.39,500.2,0
12546,47,2,1161.5,580.75,0
12547,198,2,207.79999999999998,103.9,1
12548,166,1,95.19999999999999,95.2,1
12550,79,1,964.83,964.83,0
12551,358,1,168.0,168.0,1
12552,39,2,437.82,218.91,0
12553,8,10,3692.28,369.23,0
12556,50,2,603.71,301.86,0
12557,16,5,11990.960000000001,2398.19,0
12558,8,1,269.96,269.96,0
12559,311,2,561.71,280.86,1
12560,5,3,2134.01,711.34,0
12561,303,1,238.85,238.85,1
12562,8,7,3781.7400000000002,540.25,0
12564,261,1,456.9,456.9,1
12565,289,1,145.92,145.92,1
12566,86,1,351.65,351.65,0
12567,23,10,9401.28,940.13,0
12569,2,32,4124.69,128.9,0
12571,40,2,519.61,259.8,0
12572,9,2,1020.42,510.21,0
12573,227,1,160.54000000000002,160.54,1
12574,316,1,218.45,218.45,1
12576,36,5,1315.83,263.17,0
12577,35,3,657.8,219.27,0
12578,21,2,2794.51,1397.26,0
12579,78,1,440.42,440.42,0
12580,247,1,415.7,415.7,1
12581,40,1,197.71,197.71,0
12582,239,2,511.36,255.68,1
12583,3,15,7281.38,485.43,0
12584,4,9,2338.15,259.79,0
12585,234,2,2040.1,1020.05,1
12586,17,1,196.94000000000003,196.94,0
12587,8,1,144.0,144.0,0
12588,39,1,214.89999999999998,214.9,0
12589,29,2,646.68,323.34,0
12590,211,2,9864.26,4932.13,1
12591,317,1,452.84999999999997,452.85,1
12592,92,2,437.6,218.8,1
12593,109,3,418.09999999999997,139.37,1
12594,38,10,3338.2200000000003,333.82,0
12596,51,2,618.27,309.14,0
12597,19,4,3811.22,952.8,0
12598,10,8,3023.08,377.88,0
12599,29,7,1032.58,147.51,0
12600,29,10,2599.04,259.9,0
12601,190,5,577.0600000000001,115.41,1
12602,59,1,153.12,153.12,0
12603,22,1,739.1999999999999,739.2,0
12604,79,2,254.18,127.09,0
12607,60,1,1579.51,1579.51,0
12609,78,3,1126.85,375.62,0
12610,23,5,2099.54,419.91,0
12611,52,1,1193.32,1193.32,0
12612,74,1,704.0400000000001,704.04,0
12613,57,5,3344.38,668.88,0
12614,278,1,315.6,315.6,1
12615,2,4,2291.19,572.8,0
12616,95,2,713.3,356.65,1
12617,29,1,355.53,355.53,0
12618,22,1,177.31,177.31,0
12619,16,9,3641.24,404.58,0
12620,15,3,1339.41,446.47,0
12621,2,20,13689.67,684.48,0
12622,232,1,180.1,180.1,1
12623,276,1,305.1,305.1,1
12624,106,2,641.13,320.56,1
12625,212,2,2683.82,1341.91,1
12626,23,9,6620.48,735.61,0
12627,11,7,4478.53,639.79,0
12628,4,3,786.46,262.15,0
12630,10,2,1270.88,635.44,0
12631,57,1,640.5,640.5,0
12633,59,4,2163.98,541.0,0
12635,90,2,1689.18,844.59,0
12637,67,8,6021.9,752.74,0
12638,33,1,671.69,671.69,0
12639,239,1,486.1,486.1,1
12640,24,3,1174.58,391.53,0
12641,115,1,185.9,185.9,1
12642,25,3,1013.26,337.75,0
12643,128,6,3344.64,557.44,1
12644,130,1,477.91,477.91,1
12645,34,4,1775.18,443.8,0
12646,5,2,1346.97,673.48,0
12647,22,12,3722.82,310.24,0
12648,155,1,318.05,318.05,1
12649,107,3,623.51,207.84,1
12650,3,1,314.44,314.44,0
12651,335,1,114.0,114.0,1
12652,331,1,919.98,919.98,1
12653,149,2,2209.85,1104.92,1
12654,11,5,601.98,120.4,0
12656,17,5,4051.17,810.23,0
12657,11,4,1643.18,410.8,0
12658,19,1,686.05,686.05,0
12659,30,1,91.68,91.68,0
12660,11,1,245.1,245.1,0
12662,1,11,3849.78,349.98,0
12664,8,9,4881.88,542.43,0
12665,325,1,63.0,63.0,1
12667,58,1,620.13,620.13,0
12668,12,4,3807.15,951.79,0
12669,151,3,2744.0299999999997,914.68,1
12670,10,5,2996.05,599.21,0
12672,330,1,225.89999999999998,225.9,1
12673,5,2,610.52,305.26,0
12674,39,4,1970.6,492.65,0
12676,25,6,1331.39,221.9,0
12678,42,12,17628.46,1469.04,0
12679,59,4,1113.02,278.26,0
12680,1,4,862.81,215.7,0
12681,15,22,13787.54,626.71,0
12682,4,31,12288.22,396.39,0
12683,4,15,8476.57,565.1,0
12684,8,7,2283.63,326.23,0
12685,28,6,2863.08,477.18,0
12686,372,1,89.14,89.14,1
12688,114,1,4873.8099999999995,4873.81,1
12689,26,2,1247.61,623.8,0
12690,206,1,389.01,389.01,1
12691,28,6,1035.8,172.63,0
12693,127,4,855.91,213.98,1
12694,70,2,869.67,434.84,0
12695,7,4,582.1,145.52,0
12697,29,3,957.59,319.2,0
12700,8,4,4939.99,1235.0,0
12701,80,2,797.71,398.86,0
12702,20,1,219.0,219.0,0
12703,71,1,283.55,283.55,0
12704,7,8,2340.84,292.6,0
12705,15,9,6868.29,763.14,0
12707,292,1,603.42,603.42,1
12708,30,10,2712.91,271.29,0
12709,15,15,9736.52,649.1,0
12710,97,3,1149.02,383.01,1
12712,29,13,4396.13,338.16,0
12713,1,1,848.55,848.55,0
12714,9,5,4708.86,941.77,0
12715,106,1,353.86,353.86,1
12716,4,2,1053.49,526.74,0
12717,151,2,1030.98,515.49,1
12718,71,1,238.25,238.25,0
12719,5,2,644.95,322.48,0
12720,3,25,5781.73,231.27,0
12721,32,6,2656.13,442.69,0
12722,85,4,997.63,249.41,0
12723,4,5,725.07,145.01,0
12724,5,4,1031.41,257.85,0
12725,371,1,427.8,427.8,1
12726,28,7,2609.1,372.73,0
12727,11,7,3980.7,568.67,0
12728,71,4,836.33,209.08,0
12729,114,1,453.01,453.01,1
12731,24,12,18895.91,1574.66,0
12732,180,1,236.26000000000002,236.26,1
12733,234,1,383.95,383.95,1
12734,353,1,110.39999999999999,110.4,1
12735,315,2,779.5699999999999,389.78,1
12736,333,1,234.0,234.0,1
12738,372,1,155.35,155.35,1
12739,78,2,1013.04,506.52,0
12740,64,1,427.6,427.6,0
12743,134,2,546.43,273.21,1
12744,52,7,21279.29,3039.9,0
12747,2,11,4196.01,381.46,0
12748,1,209,33719.73,161.34,0
12749,4,5,4090.88,818.18,0
12750,129,1,275.88,275.88,1
12752,81,1,4366.78,4366.78,0
12753,23,6,21429.39,3571.56,0
12754,236,3,3010.74,1003.58,1
12755,281,2,3811.95,1905.98,1
12756,87,1,112.07999999999998,112.08,0
12757,16,13,7857.1,604.39,0
12758,117,2,2791.59,1395.8,1
12759,52,3,1531.44,510.48,0
12762,8,2,1898.52,949.26,0
12763,138,2,494.08,247.04,1
12764,317,1,1693.88,1693.88,1
12766,4,7,6989.63,998.52,0
12769,239,1,1143.6,1143.6,1
12770,211,1,1351.45,1351.45,1
12772,60,1,892.47,892.47,0
12775,17,5,1386.04,277.21,0
12778,20,6,822.23,137.04,0
12779,38,8,3981.36,497.67,0
12781,64,2,826.74,413.37,0
12782,5,5,2330.92,466.18,0
12783,2,6,2225.91,370.98,0
12784,9,2,574.42,287.21,0
12785,364,1,311.95,311.95,1
12787,10,3,463.66,154.55,0
12789,65,1,91.85,91.85,0
12790,192,1,324.92,324.92,1
12791,374,1,192.60000000000002,192.6,1
12792,257,1,400.53999999999996,400.54,1
12793,335,2,545.48,272.74,1
12794,53,2,860.41,430.2,0
12795,19,1,430.48,430.48,0
12797,366,1,254.03,254.03,1
12798,10,3,6977.04,2325.68,0
12802,187,1,427.58,427.58,1
12808,37,3,483.65000000000003,161.22,0
12809,178,1,489.31,489.31,1
12811,261,3,514.85,171.62,1
12812,45,1,229.64000000000001,229.64,0
12814,102,1,125.92,125.92,1
12815,148,2,1063.46,531.73,1
12816,96,2,572.2,286.1,1
12817,281,1,166.04,166.04,1
12818,262,1,1542.08,1542.08,1
12820,3,4,942.34,235.58,0
12821,214,1,92.72,92.72,1
12822,71,2,948.88,474.44,0
12823,75,5,1759.5,351.9,0
12824,60,1,397.12,397.12,0
12826,3,7,1474.72,210.67,0
12827,6,3,430.15000000000003,143.38,0
12828,3,6,1018.71,169.78,0
12829,337,2,293.0,146.5,1
12830,38,6,6814.64,1135.77,0
12831,262,1,215.05,215.05,1
12832,32,2,383.03,191.52,0
12833,145,1,417.38,417.38,1
12834,283,1,312.38,312.38,1
12836,59,4,2612.86,653.22,0
12837,173,1,134.1,134.1,1
12838,34,2,683.13,341.56,0
12839,3,14,5591.42,399.39,0
12840,144,4,2726.77,681.69,1
12841,5,25,4022.35,160.89,0
12842,70,2,1118.99,559.5,0
12843,66,8,1702.26,212.78,0
12844,29,2,325.96000000000004,162.98,0
12845,267,4,354.09,88.52,1
12847,22,1,871.54,871.54,0
12849,31,2,1050.8899999999999,525.44,0
12851,97,1,135.18,135.18,1
12852,295,1,311.55,311.55,1
12853,135,6,1957.1000000000001,326.18,1
12854,79,3,1324.5,441.5,0
12855,373,1,38.1,38.1,1
12856,8,6,2179.93,363.32,0
12857,211,2,1106.4,553.2,1
12863,52,1,521.2,521.2,0
12864,138,1,147.12,147.12,1
12865,26,2,1568.23,784.12,0
12866,283,1,559.12,559.12,1
12867,26,7,4036.82,576.69,0
12868,186,6,1607.0600000000002,267.84,1
12871,84,2,380.64,190.32,0
12872,327,2,599.97,299.98,1
12873,282,1,374.0,374.0,1
12875,143,2,343.2300000000001,171.62,1
12876,58,2,2218.02,1109.01,0
12877,4,12,1535.77,127.98,0
12878,236,2,854.99,427.5,1
12879,45,3,573.22,191.07,0
12881,276,1,298.0,298.0,1
12882,9,2,1463.04,731.52,0
12883,25,4,703.47,175.87,0
12884,88,1,309.05,309.05,0
12885,63,3,1175.22,391.74,0
12886,68,2,1378.4,689.2,0
12888,214,2,354.12,177.06,1
12890,24,1,380.46999999999997,380.47,0
12891,186,3,331.0,110.33,1
12893,31,1,188.14,188.14,0
12895,42,2,372.8,186.4,0
12897,205,2,216.5,108.25,1
12901,9,28,17654.54,630.52,0
12902,265,1,138.68,138.68,1
12904,18,2,509.58,254.79,0
12906,12,5,2919.81,583.96,0
12908,176,2,750.0,375.0,1
12909,40,5,2178.67,435.73,0
12910,23,8,3075.04,384.38,0
12912,3,5,1662.3,332.46,0
12913,5,5,2483.63,496.73,0
12915,149,2,363.65,181.82,1
12916,139,4,3006.15,751.54,1
12917,128,1,594.0,594.0,1
12919,8,6,1335.19,222.53,0
12920,17,1,164.23,164.23,0
12921,9,37,16587.09,448.3,0
12922,161,1,405.38,405.38,1
12923,64,1,176.97,176.97,0
12924,88,4,933.7,233.42,0
12925,5,2,694.05,347.02,0
12928,35,5,2062.7000000000003,412.54,0
12929,312,1,117.85,117.85,1
12930,78,2,415.8,207.9,0
12931,22,15,42055.96,2803.73,0
12933,24,3,607.53,202.51,0
12935,2,7,2160.7,308.67,0
12936,17,4,1063.9,265.98,0
12937,15,4,1504.27,376.07,0
12938,26,1,114.14,114.14,0
12939,64,8,11581.8,1447.72,0
12940,55,2,913.54,456.77,0
12942,131,3,683.9,227.97,1
12944,36,2,604.51,302.26,0
12945,288,1,462.95,462.95,1
12947,144,6,1603.99,267.33,1
12948,16,7,2064.95,294.99,0
12949,31,8,4167.22,520.9,0
12950,2,3,1843.0,614.33,0
12951,9,6,1064.07,177.34,0
12952,6,4,1387.79,346.95,0
12953,10,1,329.85,329.85,0
12955,1,11,4757.16,432.47,0
12956,306,1,108.07,108.07,1
12957,10,8,4017.54,502.19,0
12962,7,2,266.39,133.2,0
12963,8,8,1856.63,232.08,0
12965,89,1,771.91,771.91,0
12966,10,1,160.18,160.18,0
12967,358,2,1660.9,830.45,1
12968,112,1,135.95,135.95,1
12970,7,4,452.24,113.06,0
12971,4,86,11189.91,130.12,0
12974,198,1,144.8,144.8,1
12976,212,1,738.6,738.6,1
12977,156,1,39.239999999999995,39.24,1
12980,158,9,7374.900000000001,819.43,1
12981,30,2,372.21999999999997,186.11,0
12982,243,1,390.54,390.54,1
12984,19,1,97.5,97.5,0
12985,1,2,1239.38,619.69,0
12987,74,2,558.7,279.35,0
12988,292,1,535.32,535.32,1
12989,3,15,6924.110000000001,461.61,0
12990,31,3,409.5,136.5,0
12991,23,2,503.76,251.88,0
12993,23,4,414.76,103.69,0
12994,4,3,974.4200000000001,324.81,0
12995,85,1,211.32,211.32,0
12997,22,4,1226.89,306.72,0
12999,196,3,455.88,151.96,1
13000,107,3,534.85,178.28,1
13001,4,13,9818.82,755.29,0
13002,318,1,120.94999999999999,120.95,1
13003,106,3,149.05,49.68,1
13004,12,18,5655.91,314.22,0
13005,174,2,513.7,256.85,1
13006,56,1,81.57,81.57,0
13008,323,1,229.46999999999997,229.47,1
13011,372,1,50.550000000000004,50.55,1
13012,9,8,1661.8400000000001,207.73,0
13013,1,13,4810.9400000000005,370.07,0
13014,11,10,3466.2799999999997,346.63,0
13015,53,5,3346.28,669.26,0
13016,73,3,789.89,263.3,0
13017,7,1,204.0,204.0,0
13018,16,28,7277.7,259.92,0
13021,4,9,2616.38,290.71,0
13023,64,2,689.9,344.95,0
13026,1,5,975.36,195.07,0
13027,114,6,6912.0,1152.0,1
13028,23,2,661.3199999999999,330.66,0
13029,31,3,1247.5,415.83,0
13030,11,2,799.48,399.74,0
13032,52,2,1010.18,505.09,0
13033,357,1,190.55,190.55,1
13034,55,2,642.77,321.38,0
13035,74,2,921.88,460.94,0
13037,138,3,881.07,293.69,1
13038,80,3,908.46,302.82,0
13040,9,2,676.99,338.5,0
13043,273,1,516.42,516.42,1
13044,291,1,560.47,560.47,1
13045,99,1,305.28000000000003,305.28,1
13046,31,2,629.31,314.65,0
13047,32,10,3237.54,323.75,0
13048,14,4,1835.91,458.98,0
13049,64,2,656.6800000000001,328.34,0
13050,15,17,5836.86,343.34,0
13052,212,1,348.15000000000003,348.15,1
13055,78,3,1214.41,404.8,0
13058,25,3,271.40000000000003,90.47,0
13059,250,1,183.4,183.4,1
13060,254,1,307.53,307.53,1
13061,72,1,248.61,248.61,0
13062,191,1,346.98,346.98,1
13064,13,4,1119.49,279.87,0
13065,373,1,205.86,205.86,1
13066,24,2,470.8,235.4,0
13067,82,1,115.46000000000001,115.46,0
13068,10,2,344.0,172.0,0
13069,1,24,4436.12,184.84,0
13070,192,1,228.8,228.8,1
13072,267,1,177.15,177.15,1
13075,130,1,919.61,919.61,1
13077,1,4,729.27,182.32,0
13078,3,26,12627.94,485.69,0
13079,4,5,220.10000000000002,44.02,0
13080,179,1,58.08,58.08,1
13081,12,11,28337.38,2576.13,0
13082,126,9,3613.63,401.51,1
13083,4,2,303.75,151.88,0
13085,158,2,416.08000000000004,208.04,1
13089,3,97,58825.83,606.45,0
13090,9,14,8910.82,636.49,0
13091,28,1,345.82,345.82,0
13092,71,5,477.83,95.57,0
13093,276,8,7832.47,979.06,1
13094,21,12,1927.3200000000002,160.61,0
13095,71,1,74.39999999999999,74.4,0
13097,33,10,6010.42,601.04,0
13098,1,28,28882.44,1031.52,0
13099,99,1,207.35999999999999,207.36,1
13101,234,1,101.19,101.19,1
13102,1,24,6424.09,267.67,0
13103,40,1,243.94,243.94,0
13104,3,6,1098.48,183.08,0
13106,133,1,76.5,76.5,1
13107,44,4,1531.6200000000001,382.9,0
13108,373,1,350.06,350.06,1
13109,60,2,786.54,393.27,0
13110,31,7,1488.67,212.67,0
13113,1,24,12245.960000000001,510.25,0
13115,12,4,2294.78,573.7,0
13116,138,1,501.14,501.14,1
13117,22,8,984.91,123.11,0
13118,20,5,1197.81,239.56,0
13120,239,1,30.599999999999998,30.6,1
13121,269,1,283.73,283.73,1
13122,94,2,922.39,461.2,1
13124,90,3,3866.33,1288.78,0
13126,5,8,2099.64,262.46,0
13127,78,1,259.17,259.17,0
13130,94,1,64.0,64.0,1
13131,23,3,1073.3,357.77,0
13132,262,1,77.3,77.3,1
13133,274,2,109.8,54.9,1
13134,86,4,1793.58,448.4,0
13135,197,1,3096.0,3096.0,1
13136,56,5,2607.61,521.52,0
13137,11,8,3650.41,456.3,0
13138,22,6,962.39,160.4,0
13139,16,7,5064.94,723.56,0
13140,108,3,423.72,141.24,1
13141,85,5,2388.75,477.75,0
13142,19,1,307.09,307.09,0
13144,333,1,110.95,110.95,1
13145,40,4,618.52,154.63,0
13146,26,1,228.91,228.91,0
13147,10,4,712.8000000000001,178.2,0
13148,29,12,3707.12,308.93,0
13149,14,4,1676.06,419.02,0
13151,296,1,1257.8700000000001,1257.87,1
13153,6,1,486.22,486.22,0
13155,33,4,971.76,242.94,0
13157,49,4,1741.22,435.3,0
13158,95,4,1201.06,300.26,1
13159,9,4,1437.85,359.46,0
13160,22,1,91.8,91.8,0
13161,313,1,112.75,112.75,1
13162,122,4,1688.29,422.07,1
13165,46,2,1021.48,510.74,0
13166,283,1,417.2,417.2,1
13167,19,4,791.33,197.83,0
13168,36,4,1319.19,329.8,0
13169,64,2,712.88,356.44,0
13170,27,1,116.00999999999999,116.01,0
13171,22,3,468.41,156.14,0
13173,4,2,353.65,176.82,0
13174,16,3,2817.03,939.01,0
13176,46,1,492.84,492.84,0
13177,65,1,282.45,282.45,0
13178,26,11,5725.47,520.5,0
13182,45,1,121.18,121.18,0
13183,8,9,3957.78,439.75,0
13184,15,10,1701.29,170.13,0
13185,268,1,71.4,71.4,1
13186,40,3,1575.89,525.3,0
13187,337,1,236.02,236.02,1
13188,11,1,114.60000000000001,114.6,0
13189,19,2,260.68,130.34,0
13192,95,2,911.94,455.97,1
13193,61,1,117.88,117.88,0
13194,136,1,60.7,60.7,1
13196,11,4,1797.78,449.44,0
13198,10,6,3401.2400000000002,566.87,0
13199,4,38,9817.12,258.35,0
13200,19,4,870.09,217.52,0
13203,10,4,869.46,217.36,0
13207,15,2,250.26000000000002,125.13,0
13208,59,6,1223.9,203.98,0
13209,30,8,5891.61,736.45,0
13210,94,1,353.48,353.48,1
13211,10,3,1197.42,399.14,0
13212,20,3,788.08,262.69,0
13213,57,5,1520.58,304.12,0
13216,268,1,333.74,333.74,1
13217,122,3,533.98,177.99,1
13218,127,1,62.63999999999999,62.64,1
13220,78,4,819.2900000000001,204.82,0
13221,240,2,847.41,423.7,1
13223,200,2,163.20000000000002,81.6,1
13224,60,2,2155.95,1077.97,0
13225,3,7,6463.84,923.41,0
13226,273,1,108.21000000000001,108.21,1
13227,202,1,257.7,257.7,1
13228,81,1,358.0,358.0,0
13229,226,1,160.95,160.95,1
13230,4,14,2806.97,200.5,0
13232,13,7,1357.6,193.94,0
13233,74,2,605.12,302.56,0
13235,212,1,1031.07,1031.07,1
13236,25,2,744.85,372.42,0
13238,17,4,700.73,175.18,0
13239,262,1,329.56,329.56,1
13240,96,4,663.65,165.91,1
13242,112,3,270.40000000000003,90.13,1
13243,203,1,600.07,600.07,1
13244,93,1,121.74000000000001,121.74,1
13245,51,1,430.5,430.5,0
13246,18,6,1987.3,331.22,0
13247,18,4,501.12,125.28,0
13248,125,2,465.68,232.84,1
13249,92,3,711.41,237.14,1
13253,157,2,1030.4,515.2,1
13255,9,2,399.51,199.76,0
13258,12,3,698.58,232.86,0
13259,62,1,292.32,292.32,0
13260,61,1,557.62,557.62,0
13261,269,2,944.1,472.05,1
13262,263,1,200.29,200.29,1
13263,1,35,7454.07,212.97,0
13265,53,5,2107.66,421.53,0
13266,11,12,3834.2599999999998,319.52,0
13267,3,19,4521.49,237.97,0
13268,18,11,3214.69,292.24,0
13269,1,15,5346.2300000000005,356.42,0
13270,366,1,590.0,590.0,1
13271,37,1,217.38,217.38,0
13272,31,2,276.56,138.28,0
13273,113,1,138.98,138.98,1
13276,64,2,590.9300000000001,295.47,0
13277,16,4,258.4,64.6,0
13278,41,1,542.73,542.73,0
13279,78,1,137.75,137.75,0
13280,122,3,814.86,271.62,1
13282,18,3,1132.14,377.38,0
13283,60,2,93.66,46.83,0
13284,331,1,201.19,201.19,1
13285,23,4,2709.12,677.28,0
13291,156,1,361.11,361.11,1
13292,39,2,578.9399999999999,289.47,0
13294,190,2,873.74,436.87,1
13295,360,1,201.20000000000002,201.2,1
13296,137,1,87.4,87.4,1
13297,8,4,2089.85,522.46,0
13298,1,1,360.0,360.0,0
13299,268,1,142.5,142.5,1
13300,169,1,371.89,371.89,1
13301,104,4,618.09,154.52,1
13302,155,1,63.75,63.75,1
13304,351,1,300.42,300.42,1
13305,4,10,2000.86,200.09,0
13307,120,1,15.0,15.0,1
13308,23,3,1385.51,461.84,0
13309,7,5,1456.79,291.36,0
13310,28,3,1132.03,377.34,0
13311,4,2,598.57,299.29,0
13313,22,5,1555.32,311.06,0
13314,2,3,775.94,258.65,0
13316,37,4,5977.7300000000005,1494.43,0
13317,66,6,2273.68,378.95,0
13318,1,3,640.76,213.59,0
13319,5,26,10845.550000000001,417.14,0
13320,78,4,1548.7,387.18,0
13321,72,2,567.36,283.68,0
13322,17,1,199.48000000000002,199.48,0
13323,3,5,787.85,157.57,0
13324,36,10,7121.95,712.2,0
13325,82,1,675.3,675.3,0
13327,39,8,3627.77,453.47,0
13328,316,1,1308.48,1308.48,1
13329,32,2,789.0,394.5,0
13330,93,3,1140.93,380.31,1
13332,14,1,350.9,350.9,0
13334,82,3,3536.82,1178.94,0
13336,77,1,795.12,795.12,0
13338,158,1,487.02,487.02,1
13339,201,1,860.12,860.12,1
13340,45,7,10736.48,1533.78,0
13341,261,1,775.85,775.85,1
13343,178,1,353.43,353.43,1
13344,68,3,2543.72,847.91,0
13345,288,1,389.5,389.5,1
13347,70,1,341.36,341.36,0
13348,64,1,233.76,233.76,0
13349,11,1,247.32,247.32,0
13350,16,2,979.12,489.56,0
13351,66,1,373.94,373.94,0
13352,60,1,397.97999999999996,397.98,0
13354,71,1,743.53,743.53,0
13355,122,1,674.7,674.7,1
13356,80,1,768.24,768.24,0
13357,257,1,609.95,609.95,1
13358,269,1,439.03,439.03,1
13359,64,1,439.56,439.56,0
13362,9,4,3090.7400000000002,772.68,0
13363,18,2,992.5,496.25,0
13364,71,1,134.95999999999998,134.96,0
13365,34,2,2225.37,1112.68,0
13366,50,1,56.160000000000004,56.16,0
13368,257,2,623.4,311.7,1
13369,366,1,308.28000000000003,308.28,1
13370,372,1,754.87,754.87,1
13372,90,1,378.64,378.64,0
13373,61,3,3312.25,1104.08,0
13375,89,1,778.65,778.65,0
13376,99,3,1019.76,339.92,1
13379,26,3,572.56,190.85,0
13381,32,6,3639.31,606.55,0
13382,281,1,222.99,222.99,1
13384,31,7,4151.93,593.13,0
13385,330,1,534.57,534.57,1
13388,131,2,677.1,338.55,1
13389,11,3,797.96,265.99,0
13390,75,1,544.08,544.08,0
13391,204,1,59.8,59.8,1
13394,2,8,2520.02,315.0,0
13395,185,1,307.72,307.72,1
13396,29,2,1360.99,680.5,0
13397,73,5,1544.13,308.83,0
13398,192,1,457.34,457.34,1
13402,127,2,621.23,310.62,1
13403,18,1,75.0,75.0,0
13404,1,2,252.49,126.24,0
13405,74,3,572.451,190.82,0
13408,2,62,28117.04,453.5,0
13410,24,5,1003.06,200.61,0
13411,107,1,213.55,213.55,1
13414,134,3,1390.5,463.5,1
13416,44,2,712.5,356.25,0
13417,5,2,640.83,320.42,0
13418,12,18,6127.43,340.41,0
13419,64,1,221.06,221.06,0
13420,150,2,159.85,79.92,1
13421,40,2,1851.08,925.54,0
13422,64,1,2626.3,2626.3,0
13425,108,3,1624.21,541.4,1
13426,1,10,3641.32,364.13,0
13427,19,3,582.6,194.2,0
13428,10,1,218.47,218.47,0
13429,11,4,1006.8,251.7,0
13430,19,2,679.45,339.72,0
13431,67,2,1269.1,634.55,0
13434,74,2,534.24,267.12,0
13435,5,7,3809.8900000000003,544.27,0
13436,2,1,196.89,196.89,0
13437,14,7,3408.06,486.87,0
13439,255,1,283.71,283.71,1
13441,92,1,296.64,296.64,1
13447,23,3,1129.14,376.38,0
13448,17,6,3539.37,589.9,0
13449,24,1,291.88,291.88,0
13450,27,6,2043.7199999999998,340.62,0
13451,26,5,2976.15,595.23,0
13452,259,2,590.0,295.0,1
13453,166,2,356.97999999999996,178.49,1
13455,25,2,1058.34,529.17,0
13456,18,6,1766.72,294.45,0
13458,7,14,9646.57,689.04,0
13460,29,2,183.44,91.72,0
13461,39,3,1445.0,481.67,0
13462,253,1,151.5,151.5,1
13464,58,1,674.68,674.68,0
13466,184,1,307.9,307.9,1
13467,11,2,1083.71,541.86,0
13468,2,37,5704.97,154.19,0
13470,99,2,165.0,82.5,1
13471,1,4,2531.58,632.9,0
13473,61,2,422.64,211.32,0
13474,236,1,229.59,229.59,1
13475,191,4,1431.78,357.94,1
13476,179,2,1238.47,619.24,1
13477,38,6,1454.58,242.43,0
13479,201,2,300.95,150.48,1
13481,46,5,1804.56,360.91,0
13482,232,1,184.64,184.64,1
13483,66,1,140.34,140.34,0
13484,241,1,313.8,313.8,1
13485,233,1,454.24,454.24,1
13486,78,3,1122.41,374.14,0
13487,58,3,575.4,191.8,0
13488,17,13,8968.31,689.87,0
13489,105,4,449.52,112.38,1
13491,52,10,1215.82,121.58,0
13492,136,3,1269.84,423.28,1
13493,275,2,618.63,309.32,1
13494,312,1,316.26000000000005,316.26,1
13495,8,5,2044.8700000000001,408.97,0
13496,11,2,653.33,326.67,0
13497,283,2,348.05,174.02,1
13499,18,5,1159.11,231.82,0
13500,23,3,1166.77,388.92,0
13501,288,1,1340.32,1340.32,1
13502,17,3,292.0,97.33,0
13503,71,1,216.85,216.85,0
13504,64,1,295.93,295.93,0
13505,73,4,4393.63,1098.41,0
13506,316,2,458.52,229.26,1
13507,3,4,2479.16,619.79,0
13508,244,1,110.97,110.97,1
13509,9,7,979.72,139.96,0
13510,1,4,1791.56,447.89,0
13512,261,1,251.21,251.21,1
13513,127,1,205.1,205.1,1
13514,74,1,152.20000000000002,152.2,0
13515,73,4,891.12,222.78,0
13516,21,3,1389.41,463.14,0
13517,60,3,2128.42,709.47,0
13518,86,1,659.4399999999999,659.44,0
13519,78,1,122.75,122.75,0
13520,59,6,3624.35,604.06,0
13521,1,3,1093.65,364.55,0
13522,30,1,125.80000000000001,125.8,0
13523,33,5,3964.88,792.98,0
13524,41,5,680.1800000000001,136.04,0
13525,15,2,628.78,314.39,0
13527,34,7,2287.51,326.79,0
13529,79,2,307.76,153.88,0
13531,205,2,483.8,241.9,1
13532,34,1,210.31,210.31,0
13533,183,3,270.79,90.26,1
13534,2,25,5870.08,234.8,0
13536,1,7,3448.29,492.61,0
13538,43,7,1280.85,182.98,0
13539,86,3,631.34,210.45,0
13544,40,2,291.41,145.71,0
13546,12,3,626.99,209.0,0
13548,96,2,682.41,341.2,1
13549,26,7,918.2,131.17,0
13551,319,1,91.80000000000001,91.8,1
13552,66,12,3740.07,311.67,0
13555,74,4,4149.28,1037.32,0
13557,28,2,584.06,292.03,0
13558,6,4,605.06,151.26,0
13560,7,1,174.37,174.37,0
13561,216,1,141.85999999999999,141.86,1
13562,82,3,1799.33,599.78,0
13563,84,2,777.53,388.76,0
13564,144,3,1749.02,583.01,1
13565,19,2,240.22,120.11,0
13566,41,2,874.71,437.36,0
13568,173,1,192.85,192.85,1
13569,17,2,373.75,186.88,0
13570,243,1,239.49,239.49,1
13571,13,12,2092.32,174.36,0
13572,206,1,1384.25,1384.25,1
13573,50,2,294.4,147.2,0
13575,23,5,732.0699999999999,146.41,0
13576,10,18,6717.34,373.19,0
13577,25,4,1687.6000000000001,421.9,0
13579,15,2,467.04,233.52,0
13581,309,1,118.0,118.0,1
13583,156,1,781.03,781.03,1
13584,307,1,142.4,142.4,1
13587,64,1,712.4,712.4,0
13588,16,9,2478.95,275.44,0
13589,15,2,379.65,189.82,0
13590,11,6,1981.92,330.32,0
13591,65,3,1117.13,372.38,0
13592,36,4,247.95999999999998,61.99,0
13593,108,5,2037.0800000000002,407.42,1
13594,53,1,396.97,396.97,0
13596,6,2,697.04,348.52,0
13598,47,1,180.17000000000002,180.17,0
13599,1,21,5153.67,245.41,0
13600,312,1,219.52,219.52,1
13601,45,2,693.32,346.66,0
13602,65,1,428.89,428.89,0
13603,26,1,164.34,164.34,0
13606,29,3,280.53999999999996,93.51,0
13607,40,1,678.01,678.01,0
13610,12,7,1131.88,161.7,0
13611,89,3,1171.8,390.6,0
13614,24,4,1610.46,402.62,0
13615,319,1,417.69,417.69,1
13617,40,3,544.18,181.39,0
13618,174,1,177.34,177.34,1
13621,117,1,213.85,213.85,1
13623,31,5,747.78,149.56,0
13626,253,1,257.23,257.23,1
13627,59,5,1638.47,327.69,0
13629,23,11,7792.36,708.4,0
13630,5,7,2031.78,290.25,0
13631,100,11,3070.42,279.13,1
13632,25,5,2121.27,424.25,0
13634,33,5,1575.16,315.03,0
13635,68,1,1071.03,1071.03,0
13636,37,5,949.12,189.82,0
13637,52,3,810.5,270.17,0
13638,16,1,122.64,122.64,0
13639,74,1,1033.34,1033.34,0
13642,216,1,354.8,354.8,1
13643,31,3,519.44,173.15,0
13644,16,4,2624.26,656.06,0
13645,120,1,252.1,252.1,1
13647,10,4,1678.1200000000001,419.53,0
13649,257,2,346.6,173.3,1
13650,17,6,1836.34,306.06,0
13651,35,2,94.2,47.1,0
13652,46,3,1095.08,365.03,0
13654,43,6,2707.33,451.22,0
13655,114,2,932.97,466.48,1
13656,165,2,379.65,189.82,1
13657,11,2,382.14,191.07,0
13658,10,5,2639.17,527.83,0
13659,206,2,1573.2,786.6,1
13662,86,3,897.76,299.25,0
13663,179,1,189.47,189.47,1
13666,60,3,84.65,28.22,0
13667,149,1,305.02,305.02,1
13668,3,21,6363.59,303.03,0
13669,51,2,218.55,109.28,0
13670,75,1,349.7,349.7,0
13672,301,2,186.39000000000001,93.2,1
13673,19,2,396.92,198.46,0
13675,151,2,486.82000000000005,243.41,1
13678,152,1,232.6,232.6,1
13680,1,4,3722.42,930.6,0
13681,18,4,827.83,206.96,0
13682,187,1,59.5,59.5,1
13684,286,1,67.23,67.23,1
13685,3,7,3119.44,445.63,0
13686,183,1,72.0,72.0,1
13689,63,1,910.0,910.0,0
13690,59,1,172.25,172.25,0
13692,25,3,1488.32,496.11,0
13694,4,50,65039.62,1300.79,0
13695,31,15,2504.13,166.94,0
13697,39,1,151.29999999999998,151.3,0
13699,155,1,308.58000000000004,308.58,1
13700,26,10,2265.12,226.51,0
13703,318,1,99.5,99.5,1
13704,5,9,2308.06,256.45,0
13705,8,3,711.86,237.29,0
13706,303,1,330.79,330.79,1
13707,267,2,806.41,403.2,1
13708,271,1,296.88,296.88,1
13709,4,13,6328.05,486.77,0
13710,32,1,180.48,180.48,0
13711,219,2,252.06,126.03,1
13712,247,1,228.84,228.84,1
13715,281,5,1079.34,215.87,1
13716,269,1,138.28,138.28,1
13717,32,6,1445.01,240.84,0
13718,246,2,306.55,153.28,1
13719,15,5,1041.68,208.34,0
13720,117,4,799.9,199.98,1
13721,36,1,524.14,524.14,0
13722,132,3,2375.41,791.8,1
13723,217,1,199.85000000000002,199.85,1
13725,50,8,1980.56,247.57,0
13726,39,2,1079.6599999999999,539.83,0
13727,29,2,333.48,166.74,0
13728,37,6,1016.14,169.36,0
13730,136,2,752.6,376.3,1
13731,219,2,610.59,305.3,1
13732,28,1,491.86,491.86,0
13735,25,4,2885.2400000000002,721.31,0
13736,5,2,731.9,365.95,0
13737,200,1,339.59999999999997,339.6,1
13739,18,1,216.9,216.9,0
13740,241,1,350.75,350.75,1
13741,72,3,668.4300000000001,222.81,0
13742,17,12,3131.02,260.92,0
13743,3,7,1341.6,191.66,0
13744,95,2,1156.36,578.18,1
13745,162,1,300.04,300.04,1
13747,374,1,79.6,79.6,1
13748,96,5,948.25,189.65,1
13750,54,5,1647.26,329.45,0
13751,288,1,296.25,296.25,1
13752,124,6,1186.28,197.71,1
13753,288,1,741.26,741.26,1
13754,152,2,282.59999999999997,141.3,1
13755,4,9,2161.35,240.15,0
13756,2,14,5189.52,370.68,0
13758,12,7,3190.55,455.79,0
13759,33,2,659.4100000000001,329.71,0
13760,54,2,286.79,143.4,0
13761,50,2,1070.65,535.33,0
13762,219,1,306.72,306.72,1
13763,63,1,1714.96,1714.96,0
13764,71,3,1521.76,507.25,0
13767,2,37,17220.36,465.42,0
13769,2,10,2796.51,279.65,0
13771,64,4,2634.45,658.61,0
13772,34,3,1132.13,377.38,0
13774,82,1,345.0,345.0,0
13777,1,33,25977.16,787.19,0
13778,103,1,178.7,178.7,1
13780,7,2,360.01,180.0,0
13781,251,1,127.84,127.84,1
13782,13,6,912.0,152.0,0
13784,10,11,2462.79,223.89,0
13786,367,1,230.39999999999998,230.4,1
13787,76,2,309.04,154.52,0
13790,4,1,348.8,348.8,0
13791,128,2,1516.0,758.0,1
13792,66,2,195.55,97.78,0
13798,1,57,37153.85,651.82,0
13799,117,2,688.86,344.43,1
13800,310,1,558.32,558.32,1
13801,67,1,324.8,324.8,0
13802,139,3,4599.42,1533.14,1
13803,255,1,277.07,277.07,1
13804,31,7,2635.79,376.54,0
13805,52,2,924.6,462.3,0
13806,64,1,256.38,256.38,0
13807,367,1,112.6,112.6,1
13808,6,5,1747.66,349.53,0
13809,305,1,155.05,155.05,1
13810,29,3,1499.01,499.67,0
13811,184,3,814.5,271.5,1
13812,42,3,539.0,179.67,0
13813,40,4,1366.8600000000001,341.72,0
13814,92,2,1579.12,789.56,1
13815,22,4,4027.36,1006.84,0
13816,24,2,571.6700000000001,285.84,0
13817,29,2,382.98,191.49,0
13819,302,3,1140.35,380.12,1
13821,145,2,385.64,192.82,1
13822,6,2,632.0,316.0,0
13823,19,2,957.66,478.83,0
13824,33,5,1698.94,339.79,0
13826,176,1,189.5,189.5,1
13827,58,3,412.05,137.35,0
13828,22,1,209.49,209.49,0
13831,16,6,2202.99,367.16,0
13832,19,1,52.199999999999996,52.2,0
13833,159,1,384.8,384.8,1
13835,25,4,834.57,208.64,0
13837,212,2,271.24,135.62,1
13838,6,4,691.73,172.93,0
13841,253,1,85.0,85.0,1
13842,59,9,3385.62,376.18,0
13844,11,1,361.62,361.62,0
13845,65,1,312.98,312.98,0
13846,25,3,865.0600000000001,288.35,0
13848,92,3,1255.0,418.33,1
13849,52,2,1537.95,768.98,0
13850,129,1,1595.48,1595.48,1
13851,96,3,2651.46,883.82,1
13853,57,1,1090.14,1090.14,0
13854,9,25,8109.5199999999995,324.38,0
13856,169,3,388.5,129.5,1
13858,57,1,216.17,216.17,0
13859,326,1,201.16,201.16,1
13860,1,5,1245.9,249.18,0
13862,18,8,2209.36,276.17,0
13863,248,1,305.78,305.78,1
13865,58,4,501.56,125.39,0
13866,74,1,145.67000000000002,145.67,0
13867,31,3,1015.29,338.43,0
13868,7,2,3192.54,1596.27,0
13869,123,4,3104.95,776.24,1
13870,2,8,2770.94,346.37,0
13871,23,13,6403.25,492.56,0
13873,120,3,389.6,129.87,1
13874,358,1,540.45,540.45,1
13875,54,5,1786.79,357.36,0
13876,64,1,122.7,122.7,0
13877,86,1,117.24,117.24,0
13878,55,1,1281.53,1281.53,0
13880,21,13,3219.77,247.67,0
13881,4,20,17159.52,857.98,0
13882,3,5,1191.13,238.23,0
13883,11,5,2674.48,534.9,0
13884,7,5,787.6,157.52,0
13885,189,2,506.8,253.4,1
13886,71,1,243.56,243.56,0
13887,204,1,349.55,349.55,1
13888,120,2,605.63,302.82,1
13889,93,1,416.90000000000003,416.9,1
13890,1,10,1883.8100000000002,188.38,0
13892,27,4,632.97,158.24,0
13893,298,1,821.1,821.1,1
13894,24,3,564.62,188.21,0
13895,28,4,2593.07,648.27,0
13897,50,1,311.16,311.16,0
13898,326,1,155.93,155.93,1
13899,16,2,388.52,194.26,0
13900,183,3,740.95,246.98,1
13901,72,5,2867.2,573.44,0
13904,37,2,332.64,166.32,0
13908,80,4,2369.55,592.39,0
13911,57,9,2580.91,286.77,0
13914,12,2,626.45,313.23,0
13917,50,2,272.04,136.02,0
13918,50,2,1212.8400000000001,606.42,0
13919,59,2,384.81,192.4,0
13922,352,1,172.25,172.25,1
13923,54,1,351.13,351.13,0
13924,2,6,1838.8500000000001,306.48,0
13925,93,4,678.25,169.56,1
13926,23,1,223.85000000000002,223.85,0
13927,75,1,348.99,348.99,0
13928,11,4,464.57,116.14,0
13929,169,2,842.65,421.32,1
13930,58,2,337.34,168.67,0
13931,96,2,1237.53,618.76,1
13932,295,1,307.4,307.4,1
13933,109,2,608.7900000000001,304.4,1
13934,264,1,922.1,922.1,1
13936,180,1,376.58,376.58,1
13937,169,1,158.85,158.85,1
13938,35,1,71.66,71.66,0
13939,23,3,568.55,189.52,0
13940,17,4,839.14,209.78,0
13941,22,5,5112.96,1022.59,0
13946,79,3,561.5699999999999,187.19,0
13947,65,1,90.6,90.6,0
13948,361,1,102.0,102.0,1
13949,3,6,2427.32,404.55,0
13950,11,4,745.06,186.26,0
13951,176,3,674.45,224.82,1
13952,218,2,3251.071,1625.54,1
13953,7,7,3515.68,502.24,0
13954,2,2,439.92,219.96,0
13955,154,2,322.96,161.48,1
13956,5,5,1026.42,205.28,0
13959,79,3,598.2,199.4,0
13960,21,2,230.22,115.11,0
13962,22,2,169.55,84.78,0
13963,308,4,664.54,166.14,1
13967,146,1,80.7,80.7,1
13969,7,18,9053.94,503.0,0
13971,19,8,2758.26,344.78,0
13972,71,2,190.25,95.12,0
13973,287,1,264.7,264.7,1
13974,49,1,413.59000000000003,413.59,0
13975,31,6,2526.28,421.05,0
13976,207,1,357.98,357.98,1
13978,15,2,196.79000000000002,98.4,0
13979,73,1,869.87,869.87,0
13980,60,1,200.14,200.14,0
13982,39,4,1871.81,467.95,0
13983,30,12,2603.43,216.95,0
13984,27,5,920.51,184.1,0
13985,4,15,7060.13,470.68,0
13986,17,1,320.46,320.46,0
13988,20,6,4147.96,691.33,0
13989,66,2,1266.08,633.04,0
13990,213,1,311.3,311.3,1
13991,12,6,855.97,142.66,0
13992,30,1,76.8,76.8,0
13993,43,9,3466.36,385.15,0
13994,4,6,2313.14,385.52,0
13995,15,5,1393.69,278.74,0
13999,10,12,3901.81,325.15,0
14000,211,1,635.66,635.66,1
14001,46,3,2043.0800000000002,681.03,0
14002,134,2,529.73,264.86,1
14004,43,7,4582.64,654.66,0
14005,10,5,2874.72,574.94,0
14006,116,3,962.19,320.73,1
14009,198,2,695.61,347.8,1
14012,278,1,328.8,328.8,1
14013,110,3,473.02,157.67,1
14014,77,1,505.18,505.18,0
14015,53,1,917.34,917.34,0
14016,162,4,4341.21,1085.3,1
14019,47,3,1421.61,473.87,0
14020,17,2,642.8,321.4,0
14021,155,3,631.9,210.63,1
14022,225,1,440.0,440.0,1
14023,7,2,584.07,292.04,0
14024,122,2,327.7,163.85,1
14027,61,1,104.82,104.82,0
14029,63,2,467.66,233.83,0
14030,18,8,2360.09,295.01,0
14031,7,19,17286.86,909.83,0
14032,2,11,2975.59,270.51,0
14034,22,3,651.8199999999999,217.27,0
14035,29,5,1428.02,285.6,0
14036,285,1,626.65,626.65,1
14037,176,2,147.20000000000002,73.6,1
14038,78,3,1560.38,520.13,0
14039,33,1,152.2,152.2,0
14040,41,12,3614.92,301.24,0
14041,266,1,141.41,141.41,1
14044,27,4,652.82,163.21,0
14045,109,4,1659.75,414.94,1
14046,284,1,154.99,154.99,1
14047,9,5,1308.6100000000001,261.72,0
14048,305,1,409.93,409.93,1
14049,17,4,5681.72,1420.43,0
14050,32,2,746.36,373.18,0
14051,1,23,15610.390000000001,678.71,0
14052,20,1,225.36,225.36,0
14053,124,2,260.25,130.12,1
14054,65,1,92.46,92.46,0
14055,106,1,725.6400000000001,725.64,1
14056,1,23,8214.65,357.16,0
14057,24,17,6217.96,365.76,0
14059,267,1,183.6,183.6,1
14060,5,19,6140.42,323.18,0
14062,10,12,10464.85,872.07,0
14064,29,5,1353.74,270.75,0
14066,267,1,152.55,152.55,1
14067,64,2,374.7,187.35,0
14068,320,1,265.85,265.85,1
14071,4,8,1438.82,179.85,0
14073,32,1,151.04,151.04,0
14075,5,3,942.26,314.09,0
14076,129,1,122.47,122.47,1
14077,41,5,499.41999999999996,99.88,0
14078,102,6,1049.37,174.9,1
14079,125,1,375.1,375.1,1
14080,33,1,45.599999999999994,45.6,0
14081,302,2,934.52,467.26,1
14082,365,1,182.25,182.25,1
14083,4,9,1018.43,113.16,0
14085,2,18,4448.54,247.14,0
14087,3,1,194.42,194.42,0
14088,10,13,50491.81,3883.99,0
14089,57,1,161.0,161.0,0
14090,325,1,76.32000000000001,76.32,1
14092,8,14,4076.91,291.21,0
14093,12,1,442.85,442.85,0
14096,4,17,65164.79,3833.22,0
14098,37,1,147.35,147.35,0
14099,16,11,3104.17,282.2,0
14100,138,1,194.9,194.9,1
14101,74,6,5976.79,996.13,0
14102,5,5,1360.28,272.06,0
14104,155,2,216.20999999999998,108.1,1
14105,239,1,1266.23,1266.23,1
14107,52,7,2703.23,386.18,0
14108,31,2,597.91,298.96,0
14109,73,1,144.2,144.2,0
14110,4,12,5683.15,473.6,0
14111,14,4,692.85,173.21,0
14112,23,7,2915.15,416.45,0
14113,4,4,1840.42,460.1,0
14114,274,2,386.53,193.26,1
14116,20,5,1382.74,276.55,0
14117,144,1,90.0,90.0,1
14121,4,4,2780.15,695.04,0
14124,84,1,419.58000000000004,419.58,0
14125,11,3,2740.43,913.48,0
14126,8,3,706.1300000000001,235.38,0
14127,123,3,709.71,236.57,1
14128,61,2,637.5,318.75,0
14129,2,5,1123.8600000000001,224.77,0
14130,319,1,483.86,483.86,1
14132,2,11,3586.0299999999997,326.0,0
14133,130,3,605.64,201.88,1
14135,2,15,4690.31,312.69,0
14138,2,2,982.3800000000001,491.19,0
14139,46,1,415.82,415.82,0
14140,4,2,935.05,467.52,0
14141,3,4,915.13,228.78,0
14142,373,1,311.81,311.81,1
14143,134,1,115.8,115.8,1
14145,47,4,3742.2,935.55,0
14146,9,5,4191.0,838.2,0
14147,78,2,483.4,241.7,0
14148,234,1,157.2,157.2,1
14149,221,1,446.62,446.62,1
14150,36,2,658.64,329.32,0
14152,75,2,621.29,310.64,0
14154,239,2,1345.62,672.81,1
14155,266,1,118.75,118.75,1
14156,10,55,117379.63,2134.18,0
14157,20,2,432.88,216.44,0
14158,40,1,507.66,507.66,0
14159,20,11,4693.01,426.64,0
14161,216,3,1110.52,370.17,1
14162,174,2,289.36,144.68,1
14163,87,4,2445.91,611.48,0
14164,71,2,1631.77,815.88,0
14165,276,1,122.53999999999999,122.54,1
14167,39,4,574.84,143.71,0
14171,98,1,363.79,363.79,1
14173,11,4,450.84,112.71,0
14174,33,1,134.46,134.46,0
14175,60,3,3222.3,1074.1,0
14176,297,4,576.9000000000001,144.23,1
14177,86,4,559.41,139.85,0
14178,9,7,1620.93,231.56,0
14179,41,2,719.78,359.89,0
14180,11,25,4748.52,189.94,0
14184,67,1,452.89,452.89,0
14185,331,1,197.65,197.65,1
14188,31,6,2054.36,342.39,0
14189,2,15,4654.08,310.27,0
14191,2,13,4684.76,360.37,0
14193,68,2,853.39,426.7,0
14194,5,21,11349.52,540.45,0
14195,202,2,1012.0,506.0,1
14196,107,1,335.52,335.52,1
14198,18,4,701.4,175.35,0
14199,218,1,185.39999999999998,185.4,1
14201,60,7,747.44,106.78,0
14204,2,1,161.03,161.03,0
14205,17,2,466.7,233.35,0
14206,239,1,328.15999999999997,328.16,1
14208,95,1,151.74,151.74,1
14209,11,6,2073.43,345.57,0
14210,106,6,1905.8400000000001,317.64,1
14211,53,9,2241.1,249.01,0
14212,90,1,1070.48,1070.48,0
14214,31,5,1004.38,200.88,0
14215,12,6,1789.72,298.29,0
14216,3,4,1839.3,459.82,0
14217,2,17,2004.98,117.94,0
14218,43,1,169.48000000000002,169.48,0
14219,4,1,89.94,89.94,0
14220,247,2,632.4,316.2,1
14221,42,9,3432.8,381.42,0
14222,177,1,683.17,683.17,1
14223,92,3,991.13,330.38,1
14224,110,4,1050.12,262.53,1
14226,29,5,2232.19,446.44,0
14227,26,10,3350.96,335.1,0
14229,52,3,1547.2,515.73,0
14231,184,3,925.71,308.57,1
14232,43,5,2048.07,409.61,0
14233,49,4,1462.72,365.68,0
14234,22,4,775.46,193.86,0
14235,75,5,3144.86,628.97,0
14236,81,2,490.86,245.43,0
14237,373,1,161.0,161.0,1
14238,326,1,146.85,146.85,1
14239,43,11,2380.85,216.44,0
14240,30,2,890.34,445.17,0
14241,184,1,213.70000000000002,213.7,1
14242,235,2,280.55,140.28,1
14243,9,10,2588.77,258.88,0
14245,220,2,1693.45,846.72,1
14246,111,3,1474.06,491.35,1
14247,278,1,136.76999999999998,136.77,1
14248,318,1,302.58,302.58,1
14250,7,3,1904.05,634.68,0
14251,2,5,2879.7000000000003,575.94,0
14256,260,2,969.0600000000001,484.53,1
14257,64,5,3099.7200000000003,619.94,0
14258,9,9,12669.98,1407.78,0
14259,142,1,120.0,120.0,1
14261,51,2,1163.45,581.72,0
14262,8,8,2618.23,327.28,0
14264,155,2,333.97,166.98,1
14265,109,2,530.18,265.09,1
14267,163,3,1516.24,505.41,1
14270,332,1,492.65000000000003,492.65,1
14271,226,1,112.32,112.32,1
14272,74,2,437.96,218.98,0
14273,51,4,559.97,139.99,0
14276,99,3,1119.74,373.25,1
14277,15,3,4216.2,1405.4,0
14280,197,1,134.04,134.04,1
14282,3,15,3729.34,248.62,0
14284,31,2,595.25,297.62,0
14285,21,4,1910.01,477.5,0
14286,24,3,4628.75,1542.92,0
14287,8,3,176.63,58.88,0
14288,213,1,426.6,426.6,1
14289,9,6,911.26,151.88,0
14290,11,5,2314.65,462.93,0
14291,2,11,3883.25,353.02,0
14292,8,9,4871.93,541.33,0
14293,3,4,1046.56,261.64,0
14295,40,1,166.20000000000002,166.2,0
14297,18,4,1305.33,326.33,0
14298,8,44,51527.3,1171.08,0
14299,8,9,3965.62,440.62,0
14300,19,1,43.2,43.2,0
14301,117,1,640.14,640.14,1
14304,223,1,383.45,383.45,1
14305,71,3,1858.96,619.65,0
14306,51,2,2093.32,1046.66,0
14307,89,6,2995.72,499.29,0
14309,8,9,2352.53,261.39,0
14311,243,1,310.26,310.26,1
14312,47,6,1611.59,268.6,0
14314,107,1,120.0,120.0,1
14315,45,6,2481.13,413.52,0
14317,65,1,508.58000000000004,508.58,0
14320,207,2,477.79,238.9,1
14321,11,5,1530.75,306.15,0
14323,115,2,605.0600000000001,302.53,1
14326,242,1,183.85,183.85,1
14327,163,1,311.65,311.65,1
14329,17,7,5014.84,716.41,0
14331,124,2,462.65999999999997,231.33,1
14332,23,3,866.31,288.77,0
14333,68,1,415.2,415.2,0
14334,17,8,2552.21,319.03,0
14335,16,2,468.26,234.13,0
14336,17,4,1614.91,403.73,0
14338,161,2,588.22,294.11,1
14339,243,1,309.52,309.52,1
14340,219,1,134.7,134.7,1
14341,45,8,2182.28,272.79,0
14342,21,4,668.5600000000001,167.14,0
14344,127,8,889.9300000000001,111.24,1
14345,39,1,108.97999999999999,108.98,0
14346,121,2,1021.58,510.79,1
14348,260,1,409.57,409.57,1
14349,10,1,133.5,133.5,0
14350,274,1,282.93,282.93,1
14351,165,1,51.0,51.0,1
14352,157,4,1078.96,269.74,1
14353,215,1,90.6,90.6,1
14354,6,2,163.62,81.81,0
14355,366,1,174.4,174.4,1
14356,80,2,701.23,350.62,0
14357,43,1,225.77,225.77,0
14359,19,3,912.18,304.06,0
14360,32,4,2128.23,532.06,0
14362,22,1,161.2,161.2,0
14364,109,8,3717.35,464.67,1
14367,8,16,9261.52,578.84,0
14368,320,1,155.0,155.0,1
14371,295,1,100.5,100.5,1
14373,358,1,76.55,76.55,1
14375,185,1,257.68,257.68,1
14377,191,2,617.05,308.52,1
14379,44,2,348.1,174.05,0
14381,52,1,202.68,202.68,0
14382,26,1,626.0699999999999,626.07,0
14383,38,3,1247.69,415.9,0
14385,9,3,202.11,67.37,0
14386,297,1,142.4,142.4,1
14387,33,3,1770.56,590.19,0
14388,10,8,3212.84,401.6,0
14389,65,2,1043.46,521.73,0
14390,10,9,4652.82,516.98,0
14393,218,1,67.95,67.95,1
14395,2,9,3507.71,389.75,0
14396,65,2,487.99,244.0,0
14397,3,19,2612.96,137.52,0
14400,149,1,574.7,574.7,1
14401,4,13,4051.48,311.65,0
14403,130,4,1475.81,368.95,1
14404,34,6,1474.32,245.72,0
14406,119,1,156.75,156.75,1
14407,107,6,2157.73,359.62,1
14408,11,7,2606.53,372.36,0
14409,71,6,2059.4500000000003,343.24,0
14410,92,9,1105.07,122.79,1
14411,311,1,1063.0,1063.0,1
14412,43,2,770.03,385.02,0
14413,362,1,122.7,122.7,1
14414,92,7,1496.98,213.85,1
14415,1,13,5900.28,453.87,0
14416,22,2,490.22,245.11,0
14418,4,3,1937.25,645.75,0
14419,11,6,1058.06,176.34,0
14420,99,1,387.52,387.52,1
14421,57,2,813.11,406.56,0
14422,1,6,4263.64,710.61,0
14423,218,1,265.2,265.2,1
14424,18,1,322.08,322.08,0
14426,24,10,4481.67,448.17,0
14427,50,2,363.34000000000003,181.67,0
14428,7,5,1244.83,248.97,0
14431,303,1,470.36,470.36,1
14432,10,6,2255.51,375.92,0
14434,22,6,1372.8,228.8,0
14436,99,1,89.06,89.06,1
14437,366,1,63.0,63.0,1
14438,306,1,131.9,131.9,1
14439,320,1,2661.24,2661.24,1
14440,8,5,2357.6800000000003,471.54,0
14441,1,4,1712.89,428.22,0
14442,205,2,1589.82,794.91,1
14443,54,4,1420.2,355.05,0
14446,1,4,1039.58,259.9,0
14447,19,5,1163.23,232.65,0
14448,9,2,375.35,187.68,0
14449,19,4,907.1,226.78,0
14450,181,3,483.25,161.08,1
14451,60,2,662.59,331.3,0
14452,11,2,264.44,132.22,0
14453,190,1,119.93,119.93,1
14456,5,9,3062.4,340.27,0
14457,311,1,113.64,113.64,1
14459,155,1,1837.92,1837.92,1
14460,110,3,434.34,144.78,1
14461,148,3,2103.06,701.02,1
14462,66,11,2004.02,182.18,0
14463,98,3,529.62,176.54,1
14465,247,3,1058.6200000000001,352.87,1
14466,29,7,2272.4,324.63,0
14467,18,4,598.76,149.69,0
14470,12,2,461.19,230.6,0
14472,104,8,1936.84,242.1,1
14473,74,2,234.34000000000003,117.17,0
14474,46,1,547.66,547.66,0
14475,72,3,925.85,308.62,0
14476,257,1,215.7,215.7,1
14477,20,4,1309.6,327.4,0
14479,254,2,316.25,158.12,1
14480,11,1,279.05,279.05,0
14481,165,2,636.51,318.26,1
14482,18,6,2068.15,344.69,0
14483,282,1,137.1,137.1,1
14484,50,1,321.92,321.92,0
14485,39,1,165.75,165.75,0
14487,27,6,1196.33,199.39,0
14488,68,1,1064.28,1064.28,0
14489,207,1,463.38,463.38,1
14491,175,2,340.93,170.46,1
14493,7,5,2383.2400000000002,476.65,0
14494,26,1,139.56,139.56,0
14495,51,2,123.8,61.9,0
14496,312,2,538.8100000000001,269.41,1
14497,309,1,475.37,475.37,1
14498,43,5,1957.32,391.46,0
14499,26,3,815.32,271.77,0
14500,88,3,356.85,118.95,0
14501,184,2,251.21,125.6,1
14502,20,11,2470.67,224.61,0
14503,3,6,3543.26,590.54,0
14504,47,4,673.26,168.32,0
14505,17,8,5905.64,738.2,0
14506,17,5,2012.17,402.43,0
14507,24,6,1383.18,230.53,0
14508,22,2,276.42,138.21,0
14511,11,5,1314.81,262.96,0
14512,188,2,275.28,137.64,1
14513,101,3,455.59000000000003,151.86,1
14514,61,3,1055.35,351.78,0
14515,18,6,2102.09,350.35,0
14517,33,2,330.45,165.22,0
14518,64,1,174.37,174.37,0
14520,2,2,270.6,135.3,0
14522,24,4,974.54,243.64,0
14523,108,1,241.09,241.09,1
14524,32,9,1867.68,207.52,0
14525,20,9,4332.2,481.36,0
14527,3,55,8508.82,154.71,0
14528,37,1,364.21999999999997,364.22,0
14529,60,3,620.04,206.68,0
14530,26,6,2925.91,487.65,0
14532,236,4,932.85,233.21,1
14533,25,7,1949.72,278.53,0
14534,3,18,4447.05,247.06,0
14535,60,3,2864.19,954.73,0
14536,260,1,171.8,171.8,1
14537,58,1,355.56,355.56,0
14538,65,2,388.25,194.12,0
14539,16,2,537.48,268.74,0
14540,10,3,996.26,332.09,0
14541,59,8,1461.65,182.71,0
14542,186,1,103.25,103.25,1
14543,29,16,3630.33,226.9,0
14544,24,2,2024.45,1012.22,0
14546,5,5,2578.09,515.62,0
14547,4,8,4007.54,500.94,0
14548,151,2,652.8,326.4,1
14549,311,1,289.24,289.24,1
14550,11,2,765.62,382.81,0
14551,18,2,186.23,93.12,0
14552,152,1,165.07,165.07,1
14553,19,5,859.27,171.85,0
14554,10,4,2381.04,595.26,0
14555,57,2,324.14,162.07,0
14557,85,1,788.38,788.38,0
14560,7,22,2237.77,101.72,0
14561,76,3,1080.76,360.25,0
14562,4,18,5074.77,281.93,0
14565,96,4,3099.12,774.78,1
14566,111,1,1432.0,1432.0,1
14567,57,2,1530.3600000000001,765.18,0
14569,1,1,227.39,227.39,0
14570,281,2,218.06,109.03,1
14572,3,7,2832.84,404.69,0
14573,180,9,1653.42,183.71,1
14576,372,1,35.400000000000006,35.4,1
14577,13,4,859.71,214.93,0
14578,3,1,168.63,168.63,0
14581,17,1,138.6,138.6,0
14582,41,1,114.11,114.11,0
14583,6,5,1052.55,210.51,0
14584,169,4,1042.26,260.56,1
14585,50,1,157.05,157.05,0
14586,277,1,237.36,237.36,1
14587,19,9,1601.14,177.9,0
14589,372,1,39.75,39.75,1
14591,15,4,1447.14,361.78,0
14592,35,3,570.46,190.15,0
14593,22,3,617.99,206.0,0
14594,7,2,379.83,189.92,0
14595,20,6,1740.6,290.1,0
14597,11,2,883.15,441.58,0
14598,44,1,221.97,221.97,0
14600,306,1,393.33000000000004,393.33,1
14601,11,1,213.96,213.96,0
14603,275,1,660.0,660.0,1
14606,1,93,12156.65,130.72,0
14607,16,14,16569.5,1183.54,0
14608,4,4,1785.15,446.29,0
14609,72,4,601.56,150.39,0
14616,243,3,406.08000000000004,135.36,1
14618,9,3,553.44,184.48,0
14619,246,1,394.44,394.44,1
14620,206,2,412.78000000000003,206.39,1
14621,1,5,1788.3600000000001,357.67,0
14622,185,1,320.58000000000004,320.58,1
14623,32,5,889.25,177.85,0
14624,57,2,225.85,112.92,0
14625,196,2,899.63,449.82,1
14626,24,4,2791.27,697.82,0
14628,91,2,671.96,335.98,1
14629,4,2,959.01,479.5,0
14631,51,3,1006.98,335.66,0
14632,263,1,114.56,114.56,1
14633,266,1,344.90000000000003,344.9,1
14636,36,2,609.85,304.92,0
14638,51,1,443.6,443.6,0
14639,52,6,2984.49,497.42,0
14640,24,6,2125.08,354.18,0
14641,22,1,110.46,110.46,0
14642,59,1,96.12,96.12,0
14643,170,2,693.8100000000001,346.9,1
14644,68,2,830.76,415.38,0
14645,157,2,597.09,298.54,1
14646,2,73,280206.02,3838.44,0
14647,201,1,243.22,243.22,1
14649,5,4,1417.29,354.32,0
14651,67,2,654.6,327.3,0
14652,77,1,114.18,114.18,0
14653,1,7,1947.55,278.22,0
14655,8,4,1932.23,483.06,0
14656,169,2,291.05,145.52,1
14657,18,4,848.22,212.06,0
14658,5,2,247.15,123.58,0
14659,9,9,2529.93,281.1,0
14660,87,2,285.74,142.87,0
14661,27,1,107.95,107.95,0
14662,29,4,771.17,192.79,0
14664,20,2,637.89,318.94,0
14665,61,5,1835.7,367.14,0
14666,24,1,195.25,195.25,0
14667,11,25,9241.2,369.65,0
14669,242,3,1269.99,423.33,1
14670,280,2,411.53,205.76,1
14672,235,2,765.55,382.78,1
14673,3,5,1736.4,347.28,0
14675,16,1,604.75,604.75,0
14676,31,6,2548.2400000000002,424.71,0
14680,25,16,28754.11,1797.13,0
14681,71,3,498.95,166.32,0
14682,188,2,52.0,26.0,1
14684,26,5,1236.28,247.26,0
14687,107,1,628.38,628.38,1
14688,8,21,5630.87,268.14,0
14689,209,1,112.8,112.8,1
14690,44,2,371.7,185.85,0
14691,31,5,2114.33,422.87,0
14692,137,4,591.55,147.89,1
14693,265,1,172.9,172.9,1
14696,4,7,2078.95,296.99,0
14697,218,2,188.60999999999999,94.3,1
14698,2,5,1250.76,250.15,0
14699,214,1,109.13000000000001,109.13,1
14700,32,3,2235.3,745.1,0
14701,11,9,2549.37,283.26,0
14702,1,17,3292.14,193.66,0
14703,15,1,318.17,318.17,0
14704,11,9,1546.91,171.88,0
14705,199,1,179.0,179.0,1
14708,3,3,1126.37,375.46,0
14709,15,13,4921.04,378.54,0
14710,14,4,606.13,151.53,0
14711,10,11,2868.8,260.8,0
14712,29,3,917.07,305.69,0
14713,9,11,2666.36,242.4,0
14714,24,1,160.19,160.19,0
14715,25,4,867.38,216.84,0
14716,43,2,329.68,164.84,0
14719,2,5,1602.13,320.43,0
14720,6,3,663.81,221.27,0
14722,147,1,187.92000000000002,187.92,1
14723,10,6,1158.3,193.05,0
14725,25,1,718.08,718.08,0
14727,274,1,268.58,268.58,1
14729,374,1,313.49,313.49,1
14730,1,8,2005.06,250.63,0
14731,47,3,380.02,126.67,0
14732,8,8,2702.4900000000002,337.81,0
14733,16,12,9585.91,798.83,0
14735,4,32,6065.69,189.55,0
14737,4,3,1164.55,388.18,0
14738,43,7,1314.45,187.78,0
14739,4,7,3902.28,557.47,0
14740,197,3,1448.21,482.74,1
14741,12,6,1400.34,233.39,0
14744,16,7,1099.98,157.14,0
14745,113,5,1220.26,244.05,1
14747,249,1,328.2,328.2,1
14748,29,5,1415.75,283.15,0
14752,44,1,389.64,389.64,0
14753,87,1,563.15,563.15,0
14754,45,2,638.05,319.02,0
14755,10,11,5010.28,455.48,0
14756,15,1,738.96,738.96,0
14757,75,1,420.5,420.5,0
14758,145,4,1484.06,371.02,1
14759,5,3,1625.97,541.99,0
14760,297,1,89.2,89.2,1
14761,59,2,255.9,127.95,0
14762,264,1,300.52,300.52,1
14764,47,1,278.3,278.3,0
14765,29,3,254.11,84.7,0
14766,8,6,2473.37,412.23,0
14768,17,2,192.60000000000002,96.3,0
14769,3,8,10674.75,1334.34,0
14770,232,2,876.42,438.21,1
14772,112,1,139.26,139.26,1
14775,58,3,1011.9,337.3,0
14776,51,11,2538.3,230.75,0
14778,127,2,730.86,365.43,1
14779,281,3,386.15,128.72,1
14780,55,2,447.68,223.84,0
14782,320,1,200.10000000000002,200.1,1
14784,26,2,289.99,145.0,0
14785,10,2,77.4,38.7,0
14788,7,2,679.4399999999999,339.72,0
14789,29,1,197.64,197.64,0
14790,17,4,745.06,186.26,0
14792,64,1,6.2,6.2,0
14793,21,1,228.99,228.99,0
14794,3,7,1319.91,188.56,0
14795,166,1,131.45000000000002,131.45,1
14796,1,17,8022.49,471.91,0
14798,53,3,173.74,57.91,0
14799,51,1,157.7,157.7,0
14800,48,12,4339.74,361.64,0
14801,61,1,193.14,193.14,0
14803,162,3,845.55,281.85,1
14804,9,1,353.27,353.27,0
14805,15,4,554.65,138.66,0
14806,75,1,193.39000000000001,193.39,0
14808,40,8,2741.17,342.65,0
14810,41,11,2087.88,189.81,0
14813,370,2,155.43,77.72,1
14815,37,2,778.5,389.25,0
14816,197,1,271.85,271.85,1
14817,200,2,1110.34,555.17,1
14818,74,3,657.8,219.27,0
14819,64,2,272.07,136.04,0
14820,21,4,507.29,126.82,0
14821,367,1,48.800000000000004,48.8,1
14823,180,3,321.43,107.14,1
14824,10,4,1127.71,281.93,0
14825,4,12,2226.91,185.58,0
14828,197,3,2139.76,713.25,1
14829,29,4,697.55,174.39,0
14830,53,1,197.13,197.13,0
14834,18,6,1720.3,286.72,0
14836,10,3,102.44999999999999,34.15,0
14837,90,4,1649.5,412.38,0
14840,268,1,62.85,62.85,1
14841,53,6,3295.76,549.29,0
14842,44,4,2824.69,706.17,0
14844,64,4,3189.81,797.45,0
14847,149,1,309.4,309.4,1
14849,22,25,7930.54,317.22,0
14850,312,1,325.75,325.75,1
14851,23,2,511.35,255.68,0
14852,58,6,2836.69,472.78,0
14853,24,2,475.8,237.9,0
14854,78,7,2759.83,394.26,0
14855,119,2,645.65,322.82,1
14856,36,3,1311.3799999999999,437.13,0
14857,60,2,1173.12,586.56,0
14859,13,4,1353.74,338.44,0
14860,19,1,170.32,170.32,0
14861,52,1,125.79,125.79,0
14862,26,2,841.1999999999999,420.6,0
14863,29,1,266.76,266.76,0
14865,7,2,52.2,26.1,0
14866,11,12,14389.9,1199.16,0
14867,186,3,710.28,236.76,1
14868,3,8,2953.59,369.2,0
14869,9,2,725.7,362.85,0
14870,262,1,327.25,327.25,1
14871,3,4,522.38,130.6,0
14873,210,1,519.68,519.68,1
14875,108,2,1465.3200000000002,732.66,1
14878,13,9,1485.54,165.06,0
14880,77,3,706.19,235.4,0
14881,20,1,255.4,255.4,0
14882,27,2,589.7,294.85,0
14883,19,6,761.59,126.93,0
14885,132,1,765.3199999999999,765.32,1
14886,253,1,364.8,364.8,1
14887,79,1,1862.0,1862.0,0
14888,207,1,369.2,369.2,1
14889,336,1,135.9,135.9,1
14890,254,1,125.65,125.65,1
14891,148,2,554.38,277.19,1
14893,10,2,1237.8500000000001,618.93,0
14894,85,1,655.75,655.75,0
14895,8,20,11138.710000000001,556.94,0
14896,205,2,468.77000000000004,234.39,1
14897,8,4,1366.38,341.6,0
14898,23,6,1303.52,217.25,0
14901,11,9,1421.29,157.92,0
14902,26,1,332.66,332.66,0
14903,21,5,2810.63,562.13,0
14904,2,2,1025.44,512.72,0
14905,158,2,616.15,308.08,1
14907,3,7,3501.1,500.16,0
14908,74,1,277.8,277.8,0
14910,3,4,434.35,108.59,0
14911,1,201,143825.06,715.55,0
14912,17,2,867.85,433.92,0
14913,36,4,1227.43,306.86,0
14915,91,2,307.48,153.74,1
14916,71,4,1268.98,317.24,0
14918,116,2,1610.15,805.08,1
14920,213,2,977.77,488.88,1
14921,30,2,1316.07,658.04,0
14923,51,1,749.1,749.1,0
14924,246,1,310.05,310.05,1
14929,32,1,223.88,223.88,0
14930,109,3,2372.86,790.95,1
14931,5,5,1257.68,251.54,0
14932,366,1,363.53,363.53,1
14934,82,2,1890.94,945.47,0
14935,297,1,1784.71,1784.71,1
14936,34,8,8137.02,1017.13,0
14937,57,3,1621.88,540.63,0
14944,30,12,5900.25,491.69,0
14946,14,1,100.9,100.9,0
14947,72,2,290.82,145.41,0
14948,23,6,1101.97,183.66,0
14950,19,1,371.2,371.2,0
14951,79,1,311.69,311.69,0
14952,60,11,8099.49,736.32,0
14953,25,1,289.82,289.82,0
14954,12,1,336.17,336.17,0
14957,253,1,58.49,58.49,1
14958,147,3,499.68,166.56,1
14959,64,4,695.42,173.86,0
14960,8,2,221.27,110.64,0
14961,11,9,7044.68,782.74,0
14962,271,1,126.7,126.7,1
14963,10,5,1487.8,297.56,0
14964,247,1,206.21,206.21,1
14965,96,2,599.0,299.5,1
14966,15,1,191.32,191.32,0
14967,50,1,463.8,463.8,0
14968,30,1,147.59,147.59,0
14970,68,4,1592.06,398.02,0
14971,35,3,1116.57,372.19,0
14972,128,1,114.77,114.77,1
14973,107,3,1314.45,438.15,1
14974,37,1,114.39,114.39,0
14975,57,1,279.94,279.94,0
14976,57,7,790.86,112.98,0
14978,72,5,1931.42,386.28,0
14981,246,1,102.12,102.12,1
14984,19,2,213.27,106.64,0
14985,198,2,296.75,148.38,1
14987,16,2,326.4,163.2,0
14988,212,1,334.54,334.54,1
14995,39,2,233.23000000000002,116.62,0
14997,46,3,546.1999999999999,182.07,0
14998,170,2,429.87,214.94,1
15000,48,1,490.52,490.52,0
15002,116,4,1641.76,410.44,1
15004,147,1,1246.32,1246.32,1
15005,16,28,6316.57,225.59,0
15006,51,1,502.09,502.09,0
15007,159,1,156.91,156.91,1
15009,12,3,1261.78,420.59,0
15010,36,1,308.94,308.94,0
15012,54,2,423.04,211.52,0
15014,43,2,260.17,130.08,0
15016,173,1,170.04,170.04,1
15017,34,1,125.58,125.58,0
15018,39,3,496.21000000000004,165.4,0
15019,267,1,266.0,266.0,1
15021,9,9,1914.82,212.76,0
15022,12,4,905.04,226.26,0
15023,3,11,6802.76,618.43,0
15024,10,10,1661.33,166.13,0
15025,33,1,377.01,377.01,0
15026,80,3,469.0,156.33,0
15027,31,4,1066.1499999999999,266.54,0
15028,8,4,627.13,156.78,0
15030,72,2,518.28,259.14,0
15031,4,4,668.14,167.04,0
15032,256,3,4959.1,1653.03,1
15033,5,10,2586.67,258.67,0
15034,16,8,4308.61,538.58,0
15035,90,1,252.73000000000002,252.73,0
15036,72,3,465.55,155.18,0
15038,59,6,705.49,117.58,0
15039,10,47,19914.44,423.71,0
15041,170,1,180.35,180.35,1
15042,199,1,135.93,135.93,1
15043,31,1,537.0,537.0,0
15044,19,17,7700.2300000000005,452.95,0
15045,152,2,735.66,367.83,1
15046,9,15,5213.7699999999995,347.58,0
15047,270,1,343.62,343.62,1
15048,65,4,384.05,96.01,0
15049,274,1,121.17000000000002,121.17,1
15050,25,3,1782.09,594.03,0
15051,23,3,1391.61,463.87,0
15052,319,1,215.78,215.78,1
15053,5,3,697.79,232.6,0
15054,12,2,302.1,151.05,0
15057,275,2,1489.5,744.75,1
15058,25,11,2124.9900000000002,193.18,0
15059,41,9,1337.72,148.64,0
15060,8,4,303.09,75.77,0
15061,4,48,54534.14,1136.13,0
15062,71,4,987.86,246.96,0
15063,213,1,370.79999999999995,370.8,1
15065,38,4,3158.13,789.53,0
15066,53,1,893.59,893.59,0
15067,78,3,1744.76,581.59,0
15068,46,2,553.36,276.68,0
15069,179,1,1109.53,1109.53,1
15070,373,1,106.2,106.2,1
15071,94,2,982.07,491.04,1
15073,10,3,1043.41,347.8,0
15074,105,1,748.87,748.87,1
15075,78,1,773.03,773.03,0
15076,173,1,880.85,880.85,1
15078,7,32,9743.11,304.47,0
15079,213,4,895.61,223.9,1
15081,22,5,504.8,100.96,0
15083,257,1,88.2,88.2,1
15087,282,1,306.94,306.94,1
15088,21,2,1160.07,580.04,0
15089,10,6,2420.84,403.47,0
15090,308,1,381.32,381.32,1
15091,68,1,480.71,480.71,0
15092,215,2,457.81,228.9,1
15093,18,6,4597.02,766.17,0
15095,104,4,1370.6,342.65,1
15096,43,1,219.39000000000001,219.39,0
15097,4,1,248.08,248.08,0
15098,182,3,39916.5,13305.5,1
15099,84,1,410.48,410.48,0
15100,334,3,876.0,292.0,1
15101,9,2,317.53,158.76,0
15103,31,2,703.36,351.68,0
15104,197,2,1027.44,513.72,1
15105,18,7,2298.93,328.42,0
15106,18,5,1422.52,284.5,0
15107,311,6,319.5,53.25,1
15108,142,4,1300.25,325.06,1
15109,246,1,484.95,484.95,1
15110,24,4,996.1,249.02,0
15111,29,3,1567.48,522.49,0
15113,10,3,3609.33,1203.11,0
15114,30,10,2760.56,276.06,0
15115,18,1,340.11,340.11,0
15116,18,4,1352.75,338.19,0
15117,15,5,1551.78,310.36,0
15118,134,1,244.8,244.8,1
15119,246,1,266.4,266.4,1
15120,134,1,358.82,358.82,1
15121,50,2,457.72,228.86,0
15122,114,3,1633.78,544.59,1
15123,7,2,2199.31,1099.66,0
15124,23,2,184.19,92.1,0
15125,25,15,11528.48,768.57,0
15127,66,1,406.53,406.53,0
15128,60,4,1471.0,367.75,0
15129,50,11,3447.4,313.4,0
15130,170,1,330.11,330.11,1
15132,18,5,977.9300000000001,195.59,0
15133,128,3,982.42,327.47,1
15134,15,8,1387.99,173.5,0
15135,239,1,139.05,139.05,1
15136,3,4,1286.7,321.68,0
15139,240,2,178.96,89.48,1
15140,52,7,2354.25,336.32,0
15142,46,1,498.74,498.74,0
15143,226,1,259.45,259.45,1
15144,8,17,6580.44,387.08,0
15145,4,4,1194.73,298.68,0
15146,165,2,1327.16,663.58,1
15147,240,1,623.5,623.5,1
15148,11,1,301.29,301.29,0
15149,134,1,520.8000000000001,520.8,1
15150,17,10,5314.47,531.45,0
15152,10,13,4745.69,365.05,0
15153,31,1,329.25,329.25,0
15154,75,1,296.42,296.42,0
15156,1,3,961.49,320.5,0
15157,4,3,1936.07,645.36,0
15158,45,1,401.40000000000003,401.4,0
15159,2,30,18641.010000000002,621.37,0
15160,357,1,158.16,158.16,1
15163,18,2,304.47,152.24,0
15164,69,3,843.05,281.02,0
15165,373,1,487.75,487.75,1
15167,321,1,163.0,163.0,1
15168,26,1,106.56,106.56,0
15171,331,1,1289.5,1289.5,1
15172,9,5,1624.05,324.81,0
15174,323,1,135.75,135.75,1
15175,72,1,224.14,224.14,0
15178,260,1,40.5,40.5,1
15179,18,5,2206.95,441.39,0
15180,367,1,87.5,87.5,1
15181,66,3,689.4799999999999,229.83,0
15182,154,2,622.85,311.42,1
15184,29,2,406.76,203.38,0
15185,70,1,310.62,310.62,0
15186,14,2,411.41,205.7,0
15187,2,16,4777.18,298.57,0
15189,1,41,16225.39,395.74,0
15192,120,3,1044.32,348.11,1
15193,61,1,499.32,499.32,0
15194,3,15,7616.53,507.77,0
15195,3,1,3861.0,3861.0,0
15197,11,3,1079.6100000000001,359.87,0
15198,92,2,193.64,96.82,1
15199,59,4,1268.7,317.18,0
15201,87,5,1236.54,247.31,0
15203,26,6,1827.8,304.63,0
15204,357,1,316.58,316.58,1
15205,85,2,653.24,326.62,0
15206,10,4,420.29999999999995,105.07,0
15208,1,5,870.12,174.02,0
15210,225,1,331.18,331.18,1
15211,60,2,894.4100000000001,447.21,0
15212,241,1,101.8,101.8,1
15213,319,2,328.35,164.18,1
15214,2,8,1661.44,207.68,0
15215,47,3,734.94,244.98,0
15216,88,1,96.6,96.6,0
15218,11,11,5756.89,523.35,0
15219,176,1,305.75,305.75,1
15220,52,6,1778.96,296.49,0
15221,366,1,403.25,403.25,1
15222,319,1,585.0,585.0,1
15223,226,2,755.75,377.88,1
15224,358,2,322.08,161.04,1
15225,234,1,409.40000000000003,409.4,1
15226,311,1,154.41,154.41,1
15227,37,5,1219.4,243.88,0
15228,66,4,3386.71,846.68,0
15230,239,2,429.6,214.8,1
15232,113,2,612.06,306.03,1
15234,277,1,197.0,197.0,1
15235,218,12,2247.51,187.29,1
15236,299,1,321.05,321.05,1
15237,2,4,1412.32,353.08,0
15238,29,3,1071.99,357.33,0
15239,10,2,780.59,390.3,0
15240,45,5,1706.57,341.31,0
15241,67,8,1756.44,219.56,0
15243,74,1,316.68,316.68,0
15244,65,2,631.57,315.79,0
15245,134,3,2515.84,838.61,1
15246,238,2,514.15,257.08,1
15247,122,1,356.0,356.0,1
15249,32,13,6688.46,514.5,0
15251,9,11,10484.99,953.18,0
15252,36,2,740.78,370.39,0
15253,16,5,918.1999999999999,183.64,0
15254,127,1,300.36,300.36,1
15255,67,1,890.85,890.85,0
15256,149,1,98.45,98.45,1
15257,283,1,317.15,317.15,1
15258,169,2,623.16,311.58,1
15260,100,7,1810.77,258.68,1
15261,135,1,254.82,254.82,1
15262,324,1,178.95000000000002,178.95,1
15263,107,1,156.51,156.51,1
15264,64,1,393.74,393.74,0
15265,151,2,1506.1200000000001,753.06,1
15266,338,1,119.3,119.3,1
15267,22,5,1717.36,343.47,0
15269,24,1,408.8,408.8,0
15270,16,7,2379.49,339.93,0
15271,7,15,2507.07,167.14,0
15272,57,2,721.94,360.97,0
15274,4,2,716.57,358.28,0
15275,38,1,615.14,615.14,0
15276,66,1,135.31,135.31,0
15277,47,1,255.89999999999998,255.9,0
15279,355,1,290.51,290.51,1
15280,172,1,113.12,113.12,1
15281,59,9,2332.15,259.13,0
15286,50,1,240.55,240.55,0
15287,22,2,486.69,243.34,0
15288,43,5,2306.52,461.3,0
15289,29,3,939.78,313.26,0
15290,5,18,7943.22,441.29,0
15291,26,15,4668.3,311.22,0
15292,201,1,180.94,180.94,1
15296,51,6,3672.86,612.14,0
15297,10,3,641.94,213.98,0
15298,2,12,4799.9,399.99,0
15299,67,7,4507.01,643.86,0
15300,64,1,496.44,496.44,0
15301,51,12,5070.35,422.53,0
15303,290,1,574.02,574.02,1
15304,61,8,694.4000000000001,86.8,0
15306,64,3,1174.35,391.45,0
15307,96,1,205.3,205.3,1
15308,274,1,310.47,310.47,1
15311,1,91,60767.9,667.78,0
15312,75,4,924.85,231.21,0
15313,110,1,52.0,52.0,1
15314,199,1,327.97,327.97,1
15315,64,2,570.5,285.25,0
15316,327,1,165.0,165.0,1
15318,4,1,312.62,312.62,0
15319,284,1,204.5,204.5,1
15320,44,1,267.13,267.13,0
15321,71,3,2748.31,916.1,0
15322,86,1,679.68,679.68,0
15325,104,1,162.29,162.29,1
15326,334,1,311.71,311.71,1
15327,53,1,208.75,208.75,0
15329,39,3,1049.7,349.9,0
15330,32,2,714.96,357.48,0
15332,366,4,1661.06,415.26,1
15333,208,1,1028.56,1028.56,1
15334,157,3,351.67,117.22,1
15335,54,1,173.97,173.97,0
15339,66,2,574.07,287.04,0
15341,81,1,2020.52,2020.52,0
15342,130,1,406.09,406.09,1
15343,87,1,364.5,364.5,0
15344,1,3,563.94,187.98,0
15345,46,1,393.54,393.54,0
15346,333,1,252.42000000000002,252.42,1
15347,366,1,201.60000000000002,201.6,1
15348,72,1,158.04,158.04,0
15349,158,2,473.81,236.9,1
15350,373,1,115.65,115.65,1
15351,12,7,1960.1100000000001,280.02,0
15353,255,2,777.02,388.51,1
15355,29,2,277.05,138.52,0
15356,31,10,2766.5,276.65,0
15358,5,22,8347.2,379.42,0
15360,40,1,427.93,427.93,0
15361,362,1,418.92,418.92,1
15363,373,1,326.0,326.0,1
15364,96,2,913.19,456.6,1
15365,26,7,2314.32,330.62,0
15366,75,2,602.51,301.26,0
15367,57,4,1877.59,469.4,0
15368,21,1,446.94000000000005,446.94,0
15370,41,7,2386.05,340.86,0
15372,137,1,2007.3999999999999,2007.4,1
15373,8,12,2415.91,201.33,0
15374,129,1,168.0,168.0,1
15376,40,3,1233.3600000000001,411.12,0
15379,169,7,3703.29,529.04,1
15380,9,5,1690.2600000000002,338.05,0
15381,214,2,596.85,298.42,1
15382,15,6,5955.71,992.62,0
15384,170,2,642.41,321.2,1
15385,40,1,316.88,316.88,0
15386,186,1,394.14,394.14,1
15388,270,1,140.54,140.54,1
15389,172,1,500.0,500.0,1
15392,5,4,1535.53,383.88,0
15393,16,2,231.86,115.93,0
15394,10,4,2183.54,545.88,0
15395,326,1,107.45,107.45,1
15396,113,1,288.18,288.18,1
15397,290,1,94.0,94.0,1
15398,16,2,1345.53,672.76,0
15399,1,3,815.77,271.92,0
15400,92,5,716.2,143.24,1
15402,149,2,626.77,313.38,1
15405,189,1,349.1,349.1,1
15406,31,2,510.71000000000004,255.36,0
15407,34,4,1056.44,264.11,0
15408,264,1,267.18,267.18,1
15410,84,8,3450.84,431.36,0
15411,26,4,1358.88,339.72,0
15412,171,1,190.53,190.53,1
15414,10,3,774.9000000000001,258.3,0
15415,313,1,572.8100000000001,572.81,1
15416,65,4,3984.32,996.08,0
15417,85,1,508.8,508.8,0
15419,25,1,135.86,135.86,0
15421,59,4,950.36,237.59,0
15422,323,2,97.7,48.85,1
15423,38,1,43.5,43.5,0
15424,254,2,383.34,191.67,1
15426,19,5,1447.39,289.48,0
15427,33,3,1483.14,494.38,0
15428,15,1,93.78,93.78,0
15429,27,2,397.35,198.68,0
15432,23,1,171.19,171.19,0
15433,214,2,533.3,266.65,1
15434,8,5,1041.48,208.3,0
15435,22,1,149.29,149.29,0
15436,12,3,1122.53,374.18,0
15437,262,1,200.16,200.16,1
15438,131,1,156.57999999999998,156.58,1
15440,55,3,383.68,127.89,0
15442,249,1,594.0,594.0,1
15443,2,7,3236.91,462.42,0
15444,9,2,1418.26,709.13,0
15445,264,1,113.5,113.5,1
15447,331,1,155.17,155.17,1
15448,313,1,494.64,494.64,1
15449,26,3,974.52,324.84,0
15450,30,1,429.84,429.84,0
15452,30,3,538.73,179.58,0
15453,2,7,1388.37,198.34,0
15454,362,1,179.1,179.1,1
15456,283,3,447.22,149.07,1
15457,262,1,237.07,237.07,1
15458,25,1,161.64,161.64,0
15460,354,1,216.76,216.76,1
15462,94,3,234.6,78.2,1
15463,29,1,126.14,126.14,0
15464,338,1,1048.85,1048.85,1
15465,20,18,7354.62,408.59,0
15466,85,1,334.53,334.53,0
15467,9,3,524.88,174.96,0
15468,51,2,467.51,233.76,0
15469,50,2,538.55,269.27,0
15471,2,1,469.48,469.48,0
15472,113,1,371.56,371.56,1
15473,14,7,1771.2,253.03,0
15475,77,1,454.10999999999996,454.11,0
15478,40,2,1441.42,720.71,0
15480,116,1,905.5,905.5,1
15482,16,12,11054.96,921.25,0
15483,161,4,233.81,58.45,1
15484,1,4,3594.31,898.58,0
15485,30,3,2575.0,858.33,0
15488,93,1,91.32000000000001,91.32,1
15489,23,3,1134.28,378.09,0
15491,95,6,3100.09,516.68,1
15492,28,2,659.4599999999999,329.73,0
15493,33,5,2001.8,400.36,0
15494,21,2,1299.23,649.62,0
15497,18,2,1262.2,631.1,0
15498,3,27,13316.4,493.2,0
15500,8,4,1131.56,282.89,0
15502,16,12,10384.93,865.41,0
15503,363,1,147.09,147.09,1
15504,81,1,52.83,52.83,0
15505,53,5,3610.96,722.19,0
15506,23,3,979.26,326.42,0
15507,172,1,492.36,492.36,1
15508,189,6,1000.27,166.71,1
15510,331,1,250.0,250.0,1
15511,12,5,909.23,181.85,0
15512,156,2,121.0,60.5,1
15513,33,19,14758.220000000001,776.75,0
15514,12,11,4139.46,376.31,0
15516,45,3,62.43,20.81,0
15517,233,1,267.03,267.03,1
15518,64,8,1942.45,242.81,0
15520,2,1,343.5,343.5,0
15521,40,8,3000.2,375.02,0
15522,33,2,398.84,199.42,0
15523,84,1,412.01000000000005,412.01,0
15524,25,1,440.0,440.0,0
15525,2,3,825.92,275.31,0
15526,33,2,148.44,74.22,0
15527,19,8,2429.78,303.72,0
15528,254,1,229.33,229.33,1
15529,23,11,3995.23,363.2,0
15530,22,4,1502.35,375.59,0
15531,8,2,2007.44,1003.72,0
15532,25,4,1580.93,395.23,0
15533,19,3,807.57,269.19,0
15535,173,4,536.4,134.1,1
15537,163,1,110.92,110.92,1
15539,7,1,538.46,538.46,0
15540,11,1,213.3,213.3,0
15541,114,1,85.13000000000001,85.13,1
15543,288,1,127.86,127.86,1
15544,9,9,3546.71,394.08,0
15545,54,2,292.71999999999997,146.36,0
15547,7,14,4954.84,353.92,0
15549,77,3,1693.26,564.42,0
15550,4,4,575.63,143.91,0
15551,37,1,436.06,436.06,0
15552,217,1,90.12,90.12,1
15553,60,1,437.23,437.23,0
15554,278,1,217.2,217.2,1
15555,12,16,4805.17,300.32,0
15556,24,1,279.77,279.77,0
15557,29,1,473.65000000000003,473.65,0
15561,12,4,800.59,200.15,0
15562,352,1,134.55,134.55,1
15563,22,4,1400.44,350.11,0
15565,50,2,173.16,86.58,0
15567,19,1,186.01,186.01,0
15568,3,3,758.29,252.76,0
15569,104,5,1375.71,275.14,1
15570,7,12,4165.52,347.13,0
15571,12,4,650.4300000000001,162.61,0
15572,5,7,2552.86,364.69,0
15573,32,2,607.45,303.73,0
15574,178,4,702.25,175.56,1
15576,38,1,940.6700000000001,940.67,0
15577,151,3,258.88,86.29,1
15578,162,1,127.1,127.1,1
15579,69,2,348.6,174.3,0
15581,121,13,3679.9700000000003,283.07,1
15582,25,3,682.9100000000001,227.64,0
15584,24,4,725.11,181.28,0
15585,177,1,455.3,455.3,1
15587,50,4,913.6800000000001,228.42,0
15589,256,3,478.53000000000003,159.51,1
15592,47,1,388.58,388.58,0
15593,71,1,199.8,199.8,0
15594,16,5,1771.78,354.36,0
15596,101,5,1406.59,281.32,1
15597,35,1,324.57,324.57,0
15598,53,1,240.68,240.68,0
15599,27,2,761.74,380.87,0
15601,11,14,6776.56,484.04,0
15602,8,9,1297.8700000000001,144.21,0
15603,79,1,48.480000000000004,48.48,0
15604,52,1,216.39,216.39,0
15605,36,5,1198.23,239.65,0
15606,61,9,2920.16,324.46,0
15607,337,1,104.76,104.76,1
15608,28,4,1093.68,273.42,0
15609,184,1,298.48,298.48,1
15610,52,1,112.46000000000001,112.46,0
15611,10,13,1591.45,122.42,0
15612,36,2,195.15,97.58,0
15615,10,23,10399.74,452.16,0
15618,33,4,776.851,194.21,0
15619,11,1,336.40000000000003,336.4,0
15620,57,3,1553.18,517.73,0
15621,4,4,1293.03,323.26,0
15622,43,9,3709.56,412.17,0
15623,141,1,301.03,301.03,1
15624,117,4,588.13,147.03,1
15625,104,4,1534.26,383.56,1
15626,75,2,675.8,337.9,0
15628,5,9,2870.2400000000002,318.92,0
15630,45,2,1186.35,593.17,0
15632,16,8,3285.31,410.66,0
15634,17,1,243.55,243.55,0
15636,90,2,724.76,362.38,0
15637,53,1,223.36,223.36,0
15639,134,1,425.32,425.32,1
15640,4,15,12515.66,834.38,0
15641,105,4,1887.2,471.8,1
15643,192,3,664.0,221.33,1
15644,166,4,813.0,203.25,1
15645,19,1,612.01,612.01,0
15646,158,3,447.64000000000004,149.21,1
15648,204,2,657.35,328.68,1
15649,336,2,816.0,408.0,1
15651,37,3,646.3,215.43,0
15652,91,1,337.74,337.74,1
15653,93,2,877.4399999999999,438.72,1
15654,9,2,922.53,461.26,0
15655,243,1,560.67,560.67,1
15656,45,4,748.5,187.12,0
15657,23,1,30.0,30.0,0
15658,190,5,1024.1000000000001,204.82,1
15659,44,1,306.45,306.45,0
15660,25,9,1600.86,177.87,0
15661,317,2,309.8,154.9,1
15663,106,1,138.14,138.14,1
15664,51,1,386.43,386.43,0
15665,168,2,2242.01,1121.01,1
15667,40,1,301.32,301.32,0
15668,218,1,76.32000000000001,76.32,1
15669,40,4,684.34,171.08,0
15670,297,1,173.05,173.05,1
15671,19,7,2657.13,379.59,0
15673,88,4,2881.02,720.26,0
15674,73,5,2446.6,489.32,0
15675,81,3,323.69,107.9,0
15676,19,3,3435.76,1145.25,0
15677,49,1,657.23,657.23,0
15678,53,1,352.7,352.7,0
15679,24,4,781.28,195.32,0
15680,9,3,1333.68,444.56,0
15681,25,5,1426.16,285.23,0
15683,117,1,193.75,193.75,1
15687,9,9,2993.1,332.57,0
15689,120,2,254.1,127.05,1
15690,4,2,239.76,119.88,0
15691,252,1,136.8,136.8,1
15692,28,1,191.04,191.04,0
15694,1,14,6479.4,462.81,0
15695,267,2,409.98,204.99,1
15696,33,8,2736.46,342.06,0
15699,18,1,309.65,309.65,0
15700,172,2,696.68,348.34,1
15701,2,4,1542.14,385.54,0
15703,265,1,211.5,211.5,1
15704,140,4,2293.62,573.4,1
15705,201,1,143.1,143.1,1
15706,64,4,1060.56,265.14,0
15707,35,4,945.58,236.4,0
15708,41,7,3364.2400000000002,480.61,0
15709,284,1,133.25,133.25,1
15712,9,5,1072.3600000000001,214.47,0
15713,143,2,356.7,178.35,1
15714,12,2,330.88,165.44,0
15716,146,4,1118.81,279.7,1
15717,234,1,150.3,150.3,1
15719,33,13,5045.61,388.12,0
15720,24,1,598.73,598.73,0
15721,12,1,507.08,507.08,0
15722,36,5,2222.56,444.51,0
15723,365,1,203.1,203.1,1
15724,201,2,218.25,109.12,1
15725,15,1,415.25,415.25,0
15727,17,7,5178.96,739.85,0
15729,213,1,85.0,85.0,1
15730,66,3,1120.88,373.63,0
15732,212,2,294.12,147.06,1
15733,283,1,162.3,162.3,1
15734,115,2,1339.45,669.72,1
15737,15,8,1205.1200000000001,150.64,0
15738,19,16,4812.42,300.78,0
15739,66,1,449.12,449.12,0
15740,49,1,154.88,154.88,0
15743,16,4,784.46,196.12,0
15744,78,1,34.8,34.8,0
15745,19,4,1094.59,273.65,0
15746,134,1,196.88,196.88,1
15747,13,3,974.04,324.68,0
15748,40,1,149.31,149.31,0
15749,235,3,44534.3,14844.77,1
15750,3,8,2465.48,308.18,0
15752,40,7,2637.38,376.77,0
15753,305,1,79.2,79.2,1
15754,51,3,458.57,152.86,0
15755,10,6,2364.25,394.04,0
15756,61,4,532.96,133.24,0
15757,66,2,714.42,357.21,0
15758,25,1,205.25,205.25,0
15759,218,3,253.04,84.35,1
15762,65,2,583.75,291.88,0
15763,32,2,1086.92,543.46,0
15764,88,6,3279.97,546.66,0
15766,64,1,315.06,315.06,0
15768,116,3,621.8299999999999,207.28,1
15769,7,26,56252.72,2163.57,0
15773,6,1,635.6800000000001,635.68,0
15774,69,1,270.8,270.8,0
15775,245,1,104.9,104.9,1
15776,133,1,241.62,241.62,1
15777,241,4,1047.11,261.78,1
15780,184,3,475.28000000000003,158.43,1
15781,25,3,345.46,115.15,0
15782,10,3,2614.7400000000002,871.58,0
15783,11,1,246.3,246.3,0
15785,33,5,2328.9700000000003,465.79,0
15786,46,3,4932.2,1644.07,0
15787,26,3,948.05,316.02,0
15789,358,1,351.3,351.3,1
15790,10,1,220.85,220.85,0
15791,44,2,1612.69,806.34,0
15793,15,3,965.61,321.87,0
15795,150,1,610.01,610.01,1
15796,1,8,2711.56,338.94,0
15797,113,4,2207.4,551.85,1
15799,76,3,884.14,294.71,0
15800,107,2,699.08,349.54,1
15801,46,3,1063.95,354.65,0
15802,143,1,451.42,451.42,1
15803,51,1,415.82000000000005,415.82,0
15804,1,13,4206.39,323.57,0
15805,23,17,5528.4800000000005,325.2,0
15806,46,3,784.58,261.53,0
15807,50,3,903.9,301.3,0
15808,306,4,3734.9700000000003,933.74,1
15809,36,5,515.77,103.15,0
15810,79,4,1391.98,348.0,0
15811,22,6,2218.62,369.77,0
15812,107,5,1801.14,360.23,1
15813,208,2,1303.9099999999999,651.95,1
15814,17,4,1945.33,486.33,0
15815,64,5,2100.6,420.12,0
15819,49,4,1905.45,476.36,0
15820,320,1,206.98,206.98,1
15821,44,2,570.96,285.48,0
15822,3,2,885.47,442.74,0
15823,372,1,15.0,15.0,1
15825,172,1,532.94,532.94,1
15826,56,3,1654.31,551.44,0
15827,73,14,1836.0900000000001,131.15,0
15829,99,2,636.14,318.07,1
15830,38,1,576.0,576.0,0
15831,58,3,801.76,267.25,0
15832,254,1,836.79,836.79,1
15834,70,4,2233.75,558.44,0
15835,44,4,954.09,238.52,0
15836,50,1,137.37,137.37,0
15837,65,1,391.98,391.98,0
15838,11,19,33643.08,1770.69,0
15839,33,3,1048.49,349.5,0
15840,59,2,355.56,177.78,0
15841,73,4,1224.06,306.02,0
15843,304,1,118.95000000000002,118.95,1
15844,46,1,130.73999999999998,130.74,0
15845,18,8,3711.77,463.97,0
15847,38,2,389.27,194.64,0
15850,19,2,238.85,119.42,0
15852,187,2,160.71,80.36,1
15853,52,1,110.8,110.8,0
15854,4,12,2974.65,247.89,0
15855,137,5,712.24,142.45,1
15856,4,27,16387.57,606.95,0
15857,19,1,297.0,297.0,0
15858,16,5,1438.85,287.77,0
15860,41,8,977.21,122.15,0
15861,12,8,3165.36,395.67,0
15862,8,4,832.88,208.22,0
15863,26,2,68.84,34.42,0
15864,22,6,1936.3200000000002,322.72,0
15865,41,3,895.13,298.38,0
15866,101,1,230.53,230.53,1
15867,5,15,3812.64,254.18,0
15869,277,2,149.64,74.82,1
15870,33,1,354.09000000000003,354.09,0
15872,15,2,360.93,180.46,0
15874,64,7,4405.88,629.41,0
15877,2,2,493.28,246.64,0
15880,369,1,343.28000000000003,343.28,1
15881,312,5,501.39000000000004,100.28,1
15882,199,4,516.36,129.09,1
15883,2,2,396.48,198.24,0
15885,93,3,379.35,126.45,1
15886,60,1,181.09,181.09,0
15888,81,1,168.31,168.31,0
15889,157,2,446.87,223.44,1
15891,227,1,524.52,524.52,1
15894,253,2,263.55,131.78,1
15895,150,1,179.17,179.17,1
15897,194,2,222.05,111.02,1
15898,1,5,1388.88,277.78,0
15899,369,1,56.25,56.25,1
15900,24,1,351.11,351.11,0
15901,17,3,363.88,121.29,0
15903,10,7,5126.76,732.39,0
15904,8,1,164.68,164.68,0
15906,20,7,1567.69,223.96,0
15907,4,3,967.45,322.48,0
15909,174,1,191.94,191.94,1
15910,1,8,1232.18,154.02,0
15912,178,2,264.62,132.31,1
15916,16,8,1528.09,191.01,0
15917,248,1,123.1,123.1,1
15918,191,2,334.23,167.12,1
15919,20,2,639.89,319.94,0
15920,154,4,167.5,41.88,1
15921,173,1,336.03000000000003,336.03,1
15922,373,1,369.5,369.5,1
15923,373,1,127.08,127.08,1
15925,194,1,207.15,207.15,1
15930,67,1,426.63,426.63,0
15932,4,8,2495.87,311.98,0
15933,21,3,1107.46,369.15,0
15935,239,2,416.86,208.43,1
15937,64,1,145.35,145.35,0
15938,112,5,404.58,80.92,1
15939,90,15,6115.01,407.67,0
15940,311,1,35.8,35.8,1
15942,134,1,337.44,337.44,1
15944,277,1,325.1,325.1,1
15945,365,1,181.0,181.0,1
15947,83,1,1708.24,1708.24,0
15948,8,2,955.24,477.62,0
15949,17,2,364.72,182.36,0
15950,32,4,1765.51,441.38,0
15951,9,2,708.22,354.11,0
15952,34,4,806.57,201.64,0
15953,15,8,1659.3799999999999,207.42,0
15955,24,14,4416.26,315.45,0
15957,32,1,428.89,428.89,0
15958,74,1,104.35,104.35,0
15963,20,2,470.76,235.38,0
15965,17,4,845.64,211.41,0
15967,23,2,418.83,209.42,0
15969,3,3,666.1,222.03,0
15970,304,1,314.1,314.1,1
15971,18,12,4199.85,349.99,0
15973,367,1,307.82000000000005,307.82,1
15974,39,7,3442.15,491.74,0
15975,84,1,371.01,371.01,0
15976,165,2,430.94,215.47,1
15977,17,2,1054.73,527.36,0
15978,77,1,1098.78,1098.78,0
15980,89,3,2398.86,799.62,0
15981,25,8,3408.48,426.06,0
15983,22,4,1475.02,368.76,0
15984,3,10,2837.67,283.77,0
15985,123,2,1142.42,571.21,1
15986,30,1,168.12,168.12,0
15987,12,7,1451.28,207.33,0
15988,19,1,158.03,158.03,0
15990,44,2,792.11,396.06,0
15992,4,1,41.989999999999995,41.99,0
15993,9,7,2797.57,399.65,0
15994,55,1,427.07,427.07,0
15996,88,6,1060.68,176.78,0
15998,37,5,3089.97,617.99,0
16000,3,3,12393.7,4131.23,0
16003,30,5,2735.37,547.07,0
16005,12,4,615.39,153.85,0
16006,211,1,101.4,101.4,1
16007,48,4,1701.94,425.48,0
16008,24,3,478.78,159.59,0
16009,22,4,992.71,248.18,0
16010,246,3,407.5,135.83,1
16011,8,16,3362.71,210.17,0
16012,35,3,1415.29,471.76,0
16013,4,47,37130.6,790.01,0
16014,38,3,662.38,220.79,0
16015,4,3,705.39,235.13,0
16016,3,8,1508.76,188.6,0
16017,47,1,211.88,211.88,0
16018,39,2,408.90000000000003,204.45,0
16019,47,9,3786.2400000000002,420.69,0
16020,17,3,851.01,283.67,0
16022,260,1,628.28,628.28,1
16023,46,3,719.81,239.94,0
16024,12,1,251.24,251.24,0
16025,30,1,439.65999999999997,439.66,0
16026,43,1,236.09,236.09,0
16027,92,6,934.62,155.77,1
16029,39,63,81024.84,1286.11,0
16030,310,1,331.24,331.24,1
16031,92,2,548.94,274.47,1
16033,6,20,8816.4,440.82,0
16034,196,3,437.7,145.9,1
16036,87,2,758.92,379.46,0
16037,270,3,855.02,285.01,1
16038,8,3,471.78000000000003,157.26,0
16040,65,3,1313.55,437.85,0
16041,31,3,3166.4,1055.47,0
16042,22,5,1197.27,239.45,0
16043,38,4,773.99,193.5,0
16045,120,4,1340.7,335.18,1
16048,373,2,256.44,128.22,1
16049,40,3,1111.79,370.6,0
16050,174,1,137.9,137.9,1
16052,54,1,362.06,362.06,0
16053,33,2,1511.95,755.98,0
16054,145,1,783.9,783.9,1
16055,221,1,134.8,134.8,1
16056,45,1,664.85,664.85,0
16057,16,7,2263.12,323.3,0
16059,66,6,1459.8600000000001,243.31,0
16062,10,4,1153.62,288.4,0
16063,260,1,335.32,335.32,1
16065,365,1,372.09,372.09,1
16066,17,5,1521.87,304.37,0
16070,22,2,852.15,426.08,0
16071,45,1,326.24,326.24,0
16072,288,1,584.3199999999999,584.32,1
16073,297,1,122.39999999999999,122.4,1
16076,3,10,2234.73,223.47,0
16078,284,1,79.2,79.2,1
16079,17,3,1352.0,450.67,0
16080,82,2,217.16,108.58,0
16081,56,5,2806.9,561.38,0
16083,101,2,1317.62,658.81,1
16084,299,1,436.18,436.18,1
16085,23,5,981.51,196.3,0
16086,59,5,1121.39,224.28,0
16091,155,2,315.06,157.53,1
16092,115,3,817.86,272.62,1
16093,107,1,17.0,17.0,1
16094,12,4,1078.23,269.56,0
16096,264,1,320.62,320.62,1
16097,240,1,185.04999999999998,185.05,1
16098,88,7,2005.63,286.52,0
16099,50,3,731.9,243.97,0
16101,71,1,1290.7,1290.7,0
16102,42,3,1842.14,614.05,0
16103,7,6,1429.64,238.27,0
16104,62,1,302.36,302.36,0
16105,249,1,336.96,336.96,1
16106,66,1,108.38,108.38,0
16107,18,7,3204.1600000000003,457.74,0
16108,85,1,842.5,842.5,0
16109,219,2,611.88,305.94,1
16110,45,3,1337.48,445.83,0
16112,143,4,195.73999999999998,48.93,1
16113,183,1,161.38,161.38,1
16114,171,1,135.75000000000003,135.75,1
16115,10,8,1667.97,208.5,0
16116,212,1,612.78,612.78,1
16117,190,1,232.21,232.21,1
16119,8,2,423.36,211.68,0
16120,59,4,1309.14,327.29,0
16121,57,2,867.11,433.56,0
16122,73,4,684.4200000000001,171.1,0
16123,52,1,307.78,307.78,0
16124,317,1,249.0,249.0,1
16125,367,1,289.35,289.35,1
16126,29,4,6287.77,1571.94,0
16127,39,1,656.25,656.25,0
16128,18,5,1880.22,376.04,0
16131,52,6,3506.54,584.42,0
16133,4,33,14589.04,442.09,0
16134,22,2,618.09,309.04,0
16135,263,1,517.55,517.55,1
16136,60,3,709.38,236.46,0
16139,19,3,635.41,211.8,0
16140,66,2,725.18,362.59,0
16141,88,1,620.4,620.4,0
16142,250,1,535.34,535.34,1
16143,3,6,2424.94,404.16,0
16144,247,1,175.2,175.2,1
16145,9,11,3799.4900000000002,345.41,0
16146,157,3,734.13,244.71,1
16147,134,1,375.0,375.0,1
16148,296,1,76.32000000000001,76.32,1
16149,5,2,280.52,140.26,0
16150,43,5,2053.02,410.6,0
16152,269,1,1829.04,1829.04,1
16153,50,5,1824.23,364.85,0
16156,9,9,3122.04,346.89,0
16157,16,3,656.69,218.9,0
16159,282,1,348.2,348.2,1
16160,65,2,1025.44,512.72,0
16161,2,19,5575.56,293.45,0
16162,252,1,37.4,37.4,1
16163,232,2,856.6,428.3,1
16164,17,3,822.48,274.16,0
16168,11,27,3787.6,140.28,0
16169,8,4,1822.97,455.74,0
16170,51,6,1885.05,314.18,0
16171,59,1,73.2,73.2,0
16172,95,5,1140.21,228.04,1
16173,16,6,1418.32,236.39,0
16174,126,3,1009.5500000000001,336.52,1
16175,94,4,1037.59,259.4,1
16177,50,1,331.95,331.95,0
16178,138,1,197.9,197.9,1
16179,61,1,215.83,215.83,0
16180,100,8,10254.18,1281.77,1
16181,73,1,305.54,305.54,0
16182,72,4,6617.65,1654.41,0
16183,67,1,338.71000000000004,338.71,0
16184,64,6,1158.79,193.13,0
16185,17,2,529.41,264.7,0
16186,23,12,4006.94,333.91,0
16187,32,15,6911.4400000000005,460.76,0
16188,45,4,981.86,245.46,0
16189,16,2,215.48,107.74,0
16190,40,1,215.08,215.08,0
16191,3,13,5180.52,398.5,0
16193,237,1,314.45,314.45,1
16198,75,1,400.68100000000004,400.68,0
16200,4,2,1080.6200000000001,540.31,0
16201,3,4,1863.47,465.87,0
16202,361,1,365.27,365.27,1
16203,59,4,592.9,148.22,0
16204,23,1,405.71,405.71,0
16205,31,4,761.38,190.34,0
16206,55,4,537.0600000000001,134.27,0
16207,25,1,394.38,394.38,0
16208,45,2,664.26,332.13,0
16209,89,5,2262.62,452.52,0
16210,2,18,21086.3,1171.46,0
16211,89,1,547.02,547.02,0
16212,19,2,690.34,345.17,0
16213,79,1,159.0,159.0,0
16214,171,3,1062.75,354.25,1
16215,81,1,242.35,242.35,0
16216,267,1,914.9300000000001,914.93,1
16217,235,2,304.25,152.12,1
16218,30,7,3084.68,440.67,0
16221,37,3,864.86,288.29,0
16222,318,1,846.72,846.72,1
16224,57,4,1295.3,323.82,0
16225,45,5,1096.32,219.26,0
16226,203,3,255.12,85.04,1
16227,225,1,314.22,314.22,1
16229,87,2,1010.6,505.3,0
16230,190,2,542.03,271.02,1
16232,44,4,990.88,247.72,0
16233,71,3,536.6800000000001,178.89,0
16235,41,5,867.31,173.46,0
16236,78,1,432.2,432.2,0
16239,57,2,414.2,207.1,0
16240,24,2,3718.8,1859.4,0
16241,10,13,2607.87,200.61,0
16242,8,7,3603.21,514.74,0
16243,34,2,409.1,204.55,0
16244,212,2,1522.75,761.38,1
16245,24,3,1413.66,471.22,0
16247,170,1,114.56,114.56,1
16248,62,1,152.94,152.94,0
16249,53,5,1800.07,360.01,0
16250,261,2,389.44,194.72,1
16253,67,2,3683.86,1841.93,0
16255,17,8,2619.91,327.49,0
16256,267,1,752.4300000000001,752.43,1
16257,177,1,46.95,46.95,1
16258,45,5,5203.51,1040.7,0
16260,51,1,1035.45,1035.45,0
16261,17,4,746.83,186.71,0
16265,9,9,5447.0,605.22,0
16266,74,7,861.89,123.13,0
16268,71,2,667.65,333.82,0
16270,353,1,1141.24,1141.24,1
16271,3,5,1429.24,285.85,0
16272,117,1,411.7,411.7,1
16274,373,1,357.95,357.95,1
16275,197,1,559.87,559.87,1
16276,177,1,810.6000000000001,810.6,1
16278,100,1,566.38,566.38,1
16279,21,3,1509.58,503.19,0
16281,72,1,2062.06,2062.06,0
16282,340,1,168.3,168.3,1
16283,6,5,1570.81,314.16,0
16284,31,2,823.97,411.98,0
16287,170,1,142.5,142.5,1
16292,122,1,302.25,302.25,1
16293,22,10,2248.9900000000002,224.9,0
16295,10,4,1328.55,332.14,0
16297,269,1,301.9,301.9,1
16298,23,3,598.2,199.4,0
16302,127,1,233.22,233.22,1
16303,26,3,5360.63,1786.88,0
16305,139,1,361.21999999999997,361.22,1
16306,214,6,632.27,105.38,1
16308,38,4,2560.0,640.0,0
16309,106,2,706.57,353.28,1
16311,18,2,616.26,308.13,0
16313,3,2,274.15000000000003,137.08,0
16315,331,1,226.37,226.37,1
16316,64,8,2938.91,367.36,0
16317,120,3,1341.65,447.22,1
16318,35,1,328.15,328.15,0
16319,218,1,404.40000000000003,404.4,1
16320,172,2,1038.46,519.23,1
16321,72,5,373.65000000000003,74.73,0
16322,1,2,326.75,163.38,0
16323,196,1,207.50000000000003,207.5,1
16324,128,3,428.68,142.89,1
16325,47,3,594.24,198.08,0
16326,6,14,3110.96,222.21,0
16327,14,6,3844.22,640.7,0
16330,18,3,251.91,83.97,0
16332,28,7,1593.2,227.6,0
16333,8,22,26626.8,1210.31,0
16337,37,1,151.05,151.05,0
16338,157,1,214.79999999999998,214.8,1
16339,284,1,109.95,109.95,1
16340,107,1,549.07,549.07,1
16341,25,4,1971.87,492.97,0
16342,75,4,322.41,80.6,0
16343,16,2,370.47999999999996,185.24,0
16344,158,1,101.10000000000001,101.1,1
16345,44,1,575.41,575.41,0
16347,11,2,887.65,443.82,0
16348,32,7,1469.45,209.92,0
16349,291,1,53.5,53.5,1
16350,21,4,1116.47,279.12,0
16351,333,1,153.9,153.9,1
16352,18,2,494.44,247.22,0
16353,4,23,6675.71,290.25,0
16354,63,2,395.8,197.9,0
16356,198,3,211.77,70.59,1
16357,33,3,658.88,219.63,0
16358,1,4,2027.5,506.88,0
16359,7,9,1750.92,194.55,0
16360,5,6,3512.53,585.42,0
16361,10,4,896.66,224.16,0
16362,32,5,734.77,146.95,0
16363,53,1,109.36000000000001,109.36,0
16364,12,2,707.04,353.52,0
16365,18,9,1540.42,171.16,0
16366,19,1,327.3,327.3,0
16367,37,2,804.49,402.24,0
16368,2,2,497.43,248.72,0
16369,18,3,1553.66,517.89,0
16370,82,4,1320.56,330.14,0
16372,33,2,367.93,183.96,0
16374,66,2,473.03000000000003,236.52,0
16376,9,2,987.01,493.5,0
16377,267,1,676.2,676.2,1
16378,247,3,362.95,120.98,1
16379,4,4,2157.4,539.35,0
16380,61,1,1780.59,1780.59,0
16383,75,2,668.36,334.18,0
16384,90,2,584.5,292.25,0
16385,60,3,555.89,185.3,0
16386,29,2,317.2,158.6,0
16387,323,1,94.36,94.36,1
16389,53,4,1382.07,345.52,0
16392,270,1,221.19,221.19,1
16393,2,13,3046.21,234.32,0
16394,57,5,1555.34,311.07,0
16395,61,5,1486.9,297.38,0
16398,154,2,1705.8,852.9,1
16399,19,2,408.57,204.28,0
16400,95,1,303.93,303.93,1
16401,1,12,4098.32,341.53,0
16402,265,2,299.6,149.8,1
16403,312,1,177.5,177.5,1
16404,70,1,443.05,443.05,0
16405,302,2,167.25,83.62,1
16406,19,1,163.07,163.07,0
16407,13,10,2126.93,212.69,0
16409,36,5,2028.88,405.78,0
16411,19,2,214.65,107.32,0
16412,54,1,151.83,151.83,0
16413,57,1,262.2,262.2,0
16414,22,2,126.25,63.12,0
16415,44,1,210.35,210.35,0
16416,27,3,1051.4,350.47,0
16418,45,3,675.27,225.09,0
16419,113,6,972.23,162.04,1
16422,17,51,34684.4,680.09,0
16423,25,1,346.12,346.12,0
16424,191,1,133.56,133.56,1
16425,302,1,302.7,302.7,1
16426,2,10,1908.25,190.82,0
16427,263,2,241.06,120.53,1
16429,106,1,284.55,284.55,1
16430,57,1,300.85,300.85,0
16431,213,3,642.81,214.27,1
16432,64,1,287.4,287.4,0
16433,28,1,184.26,184.26,0
16434,29,7,1522.25,217.46,0
16438,6,5,798.35,159.67,0
16440,8,5,3640.67,728.13,0
16441,67,2,381.2,190.6,0
16442,2,3,616.79,205.6,0
16444,46,4,654.67,163.67,0
16445,34,1,230.51,230.51,0
16446,1,2,168472.5,84236.25,0
16447,136,1,259.01,259.01,1
16448,198,1,188.89000000000001,188.89,1
16449,198,2,707.69,353.84,1
16450,150,1,311.92,311.92,1
16451,88,1,266.97,266.97,0
16454,45,2,6.9,3.45,0
16455,64,7,1841.18,263.03,0
16456,99,5,2158.37,431.67,1
16457,218,1,208.36,208.36,1
16458,3,18,3482.7400000000002,193.49,0
16460,28,3,814.72,271.57,0
16461,178,1,151.42,151.42,1
16462,74,3,136.0,45.33,0
16463,21,4,1422.4,355.6,0
16464,20,3,1314.68,438.23,0
16466,34,7,1603.46,229.07,0
16468,74,1,74.9,74.9,0
16469,24,4,650.43,162.61,0
16470,52,4,762.39,190.6,0
16471,275,1,223.95000000000002,223.95,1
16473,165,3,316.11,105.37,1
16474,7,7,1871.5,267.36,0
16475,88,4,544.3,136.07,0
16477,64,7,2494.46,356.35,0
16478,25,3,331.0,110.33,0
16479,10,2,300.83,150.42,0
16480,76,1,769.29,769.29,0
16482,16,1,220.62,220.62,0
16483,192,1,139.35,139.35,1
16484,174,2,404.3,202.15,1
16485,77,1,363.65,363.65,0
16488,33,3,498.8,166.27,0
16491,47,1,731.5,731.5,0
16493,80,4,1351.63,337.91,0
16494,297,1,826.53,826.53,1
16495,3,3,684.41,228.14,0
16496,9,3,1599.52,533.17,0
16497,50,6,2965.69,494.28,0
16498,161,2,100.97,50.48,1
16499,360,2,365.45,182.72,1
16500,5,6,400.86,66.81,0
16503,107,4,1431.93,357.98,1
16504,25,1,484.38,484.38,0
16505,32,1,777.6,777.6,0
16506,20,2,90.30000000000001,45.15,0
16509,297,1,363.7,363.7,1
16510,372,1,248.1,248.1,1
16511,22,3,950.26,316.75,0
16513,5,4,874.59,218.65,0
16515,52,5,1627.13,325.43,0
16516,30,1,101.69999999999999,101.7,0
16517,277,1,162.7,162.7,1
16518,61,2,484.32,242.16,0
16519,25,2,215.07999999999998,107.54,0
16520,186,3,1046.57,348.86,1
16523,2,21,9418.470000000001,448.5,0
16525,2,26,13027.45,501.06,0
16526,172,1,290.36,290.36,1
16527,81,1,228.06,228.06,0
16528,4,1,244.41,244.41,0
16529,190,1,455.25,455.25,1
16531,22,7,1244.59,177.8,0
16532,18,3,6748.8,2249.6,0
16533,19,3,1095.56,365.19,0
16535,5,1,593.75,593.75,0
16536,110,1,548.97,548.97,1
16539,3,4,1388.81,347.2,0
16542,54,1,119.62,119.62,0
16545,165,1,339.3,339.3,1
16546,291,2,787.15,393.58,1
16549,10,10,4154.64,415.46,0
16550,109,5,2298.97,459.79,1
16551,96,3,922.12,307.37,1
16552,243,2,379.73,189.86,1
16553,163,12,5719.82,476.65,1
16554,42,3,837.1,279.03,0
16555,35,2,285.89,142.94,0
16556,67,7,3313.79,473.4,0
16557,24,2,281.85,140.93,0
16558,1,20,8338.49,416.92,0
16560,27,2,841.41,420.7,0
16561,6,2,511.12,255.56,0
16563,54,1,1077.74,1077.74,0
16565,364,1,173.7,173.7,1
16566,15,5,614.66,122.93,0
16567,194,2,865.6,432.8,1
16569,3,1,124.2,124.2,0
16570,15,10,3738.4,373.84,0
16571,27,3,1421.69,473.9,0
16572,127,3,1009.6,336.53,1
16573,85,2,663.61,331.8,0
16574,71,1,451.44,451.44,0
16581,183,1,105.84,105.84,1
16582,113,1,313.62,313.62,1
16583,374,1,233.45,233.45,1
16584,80,2,936.08,468.04,0
16586,249,1,463.95,463.95,1
16587,232,1,225.15,225.15,1
16589,71,3,459.24,153.08,0
16591,69,1,213.5,213.5,0
16592,4,16,4113.68,257.1,0
16593,51,3,330.03,110.01,0
16594,75,1,181.09,181.09,0
16595,61,1,360.16,360.16,0
16596,16,2,250.15,125.08,0
16597,4,1,90.04,90.04,0
16598,286,1,145.04999999999998,145.05,1
16600,4,6,813.52,135.59,0
16601,41,1,244.79999999999998,244.8,0
16602,36,1,528.08,528.08,0
16603,75,2,482.47,241.24,0
16607,18,14,3347.71,239.12,0
16609,15,7,5493.46,784.78,0
16610,219,1,75.66,75.66,1
16611,186,1,129.49,129.49,1
16612,33,4,1187.66,296.92,0
16613,70,1,618.59,618.59,0
16614,183,1,506.19,506.19,1
16616,15,2,500.42,250.21,0
16617,236,1,151.85,151.85,1
16618,31,5,2647.59,529.52,0
16619,264,1,226.21,226.21,1
16620,4,2,178.96,89.48,0
16621,52,4,813.48,203.37,0
16623,246,1,129.45,129.45,1
16624,81,2,810.5699999999999,405.28,0
16625,275,1,333.08,333.08,1
16626,1,17,4413.1,259.59,0
16627,79,1,322.8,322.8,0
16628,30,5,2188.05,437.61,0
16629,74,2,417.73,208.86,0
16633,17,6,2883.1,480.52,0
16634,223,2,217.9,108.95,1
16637,32,4,1154.47,288.62,0
16638,23,10,1680.72,168.07,0
16639,31,3,1257.51,419.17,0
16641,106,1,231.10000000000002,231.1,1
16642,5,2,688.33,344.16,0
16643,246,1,487.51,487.51,1
16644,178,2,833.78,416.89,1
16647,170,2,214.06,107.03,1
16648,43,1,290.65999999999997,290.66,0
16650,72,1,518.42,518.42,0
16652,59,7,6773.97,967.71,0
16653,16,2,1212.66,606.33,0
16654,141,4,601.27,150.32,1
16655,18,6,3794.52,632.42,0
16656,22,15,8625.8,575.05,0
16657,10,4,933.62,233.4,0
16658,368,1,123.24,123.24,1
16659,189,1,39.12,39.12,1
16660,16,4,1267.6499999999999,316.91,0
16665,362,1,135.39999999999998,135.4,1
16666,19,1,118.98,118.98,0
16667,68,2,570.13,285.06,0
16668,15,6,306.71999999999997,51.12,0
16669,24,3,1374.8700000000001,458.29,0
16670,17,11,4095.9,372.35,0
16671,28,3,1692.27,564.09,0
16672,2,20,8134.9400000000005,406.75,0
16674,55,2,319.61,159.8,0
16676,34,4,1592.1200000000001,398.03,0
16678,3,12,3109.99,259.17,0
16679,366,1,129.75,129.75,1
16680,43,1,183.7,183.7,0
16681,73,6,1770.34,295.06,0
16682,5,5,1028.0,205.6,0
16684,4,28,66653.56,2380.48,0
16685,61,2,324.24,162.12,0
16686,47,7,3062.83,437.55,0
16688,1,4,1260.86,315.21,0
16689,76,2,422.59999999999997,211.3,0
16690,72,2,225.57999999999998,112.79,0
16692,256,2,1276.0,638.0,1
16693,69,2,482.01,241.0,0
16696,135,4,657.9000000000001,164.48,1
16697,241,1,112.75,112.75,1
16698,227,2,1998.0,999.0,1
16700,9,13,5076.55,390.5,0
16701,9,13,5398.3,415.25,0
16705,1,20,14034.99,701.75,0
16706,37,3,531.35,177.12,0
16708,46,1,656.63,656.63,0
16709,85,5,3029.87,605.97,0
16710,19,10,2483.04,248.3,0
16711,3,5,1651.03,330.21,0
16712,9,11,3645.43,331.4,0
16713,19,15,6923.13,461.54,0
16714,219,3,1161.53,387.18,1
16715,78,1,301.71999999999997,301.72,0
16716,267,2,901.2,450.6,1
16717,24,6,3858.38,643.06,0
16718,369,1,623.75,623.75,1
16719,15,7,1790.42,255.77,0
16720,26,1,155.24,155.24,0
16721,262,1,292.47,292.47,1
16722,17,13,4730.81,363.91,0
16723,91,2,589.15,294.58,1
16725,302,7,781.02,111.57,1
16726,26,5,1382.02,276.4,0
16727,364,1,272.82,272.82,1
16728,46,4,1054.67,263.67,0
16729,38,21,7239.92,344.76,0
16730,52,3,743.11,247.7,0
16732,32,1,603.75,603.75,0
16734,52,3,650.51,216.84,0
16735,79,5,2300.56,460.11,0
16737,53,1,417.59999999999997,417.6,0
16738,298,1,3.75,3.75,1
16739,177,1,323.0,323.0,1
16742,47,1,464.9,464.9,0
16743,29,7,2238.09,319.73,0
16744,11,7,1304.76,186.39,0
16745,87,17,7194.3,423.19,0
16746,5,18,6697.66,372.09,0
16747,38,2,836.06,418.03,0
16748,18,5,1515.9,303.18,0
16750,45,5,623.93,124.79,0
16751,31,1,1764.72,1764.72,0
16752,373,1,207.5,207.5,1
16753,58,1,223.92000000000002,223.92,0
16754,372,1,2002.4,2002.4,1
16755,114,3,1496.83,498.94,1
16756,215,1,239.4,239.4,1
16757,319,1,106.83000000000001,106.83,1
16758,65,1,369.34000000000003,369.34,0
16759,8,3,789.79,263.26,0
16761,97,1,316.62,316.62,1
16762,20,3,1501.38,500.46,0
16763,199,1,611.85,611.85,1
16764,4,13,2799.25,215.33,0
16765,294,1,34.0,34.0,1
16766,273,2,1145.6,572.8,1
16767,31,11,5580.6,507.33,0
16768,48,3,478.09000000000003,159.36,0
16769,260,1,380.39,380.39,1
16770,58,5,770.1,154.02,0
16771,33,5,2246.81,449.36,0
16773,57,1,171.59,171.59,0
16774,68,4,661.52,165.38,0
16775,10,11,1695.66,154.15,0
16776,60,1,388.28,388.28,0
16777,80,2,226.35,113.18,0
16778,74,2,245.94,122.97,0
16779,2,22,10629.720000000001,483.17,0
16780,100,2,425.19,212.6,1
16781,372,1,311.25,311.25,1
16782,10,13,2279.9,175.38,0
16784,20,1,107.6,107.6,0
16788,123,2,597.48,298.74,1
16789,8,1,80.8,80.8,0
16790,4,6,1545.6200000000001,257.6,0
16791,29,7,1721.78,245.97,0
16792,282,2,110.38000000000001,55.19,1
16793,57,1,243.84,243.84,0
16794,1,10,1222.71,122.27,0
16795,365,1,414.88,414.88,1
16796,89,1,305.62,305.62,0
16800,11,1,1201.49,1201.49,0
16801,163,4,1619.73,404.93,1
16803,65,1,332.3,332.3,0
16804,23,3,536.99,179.0,0
16805,174,2,460.59,230.3,1
16806,103,4,801.49,200.37,1
16807,143,3,1121.59,373.86,1
16808,99,2,288.42,144.21,1
16809,23,5,914.69,182.94,0
16810,192,1,309.54,309.54,1
16811,5,2,547.07,273.54,0
16812,361,1,479.35,479.35,1
16813,8,10,1692.98,169.3,0
16814,14,21,6509.1,309.96,0
16816,103,4,417.06,104.26,1
16817,3,9,1604.75,178.31,0
16818,11,11,3349.57,304.51,0
16820,96,1,497.61,497.61,1
16823,227,1,358.38,358.38,1
16824,16,2,460.64,230.32,0
16825,39,2,775.1800000000001,387.59,0
16826,51,1,341.7,341.7,0
16828,93,2,128.5,64.25,1
16829,157,1,197.22,197.22,1
16830,39,1,325.91,325.91,0
16832,184,3,199.15,66.38,1
16833,1,4,1106.53,276.63,0
16834,228,1,413.46,413.46,1
16835,128,2,180.85,90.42,1
16836,40,2,251.87,125.94,0
16837,31,11,3170.98,288.27,0
16838,197,2,588.85,294.42,1
16839,9,34,16594.35,488.07,0
16841,37,6,1869.82,311.64,0
16842,101,3,1264.19,421.4,1
16843,43,16,10196.57,637.29,0
16846,50,1,214.32,214.32,0
16847,43,1,193.44,193.44,0
16848,53,1,281.42,281.42,0
16849,187,1,124.57,124.57,1
16850,334,1,332.41,332.41,1
16851,4,3,342.45,114.15,0
16852,10,2,144.91000000000003,72.46,0
16855,24,2,328.4,164.2,0
16856,15,1,35.400000000000006,35.4,0
16858,369,1,375.69000000000005,375.69,1
16859,145,2,747.81,373.9,1
16861,60,2,173.76,86.88,0
16863,31,2,502.8,251.4,0
16866,141,3,207.73999999999998,69.25,1
16869,23,4,825.42,206.36,0
16871,22,6,2812.34,468.72,0
16872,77,3,680.02,226.67,0
16873,5,6,7123.62,1187.27,0
16875,67,5,2095.53,419.11,0
16877,12,6,853.72,142.29,0
16878,84,1,13.3,13.3,0
16880,31,7,1519.08,217.01,0
16881,67,1,432.0,432.0,0
16882,67,3,705.12,235.04,0
16883,187,2,276.73,138.36,1
16884,38,2,429.84000000000003,214.92,0
16885,15,3,471.51,157.17,0
16887,35,1,194.88,194.88,0
16889,195,3,1578.67,526.22,1
16891,2,5,809.7,161.94,0
16892,1,5,525.54,105.11,0
16893,367,1,145.93,145.93,1
16895,65,1,219.14,219.14,0
16897,299,2,289.78,144.89,1
16898,26,3,508.81,169.6,0
16899,8,6,1281.56,213.59,0
16900,17,3,887.11,295.7,0
16902,116,1,1706.88,1706.88,1
16903,29,1,373.24,373.24,0
16904,4,16,3754.27,234.64,0
16905,5,7,3102.43,443.2,0
16906,82,4,579.77,144.94,0
16907,29,5,981.65,196.33,0
16909,72,1,379.14,379.14,0
16910,4,8,1510.06,188.76,0
16912,29,11,2575.38,234.13,0
16913,290,1,113.44,113.44,1
16914,36,1,208.46,208.46,0
16915,9,6,621.6800000000001,103.61,0
16916,24,2,576.26,288.13,0
16917,277,1,391.52,391.52,1
16918,50,6,1068.82,178.14,0
16919,156,11,2596.45,236.04,1
16921,61,1,169.79,169.79,0
16923,12,19,7247.61,381.45,0
16924,21,3,846.75,282.25,0
16926,371,1,230.25,230.25,1
16927,116,3,543.05,181.02,1
16928,80,17,2847.6,167.51,0
16929,4,7,1295.39,185.06,0
16930,26,3,380.55,126.85,0
16931,5,21,4604.22,219.25,0
16932,53,1,161.94,161.94,0
16933,1,2,563.23,281.62,0
16934,55,2,950.9300000000001,475.46,0
16936,26,1,262.68,262.68,0
16938,9,4,2736.38,684.1,0
16940,52,3,3049.88,1016.63,0
16942,13,9,1920.59,213.4,0
16943,212,3,816.73,272.24,1
16945,22,19,4345.5,228.71,0
16947,236,1,406.48,406.48,1
16948,139,3,435.02,145.01,1
16949,4,6,1286.27,214.38,0
16950,57,3,1178.56,392.85,0
16951,135,3,1277.75,425.92,1
16952,109,2,167.61,83.8,1
16953,30,1,20.8,20.8,0
16954,1,9,2085.08,231.68,0
16955,185,4,518.67,129.67,1
16956,18,1,308.74,308.74,0
16957,239,2,416.64,208.32,1
16959,87,1,117.35000000000001,117.35,0
16960,39,3,507.05,169.02,0
16961,116,1,234.17,234.17,1
16963,187,1,110.55000000000001,110.55,1
16965,227,1,201.19,201.19,1
16966,8,7,2154.97,307.85,0
16967,189,1,319.02,319.02,1
16968,4,2,439.43,219.72,0
16969,39,3,650.41,216.8,0
16971,38,1,357.21,357.21,0
16976,267,1,251.51999999999998,251.52,1
16978,78,1,344.33,344.33,0
16979,4,6,1852.0,308.67,0
16980,255,2,1078.96,539.48,1
16982,61,1,384.06,384.06,0
16983,13,7,1931.25,275.89,0
16984,88,2,4481.35,2240.68,0
16985,17,10,5464.12,546.41,0
16986,30,2,1873.2,936.6,0
16987,3,7,1625.05,232.15,0
16988,5,1,126.12,126.12,0
16989,7,6,1133.25,188.88,0
16990,219,1,179.0,179.0,1
16992,11,5,1614.31,322.86,0
16996,30,6,1456.96,242.83,0
16997,288,3,702.0,234.0,1
16998,150,4,295.0,73.75,1
16999,23,2,484.82,242.41,0
17001,1,11,3989.57,362.69,0
17002,86,3,1493.73,497.91,0
17004,46,2,1412.94,706.47,0
17006,5,4,781.78,195.44,0
17007,51,6,889.9300000000001,148.32,0
17010,18,1,195.36,195.36,0
17011,30,1,270.9,270.9,0
17014,8,3,586.33,195.44,0
17015,29,3,1842.56,614.19,0
17017,3,20,8694.26,434.71,0
17018,41,2,920.1,460.05,0
17019,11,4,1272.61,318.15,0
17022,31,1,71.0,71.0,0
17024,45,3,95.85,31.95,0
17025,61,3,357.77,119.26,0
17026,185,2,154.82999999999998,77.41,1
17027,79,6,890.29,148.38,0
17029,111,2,716.0,358.0,1
17030,64,1,146.87,146.87,0
17031,12,2,380.35,190.18,0
17033,86,3,1030.14,343.38,0
17034,16,3,745.52,248.51,0
17035,246,2,433.53000000000003,216.76,1
17037,88,1,1267.32,1267.32,0
17038,30,1,112.4,112.4,0
17040,138,1,449.73,449.73,1
17041,27,3,1081.57,360.52,0
17042,3,5,1044.3799999999999,208.88,0
17043,32,4,1735.18,433.8,0
17044,25,1,948.48,948.48,0
17045,113,3,339.44,113.15,1
17046,157,1,642.02,642.02,1
17047,85,3,1100.9,366.97,0
17048,118,3,925.35,308.45,1
17049,3,9,5659.9800000000005,628.89,0
17050,96,6,3228.84,538.14,1
17051,194,1,247.14000000000001,247.14,1
17052,28,1,413.75,413.75,0
17053,131,1,498.48,498.48,1
17054,28,5,1356.33,271.27,0
17058,82,3,1179.89,393.3,0
17059,30,5,3095.04,619.01,0
17060,266,1,234.24,234.24,1
17061,74,11,5232.2300000000005,475.66,0
17062,314,4,538.37,134.59,1
17063,21,7,1461.14,208.73,0
17064,59,3,859.35,286.45,0
17068,12,21,4552.14,216.77,0
17069,28,9,2709.7000000000003,301.08,0
17070,114,1,312.14,312.14,1
17071,28,9,2429.03,269.89,0
17073,18,4,1446.09,361.52,0
17075,18,4,834.12,208.53,0
17076,36,3,841.0799999999999,280.36,0
17078,36,2,378.2,189.1,0
17079,78,1,118.80000000000001,118.8,0
17080,22,2,287.62,143.81,0
17081,25,2,290.16,145.08,0
17082,33,2,2003.85,1001.92,0
17083,109,3,1405.78,468.59,1
17084,35,2,2949.75,1474.88,0
17085,123,5,1566.65,313.33,1
17086,7,6,2050.08,341.68,0
17088,28,4,1991.01,497.75,0
17090,4,7,2043.95,291.99,0
17091,3,9,3827.76,425.31,0
17092,50,4,1777.78,444.44,0
17094,322,1,302.0,302.0,1
17095,23,3,1324.16,441.39,0
17096,15,4,1022.13,255.53,0
17097,2,8,954.42,119.3,0
17100,18,2,971.74,485.87,0
17101,10,4,1621.73,405.43,0
17102,262,1,25.5,25.5,1
17105,159,2,665.78,332.89,1
17107,33,6,10815.43,1802.57,0
17109,29,6,885.04,147.51,0
17110,165,1,163.29999999999998,163.3,1
17111,47,1,248.61,248.61,0
17114,6,8,808.62,101.08,0
17115,8,3,837.5,279.17,0
17117,288,1,116.19999999999999,116.2,1
17118,318,1,157.02,157.02,1
17119,3,2,606.91,303.46,0
17120,233,1,307.46,307.46,1
17122,119,1,138.32,138.32,1
17123,162,1,345.29999999999995,345.3,1
17124,185,1,298.89,298.89,1
17125,50,1,259.35,259.35,0
17126,152,5,1004.75,200.95,1
17128,335,1,157.09,157.09,1
17131,5,5,2463.17,492.63,0
17133,16,7,4892.240000000001,698.89,0
17134,107,2,425.0,212.5,1
17135,16,7,1139.73,162.82,0
17138,276,1,380.5,380.5,1
17139,16,12,10668.47,889.04,0
17140,247,1,465.32,465.32,1
17142,239,1,579.0,579.0,1
17144,1,2,984.57,492.28,0
17146,106,3,749.78,249.93,1
17147,23,4,1714.59,428.65,0
17148,52,1,124.88,124.88,0
17152,195,3,1689.5,563.17,1
17153,24,1,213.78,213.78,0
17154,75,1,329.34,329.34,0
17155,18,2,251.70000000000002,125.85,0
17157,8,2,319.0,159.5,0
17158,32,3,1266.97,422.32,0
17159,22,3,1538.88,512.96,0
17160,31,6,3518.03,586.34,0
17162,29,10,1715.46,171.55,0
17163,22,2,293.1,146.55,0
17164,33,7,2467.35,352.48,0
17165,284,1,158.68,158.68,1
17166,39,2,206.34,103.17,0
17169,58,2,835.78,417.89,0
17171,289,1,224.91,224.91,1
17172,79,1,317.76,317.76,0
17173,5,8,3766.6,470.82,0
17174,218,1,59.9,59.9,1
17175,44,4,1443.69,360.92,0
17176,202,1,306.13,306.13,1
17179,178,3,711.79,237.26,1
17180,56,4,796.03,199.01,0
17181,57,2,239.92000000000002,119.96,0
17183,8,6,3347.31,557.88,0
17186,47,2,144.0,72.0,0
17187,227,1,203.95,203.95,1
17188,11,7,2474.23,353.46,0
17189,106,2,384.40000000000003,192.2,1
17190,59,2,444.74,222.37,0
17191,28,7,2095.13,299.3,0
17193,36,7,1699.3000000000002,242.76,0
17194,274,2,262.62,131.31,1
17197,30,1,1013.01,1013.01,0
17198,24,3,692.22,230.74,0
17201,54,1,342.63,342.63,0
17203,36,6,3563.85,593.98,0
17204,175,4,1564.56,391.14,1
17205,54,1,384.08,384.08,0
17206,53,1,204.24,204.24,0
17211,27,8,2317.2200000000003,289.65,0
17212,253,1,226.85,226.85,1
17213,40,7,2781.23,397.32,0
17214,60,6,1069.1200000000001,178.19,0
17217,234,1,113.5,113.5,1
17218,4,10,1960.72,196.07,0
17219,32,1,114.23,114.23,0
17220,24,14,3198.25,228.45,0
17221,7,2,335.13,167.56,0
17222,65,1,354.15,354.15,0
17223,310,2,426.79,213.4,1
17226,309,1,393.49,393.49,1
17227,19,6,939.32,156.55,0
17228,16,8,1906.09,238.26,0
17229,96,2,318.76,159.38,1
17230,264,8,3638.41,454.8,1
17231,12,10,3174.32,317.43,0
17232,3,2,421.52,210.76,0
17233,35,1,190.88,190.88,0
17234,183,1,149.89000000000001,149.89,1
17235,25,2,550.06,275.03,0
17236,13,6,916.13,152.69,0
17237,11,2,314.69,157.34,0
17238,3,17,3744.65,220.27,0
17239,313,1,382.5,382.5,1
17242,108,2,1135.04,567.52,1
17243,1,26,8676.85,333.72,0
17244,53,1,954.9,954.9,0
17245,205,1,171.45,171.45,1
17247,15,1,282.19,282.19,0
17248,120,1,318.65,318.65,1
17250,4,2,384.52,192.26,0
17251,363,1,283.28000000000003,283.28,1
17252,117,2,353.86,176.93,1
17253,18,1,178.26,178.26,0
17254,5,2,272.44,136.22,0
17255,41,2,298.41,149.21,0
17256,107,2,240.0,120.0,1
17259,148,2,603.37,301.68,1
17262,52,5,1253.3600000000001,250.67,0
17263,208,1,63.440000000000005,63.44,1
17265,139,2,562.9,281.45,1
17266,2,3,310.64,103.55,0
17267,127,2,317.62,158.81,1
17268,108,4,763.64,190.91,1
17272,42,4,2148.63,537.16,0
17274,35,1,111.97999999999999,111.98,0
17277,228,2,1065.3500000000001,532.68,1
17278,241,1,246.04,246.04,1
17279,58,1,187.82999999999998,187.83,0
17282,130,3,1703.41,567.8,1
17284,60,6,1652.58,275.43,0
17286,22,1,153.92,153.92,0
17287,26,7,1064.11,152.02,0
17288,9,7,1419.73,202.82,0
17289,32,3,944.41,314.8,0
17290,4,2,525.24,262.62,0
17291,308,1,550.8000000000001,550.8,1
17293,8,9,1875.1100000000001,208.35,0
17295,29,3,556.95,185.65,0
17297,17,1,131.78,131.78,0
17298,101,2,498.42,249.21,1
17299,12,4,669.11,167.28,0
17301,21,1,197.63,197.63,0
17302,15,5,1135.63,227.13,0
17303,361,1,250.04,250.04,1
17306,11,19,8631.31,454.28,0
17309,95,1,82.75,82.75,1
17311,78,2,1384.85,692.42,0
17312,139,3,644.3,214.77,1
17313,31,1,2328.84,2328.84,0
17314,25,8,2527.92,315.99,0
17315,2,38,6292.26,165.59,0
17317,46,3,2600.34,866.78,0
17320,100,3,1200.6200000000001,400.21,1
17321,8,2,700.86,350.43,0
17323,15,7,921.07,131.58,0
17324,18,4,990.23,247.56,0
17325,280,1,96.8,96.8,1
17329,14,2,523.11,261.56,0
17330,23,2,363.9,181.95,0
17331,124,1,175.2,175.2,1
17333,86,1,494.25,494.25,0
17334,302,2,307.02,153.51,1
17337,151,4,2027.8700000000001,506.97,1
17338,17,8,6643.93,830.49,0
17339,94,2,243.36,121.68,1
17340,30,11,12353.29,1123.03,0
17341,157,3,781.36,260.45,1
17343,355,1,193.64,193.64,1
17344,46,1,160.57,160.57,0
17345,15,4,537.74,134.44,0
17346,4,15,2676.56,178.44,0
17347,86,1,228.96,228.96,0
17348,15,5,1159.52,231.9,0
17349,179,1,110.75,110.75,1
17350,8,4,1286.07,321.52,0
17351,36,3,587.15,195.72,0
17353,129,2,1740.0,870.0,1
17354,51,1,1393.06,1393.06,0
17356,312,1,178.22,178.22,1
17357,24,2,388.14,194.07,0
17358,303,2,365.85,182.92,1
17359,11,1,127.86,127.86,0
17360,17,3,585.79,195.26,0
17361,49,3,488.2,162.73,0
17362,239,2,312.23,156.12,1
17364,1,11,4481.18,407.38,0
17365,13,8,4801.56,600.2,0
17367,238,1,168.4,168.4,1
17368,23,8,1912.67,239.08,0
17370,73,4,446.18,111.54,0
17371,17,3,423.89,141.3,0
17372,41,8,1342.68,167.84,0
17373,40,4,646.92,161.73,0
17374,219,2,495.77,247.88,1
17375,199,3,400.1,133.37,1
17376,71,2,203.2,101.6,0
17377,24,20,4100.92,205.05,0
17379,11,1,404.66,404.66,0
17381,9,29,20275.61,699.16,0
17382,65,1,65.4,65.4,0
17383,4,1,199.29,199.29,0
17384,19,2,336.4,168.2,0
17385,15,1,261.11,261.11,0
17386,8,6,2686.42,447.74,0
17387,20,2,784.11,392.06,0
17388,78,4,1259.56,314.89,0
17389,1,34,31833.68,936.28,0
17391,164,2,508.8,254.4,1
17392,307,2,457.91,228.96,1
17394,219,1,203.86999999999998,203.87,1
17396,39,8,7330.8,916.35,0
17397,22,2,696.41,348.2,0
17398,115,3,653.38,217.79,1
17400,126,5,2129.96,425.99,1
17402,5,13,2633.85,202.6,0
17403,36,1,281.62,281.62,0
17404,4,15,31906.82,2127.12,0
17405,1,3,1031.41,343.8,0
17406,333,3,2200.42,733.47,1
17408,163,1,32.65,32.65,1
17409,185,2,771.85,385.92,1
17410,16,5,1214.72,242.94,0
17411,12,3,778.94,259.65,0
17412,3,7,1258.06,179.72,0
17414,44,2,778.0,389.0,0
17415,80,1,507.84,507.84,0
17416,30,7,6893.42,984.77,0
17418,42,2,463.46000000000004,231.73,0
17419,11,12,4226.57,352.21,0
17420,50,3,598.83,199.61,0
17422,16,6,1979.37,329.9,0
17423,46,2,698.41,349.2,0
17425,19,2,759.17,379.58,0
17426,8,6,5037.26,839.54,0
17427,72,1,100.8,100.8,0
17428,1,28,17256.85,616.32,0
17429,128,3,524.9200000000001,174.97,1
17430,33,2,265.76,132.88,0
17431,313,1,403.3,403.3,1
17432,18,2,365.76,182.88,0
17433,88,1,303.15999999999997,303.16,0
17434,2,7,2373.82,339.12,0
17436,2,2,216.29999999999998,108.15,0
17438,254,1,388.45000000000005,388.45,1
17440,157,3,186.42000000000002,62.14,1
17442,37,6,2248.56,374.76,0
17443,220,1,534.24,534.24,1
17444,148,3,2940.04,980.01,1
17446,177,2,120.9,60.45,1
17447,40,2,541.53,270.76,0
17449,2,7,2520.86,360.12,0
17450,8,46,194550.79,4229.36,0
17451,1,7,1721.4,245.91,0
17453,18,2,486.71999999999997,243.36,0
17454,192,4,517.53,129.38,1
17455,204,1,131.7,131.7,1
17456,365,1,249.86,249.86,1
17457,127,5,1737.7,347.54,1
17458,15,1,316.5,316.5,0
17459,43,2,657.3,328.65,0
17460,94,6,622.4300000000001,103.74,1
17461,23,3,757.46,252.49,0
17462,60,2,675.69,337.84,0
17463,16,5,1896.41,379.28,0
17464,158,1,289.96000000000004,289.96,1
17466,10,2,763.28,381.64,0
17468,10,2,137.0,68.5,0
17469,16,5,1870.97,374.19,0
17470,45,5,1125.07,225.01,0
17472,191,3,710.29,236.76,1
17475,79,1,194.37,194.37,0
17480,78,1,511.82,511.82,0
17481,4,4,1255.59,313.9,0
17483,65,3,414.04,138.01,0
17486,261,1,396.87,396.87,1
17489,59,2,376.64,188.32,0
17490,1,7,2092.32,298.9,0
17491,1,10,3558.87,355.89,0
17492,248,1,374.57,374.57,1
17495,8,2,497.56,248.78,0
17496,359,1,271.05,271.05,1
17498,76,1,272.22,272.22,0
17499,290,1,622.88,622.88,1
17500,17,3,1138.0,379.33,0
17501,221,2,288.6,144.3,1
17502,9,4,689.1,172.28,0
17503,3,2,558.96,279.48,0
17504,206,9,2997.0299999999997,333.0,1
17505,162,2,1145.84,572.92,1
17506,76,1,302.2,302.2,0
17507,262,2,605.58,302.79,1
17508,281,1,387.31,387.31,1
17509,58,8,6115.14,764.39,0
17510,25,1,308.48,308.48,0
17511,3,31,91062.38,2937.5,0
17512,29,10,2924.9900000000002,292.5,0
17513,72,1,513.2,513.2,0
17514,128,1,208.65,208.65,1
17515,31,4,639.02,159.76,0
17516,15,5,768.08,153.62,0
17517,309,1,153.94,153.94,1
17519,17,6,1844.02,307.34,0
17520,54,1,546.81,546.81,0
17521,30,3,723.2099999999999,241.07,0
17522,2,5,1070.71,214.14,0
17523,11,4,652.74,163.18,0
17524,361,1,145.0,145.0,1
17525,360,1,422.70000000000005,422.7,1
17526,5,4,1195.8999999999999,298.97,0
17527,54,4,939.37,234.84,0
17528,1,8,3628.5,453.56,0
17530,1,10,2385.0,238.5,0
17531,190,1,296.7,296.7,1
17534,54,1,223.36,223.36,0
17535,280,1,164.4,164.4,1
17536,177,1,76.5,76.5,1
17537,30,2,897.62,448.81,0
17538,26,1,98.42,98.42,0
17540,25,2,578.9,289.45,0
17542,270,1,170.75,170.75,1
17545,43,3,645.96,215.32,0
17548,234,1,103.3,103.3,1
17549,24,2,148.86,74.43,0
17550,197,3,267.16,89.05,1
17551,359,1,306.84,306.84,1
17552,60,4,930.41,232.6,0
17553,130,1,1487.6,1487.6,1
17554,1,5,1952.45,390.49,0
17555,20,2,483.26,241.63,0
17556,206,1,157.9,157.9,1
17557,14,3,541.46,180.49,0
17560,95,4,854.95,213.74,1
17561,19,1,167.62,167.62,0
17562,14,7,1122.38,160.34,0
17564,24,3,454.01,151.34,0
17566,8,2,901.21,450.6,0
17567,7,8,4331.48,541.43,0
17569,332,1,344.14,344.14,1
17571,50,4,1498.51,374.63,0
17572,71,4,226.75000000000003,56.69,0
17573,29,3,380.6,126.87,0
17574,243,1,185.65,185.65,1
17576,8,19,3622.68,190.67,0
17578,218,1,143.45999999999998,143.46,1
17579,5,3,448.90000000000003,149.63,0
17580,253,3,215.72,71.91,1
17581,1,25,11045.04,441.8,0
17582,236,1,175.27,175.27,1
17584,7,2,1242.3,621.15,0
17585,109,4,1133.07,283.27,1
17588,100,3,1240.2,413.4,1
17589,60,4,2404.17,601.04,0
17590,2,3,1479.22,493.07,0
17591,73,7,2225.9700000000003,318.0,0
17593,4,5,3927.34,785.47,0
17594,85,2,993.18,496.59,0
17595,12,2,388.79,194.4,0
17596,23,7,2827.93,403.99,0
17597,214,1,2044.3700000000001,2044.37,1
17600,18,1,161.67000000000002,161.67,0
17601,239,1,116.00999999999999,116.01,1
17602,2,6,5102.97,850.5,0
17603,78,1,394.72,394.72,0
17604,217,2,309.36,154.68,1
17608,33,2,193.42,96.71,0
17609,41,5,1112.22,222.44,0
17611,7,15,3984.22,265.61,0
17612,53,6,2048.45,341.41,0
17613,23,14,4559.150000000001,325.65,0
17614,57,1,390.07,390.07,0
17615,130,3,329.6,109.87,1
17616,174,3,571.1999999999999,190.4,1
17618,6,3,971.58,323.86,0
17619,312,1,218.52,218.52,1
17620,60,1,81.44,81.44,0
17621,21,3,1379.9,459.97,0
17623,33,1,527.0500000000001,527.05,0
17624,15,2,843.48,421.74,0
17625,18,4,2047.0,511.75,0
17628,81,1,75.75,75.75,0
17629,6,8,1814.12,226.76,0
17630,170,2,503.59999999999997,251.8,1
17631,2,3,528.33,176.11,0
17633,31,4,1324.84,331.21,0
17634,36,9,2361.9700000000003,262.44,0
17636,19,1,285.56,285.56,0
17637,31,2,547.0600000000001,273.53,0
17639,276,1,108.5,108.5,1
17640,87,1,621.66,621.66,0
17642,120,2,712.29,356.14,1
17643,373,1,101.55,101.55,1
17644,1,11,2895.64,263.24,0
17646,219,3,1008.39,336.13,1
17647,65,1,133.06,133.06,0
17648,61,4,1797.5,449.38,0
17649,138,1,868.49,868.49,1
17650,21,1,166.08,166.08,0
17651,12,10,3945.0,394.5,0
17652,25,12,4867.72,405.64,0
17653,37,4,1207.56,301.89,0
17654,277,1,117.55,117.55,1
17655,11,7,2638.94,376.99,0
17656,73,5,1674.69,334.94,0
17658,26,2,595.42,297.71,0
17659,17,12,2999.46,249.96,0
17660,141,1,196.0,196.0,1
17663,26,7,1802.91,257.56,0
17664,19,2,604.64,302.32,0
17666,4,2,728.16,364.08,0
17667,66,5,2055.51,411.1,0
17668,1,2,347.75,173.88,0
17669,43,7,3406.7200000000003,486.67,0
17670,228,1,205.7,205.7,1
17671,16,4,1572.71,393.18,0
17672,50,2,3178.17,1589.08,0
17673,2,6,1629.12,271.52,0
17674,74,2,551.04,275.52,0
17675,1,31,20374.28,657.23,0
17676,4,6,1387.68,231.28,0
17677,2,30,16363.23,545.44,0
17678,264,1,298.11,298.11,1
17679,53,2,1992.1100000000001,996.06,0
17680,24,1,184.4,184.4,0
17682,10,6,2474.33,412.39,0
17684,44,1,239.41,239.41,0
17685,17,7,3191.53,455.93,0
17686,7,7,5739.46,819.92,0
17690,30,15,4757.95,317.2,0
17691,358,2,290.40000000000003,145.2,1
17692,127,4,740.9399999999999,185.24,1
17693,137,1,200.47,200.47,1
17694,142,1,283.12,283.12,1
17695,132,2,765.34,382.67,1
17696,38,8,2285.71,285.71,0
17697,236,1,338.95,338.95,1
17698,261,1,154.95,154.95,1
17700,17,4,2534.64,633.66,0
17701,253,1,417.95,417.95,1
17702,30,4,1824.37,456.09,0
17703,35,3,798.74,266.25,0
17704,169,2,885.19,442.6,1
17705,3,9,1823.52,202.61,0
17706,4,17,10504.49,617.91,0
17707,185,2,152.4,76.2,1
17708,188,2,267.08,133.54,1
17709,170,1,137.45,137.45,1
17711,11,2,385.1,192.55,0
17712,45,1,522.91,522.91,0
17714,321,1,153.0,153.0,1
17715,201,1,326.4,326.4,1
17716,23,11,5655.99,514.18,0
17718,232,1,139.35,139.35,1
17719,38,15,5396.04,359.74,0
17720,26,4,1195.94,298.98,0
17722,96,4,2424.04,606.01,1
17723,127,6,3276.4000000000005,546.07,1
17724,71,3,1033.0,344.33,0
17725,16,11,3439.08,312.64,0
17727,15,1,1060.25,1060.25,0
17728,4,3,2876.01,958.67,0
17730,3,13,5298.4800000000005,407.58,0
17731,79,4,1240.11,310.03,0
17732,373,1,303.97,303.97,1
17733,39,2,692.19,346.1,0
17734,54,3,700.63,233.54,0
17735,2,19,13110.02,690.0,0
17736,9,3,377.44,125.81,0
17737,9,2,168.24,84.12,0
17738,19,4,1879.05,469.76,0
17739,12,7,2791.35,398.76,0
17742,113,2,355.11,177.56,1
17744,4,6,2322.4,387.07,0
17746,240,1,110.25,110.25,1
17747,113,1,71.4,71.4,1
17749,178,2,674.52,337.26,1
17750,5,9,1797.57,199.73,0
17752,359,1,80.64,80.64,1
17754,1,5,1772.26,354.45,0
17757,1,30,5605.29,186.84,0
17758,19,8,3456.7000000000003,432.09,0
17759,17,3,834.99,278.33,0
17760,22,2,287.59,143.79,0
17761,33,1,712.78,712.78,0
17763,263,1,15.0,15.0,1
17764,51,2,818.8199999999999,409.41,0
17765,159,3,371.88,123.96,1
17767,15,1,271.2,271.2,0
17768,8,3,2273.1800000000003,757.73,0
17769,13,10,3997.98,399.8,0
17770,199,5,1143.27,228.65,1
17771,57,2,245.81,122.9,0
17772,11,2,182.77,91.38,0
17774,97,4,1225.41,306.35,1
17775,255,1,56.4,56.4,1
17777,25,3,665.86,221.95,0
17779,21,3,658.57,219.52,0
17781,159,2,188.02,94.01,1
17783,72,2,283.47,141.74,0
17785,53,1,131.94,131.94,0
17786,85,2,278.74,139.37,0
17787,153,4,1865.19,466.3,1
17788,74,2,1117.9,558.95,0
17789,281,1,225.9,225.9,1
17790,27,14,1965.55,140.4,0
17791,30,1,106.1,106.1,0
17793,25,1,323.04,323.04,0
17795,180,2,350.39,175.2,1
17796,40,4,697.9,174.48,0
17797,22,3,780.43,260.14,0
17799,22,10,3055.93,305.59,0
17800,37,9,1199.01,133.22,0
17802,82,3,1285.04,428.35,0
17805,74,1,512.31,512.31,0
17806,11,1,546.04,546.04,0
17809,16,12,5411.91,450.99,0
17811,4,39,7837.7300000000005,200.97,0
17812,13,4,732.16,183.04,0
17813,14,5,1770.8799999999999,354.18,0
17816,37,4,36.56,9.14,0
17817,4,3,387.68,129.23,0
17819,72,7,3704.87,529.27,0
17824,51,1,298.4,298.4,0
17827,5,5,1995.46,399.09,0
17828,23,4,1820.09,455.02,0
17829,299,1,889.24,889.24,1
17830,2,3,398.7,132.9,0
17831,33,1,35.400000000000006,35.4,0
17832,50,1,155.37,155.37,0
17835,3,3,350.64,116.88,0
17836,47,1,110.21000000000001,110.21,0
17837,42,8,1593.38,199.17,0
17838,27,5,2779.3,555.86,0
17839,42,1,338.8,338.8,0
17841,2,124,40991.57,330.58,0
17843,303,1,205.48,205.48,1
17844,107,1,51.559999999999995,51.56,1
17846,85,1,2033.1,2033.1,0
17848,81,9,901.1999999999999,100.13,0
17849,218,4,605.8000000000001,151.45,1
17850,372,34,5391.21,158.56,1
17852,12,2,114.34,57.17,0
17854,185,2,311.26,155.63,1
17855,373,1,208.97,208.97,1
17856,2,4,1418.03,354.51,0
17857,4,23,26879.04,1168.65,0
17858,6,12,5155.66,429.64,0
17859,305,1,148.21,148.21,1
17860,369,1,252.8,252.8,1
17861,3,8,2100.8,262.6,0
17862,324,1,330.9,330.9,1
17863,59,6,3160.0,526.67,0
17864,13,3,597.5,199.17,0
17865,31,20,10526.32,526.32,0
17866,143,1,329.65,329.65,1
17867,30,6,1197.1000000000001,199.52,0
17869,107,5,428.18,85.64,1
17870,2,12,1894.35,157.86,0
17871,205,1,155.9,155.9,1
17873,80,5,1859.16,371.83,0
17874,185,6,683.46,113.91,1
17877,170,1,237.61,237.61,1
17878,44,1,379.45,379.45,0
17879,174,1,178.51999999999998,178.52,1
17880,365,1,458.92,458.92,1
17881,304,1,133.35000000000002,133.35,1
17883,3,4,671.77,167.94,0
17884,4,4,717.45,179.36,0
17885,12,1,190.19,190.19,0
17886,32,3,899.61,299.87,0
17887,129,1,111.35,111.35,1
17888,21,8,726.05,90.76,0
17889,212,2,203.87,101.94,1
17890,323,2,602.09,301.04,1
17891,162,1,203.85999999999999,203.86,1
17892,56,3,244.1,81.37,0
17893,225,1,112.25,112.25,1
17894,72,8,1119.81,139.98,0
17895,44,1,98.0,98.0,0
17896,23,1,256.32,256.32,0
17897,173,3,566.6,188.87,1
17898,85,2,152.06,76.03,0
17899,159,1,155.8,155.8,1
17900,190,2,112.19999999999999,56.1,1
17901,29,1,110.38,110.38,0
17904,21,1,191.67,191.67,0
17905,71,4,800.24,200.06,0
17906,247,1,72.9,72.9,1
17908,374,1,243.28,243.28,1
17911,9,1,366.23,366.23,0
17912,310,5,311.01,62.2,1
17913,59,2,411.6,205.8,0
17914,4,1,336.43,336.43,0
17917,45,3,341.28,113.76,0
17919,88,1,1304.04,1304.04,0
17920,4,17,4204.1,247.3,0
17921,64,4,826.52,206.63,0
17923,282,1,207.50000000000003,207.5,1
17924,12,7,2962.5,423.21,0
17925,373,1,244.08,244.08,1
17926,133,2,397.29,198.64,1
17928,45,2,212.54,106.27,0
17929,11,4,843.0,210.75,0
17930,36,5,1740.48,348.1,0
17931,134,2,408.36,204.18,1
17932,29,3,1331.57,443.86,0
17934,52,2,704.25,352.12,0
17935,138,2,145.79,72.9,1
17936,5,1,389.84,389.84,0
17937,9,7,4301.22,614.46,0
17939,160,1,99.14,99.14,1
17940,49,10,4106.4400000000005,410.64,0
17941,131,1,304.56,304.56,1
17942,8,1,77.50000000000001,77.5,0
17946,233,2,149.57999999999998,74.79,1
17947,37,1,176.68,176.68,0
17948,147,1,358.56000000000006,358.56,1
17949,1,45,58510.48,1300.23,0
17950,72,3,482.2,160.73,0
17951,40,3,1008.5400000000001,336.18,0
17954,5,12,2332.72,194.39,0
17955,199,4,557.3,139.32,1
17956,249,1,12.75,12.75,1
17957,66,1,111.68,111.68,0
17958,117,1,508.4599999999999,508.46,1
17960,171,1,73.78,73.78,1
17961,21,39,1296.44,33.24,0
17962,142,1,102.83,102.83,1
17964,32,2,471.7,235.85,0
17965,38,14,2622.57,187.33,0
17966,38,5,1098.43,219.69,0
17967,372,1,123.07,123.07,1
17968,374,1,277.35,277.35,1
17969,166,2,228.2,114.1,1
17970,211,1,582.59,582.59,1
17972,242,1,136.04,136.04,1
17973,52,1,337.04,337.04,0
17974,25,3,740.79,246.93,0
17975,15,13,4488.81,345.29,0
17976,372,1,353.19,353.19,1
17977,29,1,288.14,288.14,0
17978,365,1,300.91999999999996,300.92,1
17979,36,4,757.71,189.43,0
17980,166,3,811.45,270.48,1
17984,145,1,152.68,152.68,1
17985,22,1,634.95,634.95,0
17986,56,1,20.8,20.8,0
17987,185,1,198.57,198.57,1
17988,12,7,201.12,28.73,0
17990,237,3,630.84,210.28,1
17991,225,2,93.35,46.68,1
17994,122,4,678.49,169.62,1
17995,282,1,76.1,76.1,1
17997,74,8,1970.6699999999998,246.33,0
17999,37,2,382.06,191.03,0
18001,12,2,417.23,208.62,0
18004,362,1,169.47,169.47,1
18005,4,2,249.72,124.86,0
18006,23,1,444.68,444.68,0
18008,70,9,2116.19,235.13,0
18009,235,1,257.34,257.34,1
18010,257,1,174.8,174.8,1
18011,373,1,102.78999999999999,102.79,1
18013,155,2,187.29,93.64,1
18014,28,1,166.42,166.42,0
18015,4,1,120.03,120.03,0
18016,32,5,1483.56,296.71,0
18017,81,3,523.0,174.33,0
18018,108,2,122.14,61.07,1
18019,52,1,38.45,38.45,0
18022,36,1,668.11,668.11,0
18024,153,2,389.78,194.89,1
18027,99,1,115.31,115.31,1
18030,4,2,230.64999999999998,115.32,0
18032,334,1,73.5,73.5,1
18033,65,1,97.97,97.97,0
18034,22,2,422.88,211.44,0
18035,36,3,730.4,243.47,0
18036,32,3,405.62,135.21,0
18037,154,6,70.02,11.67,1
18040,19,2,357.20000000000005,178.6,0
18041,12,21,4183.39,199.21,0
18042,54,1,165.04999999999998,165.05,0
18043,25,3,559.51,186.5,0
18044,4,10,2088.6,208.86,0
18045,45,1,189.4,189.4,0
18048,203,2,172.29000000000002,86.15,1
18050,359,1,74.4,74.4,1
18053,71,1,300.02,300.02,0
18055,7,10,6784.1900000000005,678.42,0
18056,288,1,363.65,363.65,1
18058,10,1,170.16,170.16,0
18059,23,3,306.46,102.15,0
18061,22,10,2119.41,211.94,0
18062,173,3,720.52,240.17,1
18064,133,2,814.0,407.0,1
18065,6,14,2392.83,170.92,0
18066,75,1,318.0,318.0,0
18067,40,1,396.33,396.33,0
18068,289,1,101.69999999999999,101.7,1
18069,26,5,2036.67,407.33,0
18071,258,2,453.0,226.5,1
18072,186,1,247.44,247.44,1
18073,114,12,3877.5200000000004,323.13,1
18074,374,1,489.6,489.6,1
18075,23,10,2611.75,261.18,0
18077,8,11,2633.0099999999998,239.36,0
18078,217,2,336.13,168.06,1
18079,45,4,3651.97,912.99,0
18080,19,2,1231.5,615.75,0
18081,36,3,343.45,114.48,0
18082,26,1,703.37,703.37,0
18084,16,1,90.47999999999999,90.48,0
18085,330,2,689.95,344.98,1
18086,274,1,101.34,101.34,1
18087,98,2,4055.7199999999993,2027.86,1
18088,61,1,167.67000000000002,167.67,0
18092,2,11,9068.26,824.39,0
18093,93,4,2106.52,526.63,1
18094,82,7,3017.3,431.04,0
18095,313,2,580.0500000000001,290.03,1
18096,12,3,911.15,303.72,0
18097,8,6,2697.8,449.63,0
18099,127,1,168.31,168.31,1
18101,11,2,223.65,111.82,0
18102,1,60,259657.3,4327.62,0
18104,37,1,754.64,754.64,0
18105,38,1,113.48000000000002,113.48,0
18106,330,1,430.7,430.7,1
18108,254,1,271.0,271.0,1
18109,2,26,8052.97,309.73,0
18110,20,1,236.3,236.3,0
18112,12,2,352.69,176.34,0
18113,369,1,76.32000000000001,76.32,1
18114,290,1,220.1,220.1,1
18116,68,8,1418.03,177.25,0
18117,26,1,320.72,320.72,0
18118,11,26,5653.82,217.45,0
18119,368,1,181.12,181.12,1
18120,214,1,111.15,111.15,1
18121,149,2,673.1,336.55,1
18122,8,6,1826.21,304.37,0
18123,24,2,589.4399999999999,294.72,0
18125,30,4,1142.99,285.75,0
18126,61,1,206.82999999999998,206.83,0
18127,19,3,348.73,116.24,0
18129,243,1,112.55000000000001,112.55,1
18130,15,3,1059.39,353.13,0
18133,212,1,931.4999999999999,931.5,1
18135,29,5,681.9100000000001,136.38,0
18136,63,3,784.33,261.44,0
18138,295,1,152.65,152.65,1
18139,18,6,8438.34,1406.39,0
18142,157,2,1019.52,509.76,1
18143,117,2,1000.16,500.08,1
18144,8,12,2888.75,240.73,0
18145,13,4,2861.55,715.39,0
18146,141,2,160.35000000000002,80.18,1
18147,46,2,179.33999999999997,89.67,0
18149,51,3,612.0799999999999,204.03,0
18150,32,3,566.58,188.86,0
18151,135,2,653.35,326.68,1
18154,3,2,399.19,199.6,0
18155,75,3,371.62,123.87,0
18156,13,2,734.94,367.47,0
18158,9,2,453.4,226.7,0
18159,301,1,530.15,530.15,1
18160,57,2,638.0600000000001,319.03,0
18161,15,5,1618.69,323.74,0
18164,37,1,399.65000000000003,399.65,0
18165,177,1,302.46000000000004,302.46,1
18167,23,3,1384.8600000000001,461.62,0
18168,176,6,1169.94,194.99,1
18169,61,1,202.65,202.65,0
18170,33,3,980.31,326.77,0
18171,59,5,1231.31,246.26,0
18172,15,20,7561.68,378.08,0
18173,87,4,2106.84,526.71,0
18174,7,1,104.0,104.0,0
18176,358,1,476.35,476.35,1
18177,31,6,1341.42,223.57,0
18178,129,4,1590.81,397.7,1
18179,9,6,1793.17,298.86,0
18180,5,6,1843.75,307.29,0
18181,24,1,382.8,382.8,0
18183,227,2,632.07,316.04,1
18184,15,1,49.8,49.8,0
18185,249,1,304.25,304.25,1
18188,15,3,2001.04,667.01,0
18189,78,2,1090.24,545.12,0
18190,192,2,284.46000000000004,142.23,1
18191,262,1,207.79999999999998,207.8,1
18192,72,1,957.97,957.97,0
18193,165,1,243.76,243.76,1
18194,82,1,973.8399999999999,973.84,0
18196,95,2,689.13,344.56,1
18198,4,17,5425.56,319.15,0
18200,106,1,163.8,163.8,1
18202,200,3,1396.99,465.66,1
18203,157,1,160.42000000000002,160.42,1
18204,71,3,1993.7,664.57,0
18205,36,2,517.36,258.68,0
18209,29,1,139.10000000000002,139.1,0
18210,2,6,2621.38,436.9,0
18211,26,5,600.07,120.01,0
18212,326,1,248.42,248.42,1
18213,237,1,232.48000000000002,232.48,1
18215,89,1,299.34000000000003,299.34,0
18216,31,1,481.75,481.75,0
18217,29,2,621.75,310.88,0
18218,211,2,662.08,331.04,1
18219,3,10,2069.77,206.98,0
18220,227,1,305.28000000000003,305.28,1
18221,22,5,1041.61,208.32,0
18222,93,1,443.0,443.0,1
18223,5,14,6484.54,463.18,0
18224,264,1,158.95000000000002,158.95,1
18225,3,12,5509.12,459.09,0
18226,44,11,5228.05,475.28,0
18227,218,1,93.75,93.75,1
18228,57,2,779.9,389.95,0
18229,12,20,7276.900000000001,363.84,0
18230,9,7,2810.2000000000003,401.46,0
18231,192,5,2083.27,416.65,1
18232,82,4,592.97,148.24,0
18233,326,1,440.0,440.0,1
18235,72,3,1796.48,598.83,0
18236,30,6,882.24,147.04,0
18237,3,5,987.1,197.42,0
18239,219,5,1561.6100000000001,312.32,1
18240,46,1,422.58,422.58,0
18241,10,17,2073.09,121.95,0
18242,72,4,2232.4900000000002,558.12,0
18245,7,7,2567.06,366.72,0
18246,24,2,596.1,298.05,0
18248,123,2,804.02,402.01,1
18249,17,1,95.34,95.34,0
18250,310,1,349.27,349.27,1
18251,87,1,4314.72,4314.72,0
18252,51,2,526.67,263.33,0
18255,89,1,103.3,103.3,0
18257,39,8,2337.63,292.2,0
18259,25,3,2338.6000000000004,779.53,0
18260,173,6,2643.2000000000003,440.53,1
18261,43,2,324.24,162.12,0
18262,140,1,149.48,149.48,1
18263,26,3,1213.1599999999999,404.39,0
18265,72,2,801.51,400.76,0
18268,134,1,25.5,25.5,1
18269,366,1,168.6,168.6,1
18270,38,2,283.15,141.57,0
18272,3,6,3078.58,513.1,0
18273,2,3,204.0,68.0,0
18274,30,1,175.92,175.92,0
18276,44,1,335.86,335.86,0
18277,58,1,110.38,110.38,0
18278,74,1,173.9,173.9,0
18280,278,1,180.60000000000002,180.6,1
18281,181,1,80.82,80.82,1
18282,8,2,178.05,89.02,0
18283,4,16,2094.88,130.93,0
18287,43,3,1837.28,612.43,0
