CustomerID,Recency,Frequency,Monetary,AvgOrderValue,CustomerTenureDays,DistinctSKUs,R_Score,F_Score,M_Score,Segment,Cluster_ID,PCA1,PCA2
12346,326,1,77183.6,77183.6,326,1,1,1,5,At Risk Valuable,2,0.8881073818940081,2.697609418661474
12347,2,7,4310.0,615.71,367,103,5,5,5,Champions,3,2.5638811927275023,-0.7952364696346151
12348,75,4,1437.24,359.31,358,21,2,4,4,At Risk Valuable,2,0.380379394184358,0.6709477603663894
12349,19,1,1457.55,1457.55,19,72,4,1,4,New Customers,0,0.06696073652084492,-0.5224365024312905
12350,310,1,294.4,294.4,310,16,1,1,2,Hibernating,1,-1.7417133554987185,0.6330652618615374
12352,36,7,1385.74,197.96,297,57,3,5,4,Loyal Customers,2,1.063974316488188,0.38239410457564105
12353,204,1,89.0,89.0,204,4,1,1,1,Hibernating,1,-2.148124311275184,-0.06511130936783374
12354,232,1,1079.4,1079.4,232,58,1,1,4,At Risk Valuable,1,-1.01416781054527,0.9237200824309344
12355,214,1,459.4,459.4,214,13,1,1,2,Hibernating,1,-1.3894290793156279,0.5612341231366842
12356,23,3,2487.43,829.14,326,52,4,3,5,Promising Customers,2,0.8796144512774496,0.05493383411612399
12357,33,1,6207.67,6207.67,33,131,4,1,5,New Customers,2,0.5536065512188579,0.3428311838102974
12358,2,2,928.06,464.03,151,12,5,2,4,Promising Customers,0,0.9446680753787543,-1.7332183323778692
12359,58,4,6372.58,1593.14,332,214,3,4,5,Loyal Customers,2,1.1857126881384679,1.0542531817390628
12360,52,3,2302.06,767.35,201,104,3,3,5,Developing Customers,2,0.5400174485107309,0.5286494978711638
12361,287,1,174.9,174.9,287,9,1,1,1,Hibernating,1,-1.9590945925107548,0.39503878132895265
12362,3,10,4737.23,473.72,296,200,5,5,5,Champions,3,2.787473130737533,-0.4558928931160978
12363,110,2,552.0,276.0,242,23,2,2,3,Hibernating,1,-0.6821678233655539,0.3652959808056082
12364,8,4,1208.1,302.02,112,69,5,4,4,Champions,0,1.1130948710532669,-0.744301878172753
12365,291,1,320.69,320.69,291,21,1,1,2,Hibernating,1,-1.6770440886928568,0.6242606133871221
12367,4,1,150.9,150.9,4,10,5,1,1,New Customers,0,-0.47987123191851844,-2.226991736879194
12370,51,4,3425.69,856.42,360,142,3,4,5,Loyal Customers,2,0.938613189900839,0.7475769654593396
12371,60,1,1527.96,1527.96,60,62,3,1,4,Developing Customers,2,-0.3367487295500371,0.20137501926517176
12372,72,3,1196.04,398.68,297,33,3,3,4,Developing Customers,2,0.1062070022992555,0.49251436116516467
12373,311,1,324.6,324.6,311,13,1,1,2,Hibernating,1,-1.6966109562442229,0.6706510306390531
12374,25,1,622.93,622.93,25,32,4,1,3,New Customers,0,-0.43746373319903975,-0.6663355785399987
12375,11,2,377.5,188.75,98,13,5,2,2,Promising Customers,0,-0.012488685889896566,-1.1827786034621426
12377,315,2,1548.12,774.06,355,71,1,2,4,At Risk Valuable,2,-0.5917002549029732,1.4044343606281098
12378,130,1,4008.62,4008.62,130,219,2,1,5,At Risk Valuable,2,-0.1699596748000938,1.037802447007246
12379,82,2,777.24,388.62,170,38,2,2,3,Hibernating,2,-0.4084584017031459,0.3058970298491557
12380,22,4,2427.81,606.95,186,76,4,4,5,Champions,2,1.0865288341304098,0.10497848027317394
12381,5,3,1474.81,491.6,120,69,5,3,4,Promising Customers,0,1.1607223747145168,-1.0142853449553992
12383,185,5,1628.56,325.71,352,83,1,4,4,At Risk Valuable,2,0.26299784402759446,1.3538335619521913
12384,29,2,425.27,212.64,122,25,4,2,2,Promising Customers,0,-0.3060761219118735,-0.5587742767944275
12386,338,2,401.9,200.95,367,10,1,2,2,Hibernating,1,-1.2595446011867792,0.9570716483535212
12388,16,6,2780.66,463.44,327,57,4,5,5,Champions,3,1.5714871537191493,0.0924651453286707
12390,80,1,504.84,504.84,80,31,2,1,3,Hibernating,1,-0.9715818715294035,-0.02293558846411178
12391,22,1,460.89,460.89,22,92,4,1,2,New Customers,0,-0.5337369555434751,-0.8538507686668734
12393,72,4,1582.6,395.65,333,47,3,4,4,Loyal Customers,2,0.441595274239444,0.6805937778675478
12394,64,2,1080.48,540.24,217,25,3,2,4,Developing Customers,2,-0.15842754045066823,0.2711834740749461
12395,19,12,2682.63,223.55,371,90,4,5,5,Champions,3,2.0532222984852044,0.4205548177841425
12397,36,2,2214.9,1107.45,135,109,3,2,5,Developing Customers,2,0.39831735459430073,0.17614242216409728
12398,46,1,1435.66,1435.66,46,84,3,1,4,Developing Customers,2,-0.26674912805485024,0.013427814886551068
12399,119,4,1033.65,258.41,262,46,2,4,4,At Risk Valuable,2,0.049071004744206954,0.8400733872139429
12401,303,1,69.3,69.3,303,4,1,1,1,Hibernating,1,-2.4162762704225194,0.09432537342740985
12402,323,1,195.6,195.6,323,10,1,1,1,Hibernating,1,-1.951152327649135,0.510304548291824
12403,50,1,391.7,391.7,50,4,3,1,2,Developing Customers,1,-0.9152913978467815,-0.4085379341998144
12405,149,1,1390.39,1390.39,149,53,2,1,4,At Risk Valuable,1,-0.7254654417959411,0.7370592821445587
12406,22,2,3415.3,1707.65,184,92,4,2,5,Promising Customers,2,0.7860403076224051,0.03300707976373494
12407,50,5,1507.12,301.42,264,56,3,4,4,Loyal Customers,2,0.7206053555998115,0.5056741089164966
12408,33,5,2618.55,523.71,260,80,4,4,5,Champions,2,1.1383464464286974,0.4504172164557394
12409,79,3,11072.67,3690.89,183,91,2,3,5,At Risk Valuable,2,1.1300826916103581,1.3630777171151327
12410,309,2,533.33,266.67,309,25,1,2,3,Hibernating,1,-1.0909956391981568,1.0035218972831264
12412,75,3,1142.88,380.96,169,42,2,3,4,At Risk Valuable,2,0.06919573695810874,0.5014422336107831
12413,67,3,686.1,228.7,337,28,3,3,3,Developing Customers,2,-0.13089508753122045,0.24480541226765593
12414,217,3,442.41,147.47,310,15,1,3,2,Hibernating,1,-0.7845534533730806,0.8230149032058448
12415,24,20,124564.53,6228.23,338,443,4,5,5,Champions,3,4.229052094214506,2.1481385446164034
12417,3,9,3226.1,358.46,358,157,5,5,5,Champions,3,2.5183066275545642,-0.632848752786626
12418,113,1,668.58,668.58,113,34,2,1,3,Hibernating,1,-0.9687080286983929,0.2960313787602904
12420,64,1,600.39,600.39,64,29,3,1,3,Developing Customers,1,-0.8051343796216103,-0.09918046898013248
12421,16,4,639.04,159.76,319,31,4,4,3,Loyal Customers,0,0.5672974811401653,-0.5736430218341473
12422,96,3,683.5600000000001,227.85,325,38,2,3,3,Hibernating,2,-0.26839779890255616,0.4685219207210736
12423,1,8,1634.31,204.29,354,96,5,5,4,Champions,3,2.364191047491483,-1.3608637737318472
12424,163,2,1760.96,880.48,163,30,2,2,4,At Risk Valuable,2,-0.2797845994715836,1.0358687852363084
12425,78,1,777.2,777.2,78,36,2,1,3,Hibernating,1,-0.7570034267442513,0.1185521400790259
12426,195,1,510.73,510.73,195,29,1,1,3,Hibernating,1,-1.3037622831536195,0.5412138809201077
12427,22,3,699.8,233.27,372,25,4,3,3,Promising Customers,0,0.2927544397180074,-0.4348525958772557
12428,26,8,6405.26,800.66,284,256,4,5,5,Champions,3,2.019470879588323,0.7869976394504029
12429,9,4,3388.4,847.1,366,81,5,4,5,Champions,3,1.563435855953337,-0.3010669259583949
12430,43,1,216.4,216.4,43,10,3,1,1,Developing Customers,1,-1.140308745686954,-0.7180507695128693
12431,36,15,6382.45,425.5,374,162,3,5,5,Loyal Customers,3,2.418708830164737,1.2067500846487325
12432,43,4,4359.32,1089.83,172,106,3,4,5,Loyal Customers,2,1.1171343579509474,0.7297290967379754
12433,1,7,13375.87,1910.84,373,219,5,5,5,Champions,3,3.2577807027638257,-0.6385777358044521
12434,85,2,806.14,403.07,260,46,2,2,3,Hibernating,2,-0.40467280063493527,0.34171253750348995
12435,80,2,7829.89,3914.94,268,31,2,2,5,At Risk Valuable,2,0.6997480503827581,1.1336931475109229
12436,100,1,429.0100000000001,429.01,100,15,2,1,2,Hibernating,1,-1.1332117725650617,0.05757108004950363
12437,2,18,4447.41,247.08,331,117,5,5,5,Champions,3,3.3625977587256513,-0.45091239535296734
12438,14,2,2466.85,1233.42,140,83,5,2,5,Promising Customers,2,0.7946009163021654,-0.3566144292228744
12441,367,1,155.55,155.55,367,10,1,1,1,Hibernating,1,-2.1082354866530313,0.5077924454828759
12442,3,1,144.06,144.06,3,11,5,1,1,New Customers,0,-0.416527166021196,-2.3852114158999123
12444,21,5,4085.46,817.09,171,137,4,4,5,Champions,2,1.516348507172397,0.3369955841166633
12445,22,1,77.4,77.4,22,3,4,1,1,New Customers,0,-1.3778461057547153,-1.5015946243070109
12446,58,1,1002.31,1002.31,58,57,3,1,4,Developing Customers,1,-0.5245215471741731,0.02638486616952306
12447,243,1,431.49,431.49,243,25,1,1,2,Hibernating,1,-1.4675468610814468,0.6185676075184748
12448,44,1,365.45,365.45,44,21,3,1,2,Developing Customers,1,-0.9003891094085743,-0.5131139784600928
12449,22,4,3596.29,899.07,187,117,4,4,5,Champions,2,1.2734744894844978,0.2484349273024775
12450,156,2,197.88,98.94,173,7,2,2,1,Hibernating,1,-1.3014036103245032,0.21147800568118433
12451,11,5,8995.52,1799.1,325,264,5,4,5,Champions,3,2.123586468680723,0.2411545748612068
12452,17,1,348.57,348.57,17,20,4,1,2,New Customers,0,-0.5726762932981302,-1.1109315196058676
12453,134,1,707.09,707.09,134,43,2,1,3,Hibernating,1,-1.0067043808734875,0.4235881301808034
12454,56,1,3528.34,3528.34,56,15,3,1,5,Developing Customers,2,0.0873176139220587,0.46392709457321324
12455,73,5,2339.86,467.97,297,84,2,4,5,At Risk Valuable,2,0.7876112104147133,0.9021148665489066
12456,44,3,2581.04,860.35,255,104,3,3,5,Developing Customers,2,0.6569693247819937,0.46672947557987415
12457,66,6,2043.23,340.54,239,52,3,5,4,Loyal Customers,2,0.9007728758382965,0.8489803270309494
12458,71,2,787.4,393.7,285,34,3,2,3,Developing Customers,2,-0.34795335770906977,0.22054763217134343
12461,155,1,626.88,626.88,155,34,2,1,3,Hibernating,1,-1.1191761501449335,0.4712905999634833
12462,19,2,937.59,468.8,303,50,4,2,4,Promising Customers,0,0.22454604863319066,-0.527409639579928
12463,53,4,1200.78,300.2,242,64,3,4,4,Loyal Customers,2,0.4254885146262408,0.38880146926858167
12464,10,8,957.05,119.63,309,5,5,5,4,Champions,3,1.4582383270437893,-0.47596220883690776
12465,17,2,682.1899999999999,341.1,169,45,4,2,3,Promising Customers,0,0.11364296028252284,-0.7101702066910497
12468,188,2,657.54,328.77,316,35,1,2,3,Hibernating,1,-0.8024191493565809,0.7663215517490428
12471,2,27,17424.05,645.34,365,148,5,5,5,Champions,3,4.36380802473879,0.19698259019322703
12472,32,7,6068.11,866.87,369,218,4,5,5,Champions,3,1.8103288334566348,0.849078980059559
12473,54,3,2596.23,865.41,192,138,3,3,5,Developing Customers,2,0.5830753703815287,0.596023777183076
12474,17,18,6745.79,374.77,330,252,4,5,5,Champions,3,2.8761268446485935,0.8365362128891171
12475,54,1,669.38,669.38,54,35,3,1,3,Developing Customers,1,-0.6896057830229838,-0.1653669336028182
12476,16,11,5898.42,536.22,361,176,4,5,5,Champions,3,2.417703702540778,0.574464514054146
12477,23,6,13219.74,2203.29,302,191,4,5,5,Champions,3,2.181598280577156,0.8802728299337454
12478,4,1,545.99,545.99,4,35,5,1,3,New Customers,0,0.12992733476148657,-1.7590507429374886
12479,11,1,473.2,473.2,11,30,5,1,2,New Customers,0,-0.2725978607933398,-1.2564791806818503
12480,28,4,2885.63,721.41,336,128,4,4,5,Champions,2,1.0801384826040548,0.31492773134618207
12481,23,10,5020.32,502.03,366,149,4,5,5,Champions,3,2.1303763518488394,0.7006225822279919
12483,17,8,1910.98,238.87,339,45,4,5,4,Champions,3,1.5989227385147777,0.08846292080069365
12484,35,4,3953.72,988.43,336,255,3,4,5,Loyal Customers,2,1.1473498681285554,0.5669172768586178
12488,10,3,1244.66,414.89,76,45,5,3,4,Promising Customers,0,0.8483949189827279,-0.6921389248029373
12489,336,1,298.93,298.93,336,14,1,1,2,Hibernating,1,-1.765152521461797,0.6894982203360376
12490,5,10,4859.93,485.99,330,130,5,5,5,Champions,3,2.644694067610685,-0.18963844905460572
12491,39,1,424.4,424.4,39,24,3,1,2,Developing Customers,0,-0.784381332259514,-0.5332642285509308
12492,63,2,227.21,113.6,105,18,3,2,1,Developing Customers,1,-0.8930041331969989,-0.3068789761746036
12493,166,2,415.74,207.87,197,19,2,2,2,Hibernating,1,-0.9729068788543641,0.5207896595461378
12494,16,7,1084.1,154.87,366,62,4,5,4,Champions,2,1.244427910377892,-0.19997253232653392
12497,82,1,953.1,953.1,82,13,2,1,4,At Risk Valuable,1,-0.6788860973543848,0.22427833159971217
12498,21,3,349.70000000000005,116.57,58,20,4,3,2,Promising Customers,0,-0.01975860918937463,-0.7158672568722
12500,23,11,4059.82,369.07,334,33,4,5,5,Champions,3,2.10816899532637,0.6565637742968241
12501,337,1,2025.39,2025.39,337,148,1,1,4,At Risk Valuable,1,-0.8569891158853491,1.3891416985309732
12502,96,5,2995.87,599.17,310,101,2,4,5,At Risk Valuable,2,0.801769524220764,1.163836643563232
12504,18,2,428.05,214.02,30,5,4,2,2,Promising Customers,0,-0.12843315440886172,-0.8458181051674857
12506,233,1,73.5,73.5,233,23,1,1,1,Hibernating,1,-2.2886473453859035,-0.050307474863806954
12507,134,3,1052.81,350.94,299,18,2,3,4,At Risk Valuable,2,-0.18939871050352644,0.8355374552513855
12508,26,2,398.27,199.14,29,57,4,2,2,Promising Customers,0,-0.2969570881932433,-0.6494334941075725
12509,284,1,158.5,158.5,284,6,1,1,1,Hibernating,1,-2.0016756407452236,0.35265770000966634
12510,143,2,814.5699999999999,407.28,325,28,2,2,3,Hibernating,1,-0.5967115247722521,0.6721245841046338
12512,66,2,138.03,69.02,66,31,3,2,1,Developing Customers,1,-1.1463826971998634,-0.45885394216105835
12513,113,1,558.29,558.29,113,34,2,1,3,Hibernating,1,-1.0543717757778177,0.2302956077312451
12514,267,1,1017.68,1017.68,267,51,1,1,4,At Risk Valuable,1,-1.0956462419292528,0.9909119298216319
12515,353,1,278.7,278.7,353,15,1,1,2,Hibernating,1,-1.8171962356033502,0.6951770588286361
12516,78,2,1186.06,593.03,181,19,2,2,4,At Risk Valuable,2,-0.1886345172525687,0.42880192301558073
12517,28,4,2322.84,580.71,190,231,4,4,5,Champions,2,0.9769185241545659,0.23571985420333283
12518,1,5,1840.89,368.18,110,83,5,4,4,Champions,3,2.053414809486908,-1.4734447241815767
12519,64,1,286.84,286.84,64,16,3,1,2,Developing Customers,1,-1.155837192327488,-0.36829921035273516
12520,79,5,2346.26,469.25,274,120,2,4,5,At Risk Valuable,2,0.7591179204062019,0.9525112170931401
12521,143,1,545.68,545.68,143,37,2,1,3,Hibernating,1,-1.1545010067224883,0.36999313418750784
12522,39,2,156.72,78.36,51,10,3,2,1,Developing Customers,0,-0.8892330005730392,-0.7396235744867473
12523,19,11,1699.77,154.52,332,83,4,5,4,Champions,3,1.7636164442959312,0.22317377624549725
12524,9,8,3945.72,493.22,334,112,5,5,5,Champions,3,2.168490750909673,-0.01927736141342531
12526,1,3,1172.66,390.89,94,63,5,3,4,Promising Customers,0,1.4715221999426789,-1.7940721858962432
12527,82,3,330.71000000000004,110.24,326,17,2,3,2,Hibernating,1,-0.5536696404706033,0.10513930692512088
12528,9,6,1645.48,274.25,313,49,5,5,4,Champions,3,1.5246701517244328,-0.4352912002400175
12530,60,4,1500.28,375.07,337,50,3,4,4,Loyal Customers,2,0.48481563350865137,0.5473049275790257
12531,15,1,125.22,125.22,15,17,4,1,1,New Customers,0,-1.0125113491338196,-1.5576187639673837
12532,30,1,313.83000000000004,313.83,30,15,4,1,2,New Customers,0,-0.8302362800927067,-0.804707265054741
12534,131,1,981.18,981.18,131,62,2,1,4,At Risk Valuable,1,-0.8423820545413752,0.5288544063585251
12535,92,2,716.35,358.18,187,28,2,2,3,Hibernating,1,-0.4907077053954921,0.34822259523235294
12536,59,1,4279.71,4279.71,59,259,3,1,5,Developing Customers,2,0.15957931476750473,0.5669214313446165
12538,29,1,363.95,363.95,29,21,4,1,2,New Customers,0,-0.7473939379109581,-0.7715288896554108
12539,22,4,5568.35,1392.09,334,157,4,4,5,Champions,2,1.4815136574682866,0.4080778985464958
12540,20,17,11580.24,681.19,362,276,4,5,5,Champions,3,3.025396095390953,1.1107487914686303
12541,30,3,841.18,280.39,281,45,4,3,3,Promising Customers,2,0.26615313896459575,-0.17859750424429954
12544,36,1,316.7,316.7,36,18,3,1,2,Developing Customers,0,-0.8935307083022859,-0.6892834019094117
12545,75,2,832.39,416.2,260,41,2,2,3,Hibernating,2,-0.34220128485896384,0.2750755962527998
12546,47,2,1021.5,510.75,78,58,3,2,4,Developing Customers,2,-0.06925726008535926,0.0585918134122066
12547,198,2,151.79999999999998,75.9,281,6,1,2,1,Hibernating,1,-1.5174436159353726,0.2654214476228747
12548,166,1,67.19999999999999,67.2,166,4,2,1,1,Hibernating,1,-2.2017914880073426,-0.2963199126752293
12550,79,1,824.83,824.83,79,56,2,1,3,Hibernating,1,-0.7335360331918012,0.1482193702493074
12551,358,1,168.0,168.0,358,10,1,1,1,Hibernating,1,-2.0623516074933765,0.5200522112280711
12552,40,1,317.82,317.82,40,19,3,1,2,Developing Customers,0,-0.9310847654783058,-0.6229528433875041
12553,8,10,3278.28,327.83,330,94,5,5,5,Champions,3,2.3024076057057323,-0.076479954350995
12556,50,2,603.71,301.86,151,100,3,2,3,Developing Customers,0,-0.34242391386476856,-0.09483608113166374
12557,16,5,11990.96,2398.19,372,15,4,4,5,Champions,3,2.1272710470564196,0.5668216202185979
12558,8,1,269.96,269.96,8,11,5,1,2,New Customers,0,-0.42903343499722346,-1.6431707832407199
12559,311,2,525.71,262.86,320,20,1,2,3,Hibernating,1,-1.1002895857623725,1.0023506875070427
12560,5,2,1918.01,959.0,143,90,5,2,4,Promising Customers,0,1.0250380360021205,-1.029078400439027
12561,303,1,238.85,238.85,303,16,1,1,1,Hibernating,1,-1.8321632267568648,0.5425560731408329
12562,8,7,3385.74,483.68,199,98,5,5,5,Champions,3,2.0292002723275036,-0.18724921617040327
12564,261,1,402.9,402.9,261,20,1,1,2,Hibernating,1,-1.5272982069178749,0.6386883244891856
12565,289,1,145.92,145.92,289,9,1,1,1,Hibernating,1,-2.0474243401902874,0.3336716439656948
12566,86,1,297.65,297.65,86,18,2,1,2,Hibernating,1,-1.2496937821975527,-0.17011615435528565
12567,23,10,8609.28,860.93,370,322,4,5,5,Champions,3,2.387042232944524,0.8975802237730295
12569,2,32,3152.69,98.52,252,91,5,5,5,Champions,3,3.6991162271117566,-0.36409889173702714
12571,40,2,519.61,259.8,122,31,3,2,3,Developing Customers,0,-0.3302922450132949,-0.2878221611260413
12572,9,2,912.42,456.21,52,52,5,2,3,Promising Customers,0,0.47649251465414955,-0.9765399872330408
12573,227,1,160.54000000000002,160.54,227,26,1,1,1,Hibernating,1,-1.9103530650215845,0.2159078840101328
12574,316,1,182.45,182.45,316,10,1,1,1,Hibernating,1,-1.9757555424993194,0.47118004176492745
12576,36,5,1315.83,263.17,305,72,3,4,4,Loyal Customers,2,0.7786823905134203,0.2527967072813651
12577,35,3,653.85,217.95,359,136,3,3,3,Developing Customers,2,0.0892653963097178,-0.17573736610297974
12578,21,2,2402.51,1201.26,330,110,4,2,5,Promising Customers,2,0.6356680430263472,-0.12358564271762959
12579,78,1,386.42,386.42,78,28,2,1,2,Hibernating,1,-1.0889703838888252,-0.13618927187242472
12580,247,1,379.7,379.7,247,23,1,1,2,Hibernating,1,-1.5344677814435543,0.5822861184186917
12581,40,1,179.71,179.71,40,14,3,1,1,Developing Customers,1,-1.2013007080242983,-0.8303083926507401
12582,239,2,351.36,175.68,289,20,1,2,2,Hibernating,1,-1.191360498119611,0.6892846013425982
12583,3,15,6705.38,447.03,374,114,5,5,5,Champions,3,3.2923315211907798,-0.18482437913505237
12584,4,9,2254.15,250.46,280,43,5,5,5,Champions,3,2.2624658266436506,-0.6223452515903484
12585,234,2,1824.1,912.05,351,76,1,2,4,At Risk Valuable,2,-0.400492858462798,1.2766584800126906
12586,17,1,196.94000000000003,196.94,17,11,4,1,1,New Customers,0,-0.8433713946845932,-1.3186547608846593
12587,8,1,104.0,104.0,8,3,5,1,1,New Customers,0,-0.8802448015221355,-1.9894167517725865
12588,39,1,174.89999999999998,174.9,39,9,3,1,1,Developing Customers,1,-1.2047047752781295,-0.8558077379166111
12589,29,2,574.68,287.34,145,28,4,2,3,Promising Customers,0,-0.16306136621538023,-0.44902907471351616
12590,211,1,9341.26,9341.26,211,67,1,1,5,At Risk Valuable,2,0.048666937837205194,1.6517612183976356
12591,317,1,368.85,368.85,317,25,1,1,2,Hibernating,1,-1.6432401194524522,0.7292616493460399
12592,92,2,401.6,200.8,213,10,2,2,2,Hibernating,1,-0.7656295237126721,0.13725589909856148
12593,109,3,382.1,127.37,219,13,2,3,2,Hibernating,1,-0.5927432363341344,0.3362025604770819
12594,38,9,3208.2200000000003,356.47,323,49,3,5,5,Loyal Customers,3,1.6454105838076798,0.8080779084838137
12596,51,2,450.27,225.14,242,24,3,2,2,Developing Customers,0,-0.48914876900463244,-0.1894300045366955
12597,19,4,3195.22,798.8,268,183,4,4,5,Champions,2,1.270620481617754,0.11670185637950584
12598,10,7,2807.08,401.01,285,83,5,5,5,Champions,3,1.863336149699987,-0.1285300426254087
12599,29,7,888.58,126.94,304,31,4,5,3,Loyal Customers,2,0.9328123591162194,0.08735795220937016
12600,29,10,2311.04,231.1,371,31,4,5,5,Champions,3,1.6759690393070052,0.5587521424325893
12601,190,5,487.06,97.41,333,20,1,4,3,At Risk Valuable,2,-0.3209645606631736,0.9303056600556455
12602,59,1,153.12,153.12,59,12,3,1,1,Developing Customers,1,-1.4225660068997592,-0.6471690812191843
12603,22,1,613.1999999999999,613.2,22,1,4,1,3,New Customers,0,-0.39809245411628913,-0.7497612770071257
12604,79,2,236.18,118.09,262,14,2,2,1,Hibernating,1,-0.9599282779254961,-0.15140654147059515
12607,60,1,1579.51,1579.51,60,101,3,1,4,Developing Customers,2,-0.32096612022719123,0.21348611676042323
12609,78,3,964.85,321.62,318,56,2,3,4,At Risk Valuable,2,-0.026117670241027367,0.46418543457687894
12610,23,4,1747.54,436.88,126,84,4,4,4,Champions,2,0.913856031725535,0.011922379440617057
12611,52,1,1193.32,1193.32,52,65,3,1,4,Developing Customers,2,-0.4005919502135089,0.02208061749897511
12612,74,1,668.0400000000001,668.04,74,18,2,1,3,Hibernating,1,-0.8090829888497877,0.03042725051046152
12613,57,4,3092.38,773.1,262,123,3,4,5,Loyal Customers,2,0.8481781951717011,0.7793948685309041
12614,278,1,315.6,315.6,278,20,1,1,2,Hibernating,1,-1.667231443244013,0.5895784089363604
12615,2,4,2093.19,523.3,168,81,5,4,5,Champions,3,1.794364724291215,-1.2398012140177035
12616,95,2,641.3,320.65,297,24,2,2,3,Hibernating,1,-0.5554375032276979,0.3279782382849702
12617,29,1,355.53,355.53,29,39,4,1,2,New Customers,0,-0.7585036864317257,-0.7800541749697963
12618,22,1,137.31,137.31,22,10,4,1,1,New Customers,0,-1.107658496157066,-1.294260816892204
12619,16,8,2945.56,368.2,253,48,4,5,5,Champions,3,1.8266161437616664,0.21020878829484638
12620,15,3,1303.41,434.47,205,88,4,3,4,Promising Customers,2,0.7271413940114725,-0.4378881655764313
12621,2,20,12411.67,620.58,366,260,5,5,5,Champions,3,3.9416964980055416,-0.03760603447995372
12622,232,1,162.1,162.1,232,10,1,1,1,Hibernating,1,-1.9140686415339803,0.23316337680522523
12623,276,1,269.1,269.1,276,17,1,1,2,Hibernating,1,-1.7400862837048985,0.5270035528318274
12624,106,2,569.13,284.56,178,35,2,2,3,Hibernating,1,-0.6536227906801193,0.35318269727647095
12625,212,2,2413.82,1206.91,319,72,1,2,5,At Risk Valuable,2,-0.22966743685048188,1.3166382968530987
12626,23,9,5954.48,661.61,327,231,4,5,5,Champions,3,2.1252219725546007,0.7262616488423308
12627,11,6,4082.53,680.42,140,161,5,5,5,Champions,3,1.8873177374783492,0.011984380685033578
12628,4,3,732.46,244.15,65,33,5,3,3,Promising Customers,0,0.89761284064872,-1.3851784327310346
12630,10,2,1030.88,515.44,44,59,5,2,4,Promising Customers,0,0.4981089328209755,-0.8716107999756832
12631,57,1,480.5,480.5,57,30,3,1,2,Developing Customers,1,-0.8674136876907198,-0.2525847438776605
12633,59,4,1929.98,482.5,288,72,3,4,4,Loyal Customers,2,0.6109349179212057,0.628764323811527
12635,90,2,1509.18,754.59,155,95,2,2,4,At Risk Valuable,2,-0.12808860765856858,0.6063351060412007
12637,67,8,5823.9,727.99,324,204,3,5,5,Loyal Customers,2,1.6212130269111793,1.3375215483879836
12638,33,1,511.69,511.69,33,38,4,1,3,New Customers,0,-0.6334420448517258,-0.5680740400680983
12639,239,1,366.1,366.1,239,21,1,1,2,Hibernating,1,-1.5392512632550666,0.5482230842528784
12640,24,3,994.58,331.53,82,46,4,3,4,Promising Customers,2,0.4279998983019942,-0.25378430802370644
12641,115,1,145.9,145.9,115,9,2,1,1,Hibernating,1,-1.697331067967682,-0.2469718114241695
12642,25,3,905.26,301.75,108,38,4,3,3,Promising Customers,2,0.3682723129978783,-0.26326443346341244
12643,128,6,3041.64,506.94,333,10,2,5,5,At Risk Valuable,2,0.8397103343791438,1.409342277713165
12644,130,1,477.91,477.91,130,31,2,1,2,Hibernating,1,-1.1813369713613333,0.2617020701572471
12645,34,4,1631.18,407.8,316,57,3,4,4,Loyal Customers,2,0.736897526555074,0.22583744085967675
12646,5,2,1346.97,673.48,49,43,5,2,4,Promising Customers,0,0.8569258072000107,-1.1580826450172133
12647,22,12,3146.82,262.24,369,77,4,5,5,Champions,3,2.0757465508436876,0.5673822399592897
12648,155,1,300.05,300.05,155,20,2,1,2,Hibernating,1,-1.469038343405032,0.20281692455278713
12649,107,3,569.51,189.84,212,27,2,3,3,Hibernating,2,-0.3961890302528289,0.47002481126762163
12650,3,1,242.44000000000003,242.44,3,19,5,1,1,New Customers,0,-0.17011382026170044,-2.196121260173608
12651,335,1,114.0,114.0,335,9,1,1,1,Hibernating,1,-2.2202762827927986,0.3374955143052334
12652,331,1,793.98,793.98,331,47,1,1,3,Hibernating,1,-1.2954936863428226,1.0360452050353617
12653,149,2,2209.85,1104.92,297,37,2,2,5,At Risk Valuable,2,-0.13766685609077625,1.0622188115057447
12654,11,5,529.98,106.0,295,30,5,4,3,Loyal Customers,0,0.7766937209416868,-0.7924102210373946
12656,17,5,3619.17,723.83,234,88,4,4,5,Champions,2,1.5353683747248725,0.16559256638267042
12657,11,4,1427.18,356.8,79,34,5,4,4,Champions,2,1.0824163104645712,-0.5011960086733847
12658,19,1,632.05,632.05,19,35,4,1,3,New Customers,0,-0.33029522345009815,-0.827278722330468
12659,30,1,73.68,73.68,30,4,4,1,1,New Customers,1,-1.515051390203353,-1.3302136876692656
12660,11,1,227.1,227.1,11,12,5,1,1,New Customers,0,-0.6209238315692592,-1.5237740053778324
12662,1,11,3543.78,322.16,373,128,5,5,5,Champions,3,2.993082859174264,-0.9675982066157877
12664,8,9,4391.88,487.99,323,9,5,5,5,Champions,3,2.3551971481097067,-0.006376473102224025
12665,325,1,45.0,45.0,325,2,1,1,1,Hibernating,1,-2.6448441526107147,-0.01630968267199853
12667,58,1,460.13,460.13,58,32,3,1,2,Developing Customers,1,-0.8945200605162614,-0.25754081281801855
12668,12,4,3177.15,794.29,356,114,5,4,5,Champions,2,1.4325445507735741,-0.1583279385558494
12669,151,2,1427.73,713.86,257,96,2,2,4,At Risk Valuable,2,-0.3505266057630111,0.9111534492303167
12670,10,5,2744.05,548.81,233,57,5,4,5,Champions,3,1.5918596290118205,-0.24752591535934174
12672,330,1,225.9,225.9,330,10,1,1,1,Hibernating,1,-1.8910980182325219,0.5762004082001662
12673,5,2,574.52,287.26,327,41,5,2,3,Promising Customers,0,0.45184875248474976,-1.4689265366951454
12674,39,4,1844.6,461.15,208,51,3,4,4,Loyal Customers,2,0.7443580735462024,0.3553304390381973
12676,25,6,1091.39,181.9,311,32,4,5,4,Champions,2,0.9642527449413351,0.020308888348506696
12678,42,10,16481.46,1648.15,354,104,3,5,5,Loyal Customers,3,2.4732516123675468,1.5042431713180815
12679,59,4,951.02,237.76,284,42,3,4,4,Loyal Customers,2,0.27434038553680673,0.37047185045130115
12680,1,4,790.81,197.7,113,32,5,4,3,Loyal Customers,0,1.486397110460745,-1.8519450378782967
12681,15,22,12365.54,562.07,368,266,4,5,5,Champions,3,3.382649144313929,1.0567312122663837
12682,4,31,11028.22,355.75,371,208,5,5,5,Champions,3,4.071907930118808,0.40500065189926904
12683,4,14,7612.57,543.76,366,176,5,5,5,Champions,3,3.208964716905486,-0.02192994726844302
12684,8,6,2073.63,345.6,213,59,5,5,5,Champions,3,1.6749473394138048,-0.41762991553612977
12685,28,6,2575.08,429.18,94,116,4,5,5,Champions,2,1.330845528903003,0.40283609889499505
12686,372,1,71.14,71.14,372,6,1,1,1,Hibernating,1,-2.4821475697008597,0.23337234594399334
12688,114,1,4873.81,4873.81,114,171,2,1,5,At Risk Valuable,2,-0.02718469614382748,1.0266230353244579
12689,26,2,1139.61,569.8,128,56,4,2,4,Promising Customers,0,0.2026445952477909,-0.26605425857219916
12690,206,1,335.01,335.01,206,15,1,1,2,Hibernating,1,-1.5248429203110259,0.4221749328909034
12691,28,5,927.8,185.56,357,20,4,4,4,Champions,2,0.7056308642630779,-0.02907003367307281
12693,127,4,711.91,177.98,319,34,2,4,3,At Risk Valuable,2,-0.15286832632922717,0.7449309152478004
12694,70,2,761.67,380.84,183,31,3,2,3,Developing Customers,2,-0.35840083648462046,0.19956694041683276
12695,7,4,582.1,145.52,210,23,5,4,3,Loyal Customers,0,0.8110036196988297,-1.085288689144939
12697,29,3,757.59,252.53,169,36,4,3,3,Promising Customers,2,0.22893090704745309,-0.23755305504769378
12700,8,4,4525.99,1131.5,215,192,5,4,5,Champions,3,1.7414428040164498,-0.26212666104683036
12701,80,2,725.71,362.86,242,49,2,2,3,Hibernating,2,-0.43174380360972237,0.2654204887592881
12702,20,1,201.0,201.0,20,11,4,1,1,New Customers,0,-0.8926159809144012,-1.213563898308379
12703,71,1,265.55,265.55,71,20,3,1,2,Developing Customers,1,-1.2314966275454338,-0.3315574313500603
12704,7,8,1740.84,217.6,170,63,5,5,4,Champions,3,1.8644597463831813,-0.4594095685981105
12705,15,8,6382.29,797.79,357,227,4,5,5,Champions,3,2.217719133915525,0.45413746372012326
12707,292,1,603.42,603.42,292,33,1,1,3,Hibernating,1,-1.3781742436670084,0.8567731360062633
12708,30,10,2442.91,244.29,369,85,4,5,5,Champions,3,1.689839276681485,0.5997880782452367
12709,15,15,9430.52,628.7,367,92,4,5,5,Champions,3,2.924862808157289,0.8181241395422376
12710,97,3,1023.02,341.01,201,74,2,3,4,At Risk Valuable,2,-0.08064269139200178,0.6221060942152011
12712,29,13,3928.13,302.16,371,57,4,5,5,Champions,3,2.1468819190253194,0.8452341941798073
12713,1,1,794.55,794.55,1,37,5,1,3,New Customers,0,0.6583799976562882,-2.2028265913659517
12714,9,5,4294.86,858.97,295,215,5,4,5,Champions,3,1.8414401928379387,-0.14434673332569273
12715,106,1,273.86,273.86,106,19,2,1,2,Hibernating,1,-1.3682772938876786,-0.06932223000298757
12716,4,2,963.49,481.74,133,59,5,2,4,Promising Customers,0,0.767270614235698,-1.3958721126573743
12717,151,2,830.98,415.49,246,48,2,2,3,Hibernating,1,-0.6078915822204685,0.7136593430290418
12718,71,1,202.25,202.25,71,18,3,1,1,Developing Customers,1,-1.3605402175682324,-0.4305815830561458
12719,5,2,572.95,286.48,65,33,5,2,3,Promising Customers,0,0.45054858591000857,-1.4699242452377983
12720,3,25,5115.7300000000005,204.63,369,210,5,5,5,Champions,3,3.6034879721657904,-0.0968054047602144
12721,32,6,2386.13,397.69,355,132,4,5,5,Champions,2,1.2452106894218358,0.4568866893400695
12722,85,4,979.63,244.91,151,49,2,4,4,At Risk Valuable,2,0.15085896130935253,0.6093964103100139
12723,4,5,707.07,141.41,65,52,5,4,3,Loyal Customers,0,1.2482407359035645,-1.2420165246948618
12724,5,4,923.41,230.85,332,46,5,4,3,Loyal Customers,0,1.140259611476886,-1.0992752599880549
12725,371,1,371.8,371.8,371,23,1,1,2,Hibernating,1,-1.6993957905430954,0.8315441306098178
12726,28,7,2411.1,344.44,357,56,4,5,5,Champions,2,1.4205354643375359,0.43019914822816196
12727,11,7,3440.7,491.53,320,108,5,5,5,Champions,3,1.9269251419419506,0.0009156090822358446
12728,71,4,728.33,182.08,332,37,3,4,3,Loyal Customers,2,0.07784360107751176,0.3886769371982657
12729,114,1,417.01,417.01,114,25,2,1,2,Hibernating,1,-1.1962899665427325,0.12948697737759082
12731,24,12,18751.91,1562.66,365,108,4,5,5,Champions,3,2.8932918622098787,1.2720268179564092
12732,180,1,218.26,218.26,180,11,1,1,1,Hibernating,1,-1.676727763776688,0.18121520187865506
12733,234,1,383.95,383.95,234,22,1,1,2,Hibernating,1,-1.508607769811474,0.5522239246190369
12734,353,1,110.4,110.4,353,4,1,1,1,Hibernating,1,-2.255356612461529,0.3589460254085779
12735,315,2,689.5699999999999,344.78,337,37,1,2,3,Hibernating,1,-0.9762369123631026,1.1093525491397946
12736,333,1,144.0,144.0,333,3,1,1,1,Hibernating,1,-2.10766745222839,0.41837448093461105
12738,372,1,137.35,137.35,372,10,1,1,1,Hibernating,1,-2.1722155404202224,0.471204820076482
12739,99,1,975.54,975.54,99,37,2,1,4,At Risk Valuable,1,-0.7390267967072217,0.3508339253793424
12740,64,1,427.6,427.6,64,27,3,1,2,Developing Customers,1,-0.96634995428305,-0.22289242956521615
12743,134,2,546.43,273.21,134,114,2,2,3,Hibernating,1,-0.761789386161567,0.4856291526402233
12744,56,4,9120.39,2280.1,318,177,3,4,5,Loyal Customers,2,1.3695030631183296,1.1633237059185877
12747,2,11,4196.01,381.46,369,42,5,5,5,Champions,3,2.9185226220476195,-0.6489946968326922
12748,1,206,32317.32,156.88,374,1766,5,5,5,Champions,3,6.625450918861759,0.9355085611074768
12749,4,5,4090.88,818.18,213,160,5,4,5,Champions,3,2.083170601533551,-0.6013165746742658
12750,129,1,275.88,275.88,129,15,2,1,2,Hibernating,1,-1.439198425043011,0.05672439459100196
12752,81,1,4366.78,4366.78,81,53,2,1,5,At Risk Valuable,2,0.049790001146949404,0.7722072663520003
12753,23,6,21429.39,3571.56,363,132,4,5,5,Champions,3,2.411496024858686,1.0566894121335977
12754,236,3,3010.74,1003.58,309,49,1,3,5,At Risk Valuable,2,0.09533842378929411,1.575672406589272
12755,281,2,3811.95,1905.98,366,4,1,2,5,At Risk Valuable,2,-0.11949729168047155,1.6612767688372791
12756,87,1,112.07999999999998,112.08,87,4,2,1,1,Hibernating,1,-1.7162985546941882,-0.5175814917319663
12757,16,9,4199.2,466.58,211,235,4,5,5,Champions,3,2.090807726161732,0.38022635461966964
12758,117,2,2791.59,1395.8,277,84,2,2,5,At Risk Valuable,2,0.06520934807332177,0.9954936441605599
12759,52,3,1411.44,470.48,276,80,3,3,4,Developing Customers,2,0.30731310231538284,0.3500792141690254
12762,8,2,1702.52,851.26,25,61,5,2,4,Promising Customers,0,0.8133982155986351,-0.8156656207636002
12763,138,2,494.08,247.04,369,16,2,2,3,Hibernating,1,-0.8207885847186632,0.4674191553539958
12764,317,1,1693.88,1693.88,317,45,1,1,4,At Risk Valuable,1,-0.918706864611519,1.285246576073487
12766,4,7,6457.63,922.52,366,204,5,5,5,Champions,3,2.5610744400505587,-0.3239146158003543
12769,239,1,1143.6,1143.6,239,32,1,1,4,At Risk Valuable,1,-0.9980055259861208,0.9635587083479852
12770,211,1,1351.45,1351.45,211,12,1,1,4,At Risk Valuable,1,-0.8711799287436611,0.9458985277628017
12772,60,1,752.47,752.47,60,54,3,1,3,Developing Customers,1,-0.673560754531235,-0.057084351341919005
12775,17,5,1281.04,256.21,311,46,4,4,4,Champions,2,1.0412935766602365,-0.2135455043193478
12778,20,6,693.23,115.54,312,39,4,5,3,Loyal Customers,2,0.8301092278019179,-0.28058703141523794
12779,38,8,3981.36,497.67,371,88,3,5,5,Loyal Customers,2,1.6526759050245572,0.8463681674502674
12781,64,2,786.74,393.37,285,24,3,2,3,Developing Customers,2,-0.30926637524724065,0.15543431011084652
12782,5,5,1938.92,387.78,358,80,5,4,4,Champions,3,1.6582635068265639,-0.7583866581950026
12783,2,4,1295.87,323.97,75,74,5,4,4,Champions,0,1.5662803837641561,-1.4148262449715359
12784,15,1,518.42,518.42,15,53,4,1,3,New Customers,0,-0.339183008171012,-1.0409269409041224
12785,364,1,255.95,255.95,364,13,1,1,2,Hibernating,1,-1.8692683490874697,0.6835815254907492
12787,10,3,418.66,139.55,193,16,5,3,2,Promising Customers,0,0.33056635037907245,-1.089504921254943
12789,65,1,76.85,76.85,65,3,3,1,1,Developing Customers,1,-1.784041492389193,-0.8362130450368113
12790,192,1,294.92,294.92,192,20,1,1,2,Hibernating,1,-1.558552717376259,0.3313987187584027
12791,374,1,177.60000000000002,177.6,374,1,1,1,1,Hibernating,1,-2.052718080007183,0.5678601666513157
12792,257,1,344.54,344.54,257,24,1,1,2,Hibernating,1,-1.5956960617648304,0.5719418551697869
12793,335,2,461.48,230.74,371,20,1,2,2,Hibernating,1,-1.1905062926497871,1.001810544494261
12794,53,2,860.41,430.2,99,43,3,2,3,Developing Customers,2,-0.19586338058257197,0.07060921506512381
12795,19,1,318.48,318.48,19,13,4,1,2,New Customers,0,-0.6557799225722728,-1.0770458453482752
12797,366,1,226.03,226.03,366,12,1,1,1,Hibernating,1,-1.930279621000594,0.6418282669193013
12798,10,3,6977.04,2325.68,171,6,5,3,5,Promising Customers,3,1.668515760657283,-0.06280297228522083
12802,187,1,397.58,397.58,187,24,1,1,2,Hibernating,1,-1.406773276036006,0.42354063689651644
12808,37,3,455.65,151.88,369,26,3,3,2,Developing Customers,0,-0.10297310209088509,-0.27314138376847313
12809,178,1,405.31,405.31,178,24,2,1,2,Hibernating,1,-1.3788843473516186,0.399472431992954
12811,262,2,458.85,229.42,284,26,1,2,2,Hibernating,1,-1.0996109364534503,0.844514256334412
12812,45,1,229.64,229.64,45,15,3,1,1,Developing Customers,1,-1.12915779399739,-0.6682922757408681
12814,102,1,85.92,85.92,102,1,2,1,1,Hibernating,1,-1.90167306564025,-0.5139481338311014
12815,148,2,863.46,431.73,198,37,2,2,3,Hibernating,1,-0.5820462665970729,0.7150155690738068
12816,96,2,452.2000000000001,226.1,176,26,2,2,2,Hibernating,1,-0.7253738886676021,0.20717928387094445
12817,281,1,126.04,126.04,281,3,1,1,1,Hibernating,1,-2.1059316386160973,0.2628464185296795
12818,262,1,1182.0800000000002,1182.08,262,13,1,1,4,At Risk Valuable,1,-1.0172398348527694,1.033622694664371
12820,3,4,942.34,235.58,327,55,5,4,4,Champions,0,1.3048551617284618,-1.3487883910532859
12821,214,1,92.72,92.72,214,6,1,1,1,Hibernating,1,-2.147048104504094,-0.02013982401113448
12822,71,2,948.88,474.44,87,41,3,2,4,Developing Customers,2,-0.25926845311737884,0.28860174818575207
12823,75,5,1759.5,351.9,297,1,2,4,4,At Risk Valuable,2,0.6418104048610709,0.8149500832591495
12824,60,1,397.12,397.12,60,25,3,1,2,Developing Customers,1,-0.9771900352746088,-0.2900802866954649
12826,3,7,1474.72,210.67,365,58,5,5,4,Champions,3,1.943708152312383,-1.0044908513489534
12827,6,3,430.15,143.38,44,19,5,3,2,Promising Customers,0,0.5161474031917868,-1.366033031105742
12828,3,6,1018.71,169.78,130,46,5,5,4,Champions,3,1.6467875584801195,-1.1908764461003265
12829,337,2,293.0,146.5,360,9,1,2,2,Hibernating,1,-1.4083934678422534,0.8401113165363404
12830,38,6,6814.64,1135.77,172,13,3,5,5,Loyal Customers,2,1.6807101601269097,0.9459154425363491
12831,262,1,215.05,215.05,262,9,1,1,1,Hibernating,1,-1.8265393710846352,0.41259068495873424
12832,32,2,383.03,191.52,98,27,4,2,2,Promising Customers,0,-0.3921657347619376,-0.5364954432136265
12833,145,1,417.38,417.38,145,24,2,1,2,Hibernating,1,-1.28707768554622,0.2810425949708421
12834,283,1,312.38,312.38,283,18,1,1,2,Hibernating,1,-1.6788848425888536,0.5970996641611518
12836,59,4,2612.86,653.22,312,148,3,4,5,Loyal Customers,2,0.755054561223042,0.7393573832546703
12837,173,1,134.1,134.1,173,12,2,1,1,Hibernating,1,-1.8921335240123704,-0.02063854711016713
12838,34,2,683.13,341.56,374,115,3,2,3,Developing Customers,0,-0.13982154986431133,-0.28831587183946855
12839,3,14,5591.42,399.39,367,95,5,5,5,Champions,3,3.1473964816933444,-0.27600355171726276
12840,144,4,2726.77,681.69,227,67,2,4,5,At Risk Valuable,2,0.43815443229764506,1.3140494762992718
12841,5,25,4022.35,160.89,372,229,5,5,5,Champions,3,3.334120438200965,0.07230887187191079
12842,70,2,1118.99,559.5,309,34,3,2,4,Developing Customers,2,-0.17551496958913199,0.3399080284566047
12843,66,8,1702.26,212.78,264,69,3,5,4,Loyal Customers,2,1.0416402524615238,0.8790430604733369
12844,29,2,325.96000000000004,162.98,130,47,4,2,2,Promising Customers,0,-0.4323163384198636,-0.655647204374075
12845,267,4,354.09,88.52,290,26,1,4,2,At Risk Valuable,1,-0.7669922779941439,0.958597291996487
12847,22,1,871.54,871.54,22,72,4,1,3,New Customers,0,-0.23099009937741158,-0.621531979269956
12849,31,2,1033.25,516.62,269,46,4,2,4,Promising Customers,2,0.09112838617652763,-0.19415187076511092
12851,97,1,135.18,135.18,97,43,2,1,1,Hibernating,1,-1.6689576878765735,-0.3814924903225976
12852,295,1,311.55,311.55,295,17,1,1,2,Hibernating,1,-1.6959623543297793,0.6223541578280127
12853,135,6,1957.1,326.18,316,66,2,5,4,At Risk Valuable,2,0.6097387057773046,1.2818478053123932
12854,79,3,1324.5,441.5,318,95,2,3,4,At Risk Valuable,2,0.11973279000277898,0.5877657321080402
12855,373,1,38.1,38.1,373,3,1,1,1,Hibernating,1,-2.774687150474247,0.011367927635354966
12856,8,6,2179.93,363.32,64,155,5,5,5,Champions,3,1.6987301738749407,-0.3993796870105272
12857,211,2,1106.4,553.2,303,37,1,2,4,At Risk Valuable,1,-0.5989289931894806,1.028916325221385
12863,52,1,521.2,521.2,52,5,3,1,3,Developing Customers,1,-0.7943415172936031,-0.2800709024475491
12864,138,1,147.12,147.12,138,3,2,1,1,Hibernating,1,-1.7625188336228494,-0.12933683768287532
12865,26,2,1568.23,784.12,124,86,4,2,4,Promising Customers,2,0.3544849269231153,-0.14953657616532248
12866,283,1,499.12,499.12,283,25,1,1,3,Hibernating,1,-1.4564080321582498,0.767821645960278
12867,26,7,4036.82,576.69,360,240,4,5,5,Champions,3,1.6930592292772595,0.5730915399429232
12868,186,6,1607.0600000000002,267.84,374,72,1,5,4,At Risk Valuable,2,0.39430478432618693,1.4116997259756532
12871,84,2,380.64,190.32,207,8,2,2,2,Hibernating,1,-0.7567033870834047,0.06073404032567301
12872,327,2,599.97,299.98,365,58,1,2,3,Hibernating,1,-1.0566247765808312,1.0822115595803257
12873,282,1,374.0,374.0,282,4,1,1,2,Hibernating,1,-1.5920982653607272,0.6604276285739626
12875,143,2,343.2300000000001,171.62,363,1,2,2,2,Hibernating,1,-1.0072602450133097,0.357081901638134
12876,58,2,2053.02,1026.51,196,66,3,2,5,Developing Customers,2,0.18389402449094847,0.444102225903526
12877,4,12,1535.77,127.98,359,100,5,5,4,Champions,3,2.3176515149532575,-0.6614630970391465
12878,236,2,854.99,427.5,266,38,1,2,3,Hibernating,1,-0.7640925591630174,1.005498045584605
12879,45,3,573.22,191.07,92,7,3,3,3,Developing Customers,2,-0.06694506111515153,-0.06840867119291838
12881,276,1,298.0,298.0,276,7,1,1,2,Hibernating,1,-1.691704741173336,0.5641300866377564
12882,9,2,1463.04,731.52,34,12,5,2,4,Promising Customers,0,0.7010291013129955,-0.8042373953960972
12883,25,4,703.47,175.87,89,39,4,4,3,Loyal Customers,2,0.45058084310336166,-0.26939076339865126
12884,88,1,309.05,309.05,88,7,2,1,2,Hibernating,1,-1.2405494170987896,-0.14203261159295638
12885,63,3,1175.22,391.74,124,66,3,3,4,Developing Customers,2,0.14813746581815218,0.40273462089311673
12886,68,2,1378.4,689.2,220,75,3,2,4,Developing Customers,2,-0.0654403775161391,0.3978917664256786
12888,214,2,354.12,177.06,255,4,1,2,2,Hibernating,1,-1.145610359408814,0.622433897436523
12890,24,1,380.47,380.47,24,78,4,1,2,New Customers,0,-0.6566487897935914,-0.8708845866608141
12891,186,3,331.0,110.33,293,2,1,3,2,Hibernating,1,-0.8636597749275577,0.6201397878721914
12893,31,1,188.14,188.14,31,27,4,1,1,New Customers,0,-1.0848900692429855,-0.9706935540545668
12895,42,2,372.8,186.4,87,22,3,2,2,Developing Customers,0,-0.5061679953475559,-0.37863826073960805
12897,205,2,216.5,108.25,302,3,1,2,1,Hibernating,1,-1.3626097000510613,0.41627991290803634
12901,9,28,17654.54,630.52,271,30,5,5,5,Champions,3,3.941764039340526,0.9781648473730038
12902,265,1,138.68,138.68,265,10,1,1,1,Hibernating,1,-2.038464706534815,0.26047855146770826
12904,18,2,509.58,254.79,172,59,4,2,3,Promising Customers,0,-0.045629262538197234,-0.7822769006101239
12906,12,5,2919.81,583.96,78,55,5,4,5,Champions,3,1.5575589802110674,-0.11900757804085185
12908,176,2,750.0,375.0,313,1,2,2,3,Hibernating,1,-0.7148200505189394,0.7727414364175544
12909,40,5,2178.67,435.73,253,78,3,4,5,Loyal Customers,2,0.9793095273965461,0.5019003170635675
12910,23,8,3075.04,384.38,242,48,4,5,5,Champions,3,1.7153045938006306,0.44441850975492614
12912,3,5,1662.3,332.46,41,17,5,4,4,Champions,3,1.7399883624035015,-1.0714922562708014
12913,5,5,2483.63,496.73,368,37,5,4,5,Champions,3,1.7760516559705903,-0.6679995917164862
12915,149,2,363.65,181.82,373,19,2,2,2,Hibernating,1,-0.9954318982028981,0.4039958370574907
12916,139,4,3006.15,751.54,321,53,2,4,5,At Risk Valuable,2,0.4979741670506005,1.3274277796128096
12917,128,1,594.0,594.0,128,2,2,1,3,Hibernating,1,-1.0721520467684313,0.3312272598062172
12919,8,6,1335.19,222.53,170,34,5,5,4,Champions,3,1.4655455203232846,-0.578318544064571
12920,17,1,164.23,164.23,17,27,4,1,1,New Customers,0,-0.9293411737151477,-1.3846253715857118
12921,9,37,16587.09,448.3,373,233,5,5,5,Champions,3,4.156993909430572,1.059398980280593
12922,161,1,405.38,405.38,161,28,2,1,2,Hibernating,1,-1.3406680746961421,0.336305264485038
12923,64,1,175.72,175.72,64,27,3,1,1,Developing Customers,1,-1.388026669831786,-0.5464743993790182
12924,88,4,925.75,231.44,328,21,2,4,3,At Risk Valuable,2,0.11085855786512731,0.6104832743470162
12925,5,2,694.05,347.02,75,42,5,2,3,Promising Customers,0,0.5416662988295251,-1.400003265624168
12928,35,5,2062.7000000000003,412.54,359,59,3,4,5,Loyal Customers,2,1.0029870470039854,0.39952567499630387
12929,312,1,117.85,117.85,312,8,1,1,1,Hibernating,1,-2.1775057316257707,0.3045929397463272
12930,78,2,415.8,207.9,171,20,2,2,2,Hibernating,1,-0.6867835091441861,0.046537439079617916
12931,22,15,42055.96,2803.73,358,28,4,5,5,Champions,3,3.4977181049320887,1.5940869771277237
12933,24,3,607.53,202.51,284,102,4,3,3,Promising Customers,0,0.19369667299735946,-0.4335815232413871
12935,2,7,2160.7,308.67,319,80,5,5,5,Champions,3,2.2353407554722575,-1.0473484737612768
12936,17,4,1063.9,265.98,78,56,4,4,4,Champions,2,0.7877663157136329,-0.35148272849482187
12937,15,4,1504.27,376.07,267,81,4,4,4,Champions,2,0.9975010287822602,-0.2997097600840202
12938,26,1,114.14,114.14,26,9,4,1,1,New Customers,0,-1.2561989404163196,-1.2596273623876868
12939,64,8,11581.8,1447.72,335,21,3,5,5,Loyal Customers,3,1.9656179695128169,1.5599861226752296
12940,55,2,913.54,456.77,88,87,3,2,3,Developing Customers,2,-0.18127492069494974,0.11551251550749939
12942,131,3,683.9,227.97,366,68,2,3,3,Hibernating,2,-0.3858976002706555,0.6639204330376645
12944,36,2,604.51,302.26,355,29,3,2,3,Developing Customers,0,-0.21916063270530706,-0.29769152711398705
12945,288,1,462.95,462.95,288,23,1,1,2,Hibernating,1,-1.4988080594410984,0.7514615282657804
12947,144,6,1603.99,267.33,373,83,2,5,4,At Risk Valuable,2,0.49060393500587035,1.2498209955944435
12948,16,7,2064.95,294.99,265,82,4,5,5,Champions,3,1.550904494857274,0.035208337877770536
12949,31,8,4167.22,520.9,252,166,4,5,5,Champions,3,1.749984967118822,0.7376788502001207
12950,2,3,1843.0,614.33,24,13,5,3,4,Promising Customers,0,1.5316164498559701,-1.3721388915791626
12951,9,6,1064.07,177.34,331,53,5,5,4,Champions,2,1.317344163330082,-0.5943868990170674
12952,6,4,1387.79,346.95,78,64,5,4,4,Champions,0,1.275080835898978,-0.8529378561873936
12953,10,1,329.85,329.85,10,17,5,1,2,New Customers,0,-0.4106737207421758,-1.443083803916971
12955,1,11,4757.16,432.47,268,81,5,5,5,Champions,3,3.1331971098952454,-0.8600787644092617
12956,306,1,108.07,108.07,306,19,1,1,1,Hibernating,1,-2.21098053640211,0.2609651518323286
12957,10,8,4017.54,502.19,340,208,5,5,5,Champions,3,2.1406515118550464,0.0477010488812327
12962,7,2,266.39,133.2,113,15,5,2,2,Promising Customers,0,-0.022939665012173392,-1.566617151832314
12963,8,8,1856.63,232.08,366,75,5,5,4,Champions,3,1.8500815354900957,-0.36127186027724867
12965,89,1,771.91,771.91,89,108,2,1,3,Hibernating,1,-0.8100673195497867,0.19866268652211297
12966,10,1,160.18,160.18,10,10,5,1,1,New Customers,0,-0.7529542439259465,-1.705739534804494
12967,358,2,1660.9,830.45,372,19,1,2,4,At Risk Valuable,2,-0.60700711713722,1.5109402534039986
12968,112,1,135.95,135.95,112,5,2,1,1,Hibernating,1,-1.7206996336169544,-0.28919068044203977
12970,7,4,452.24,113.06,322,116,5,4,2,Loyal Customers,0,0.6910927587505268,-1.1773046605206132
12971,4,86,11189.91,130.12,372,94,5,5,5,Champions,3,4.985100618599129,0.7951976653826766
12974,198,1,144.8,144.8,198,8,1,1,1,Hibernating,1,-1.9071589907608602,0.09226498886064069
12976,212,1,738.6,738.6,212,22,1,1,3,Hibernating,1,-1.1602479046394076,0.7284383089339722
12977,156,1,39.24,39.24,156,9,2,1,1,Hibernating,1,-2.4293009143137927,-0.5281369600653385
12980,158,9,7374.900000000001,819.43,359,6,2,5,5,At Risk Valuable,2,1.5044484118109775,2.002496153708081
12981,30,2,372.22,186.11,133,12,4,2,2,Promising Customers,0,-0.38186353292099173,-0.586538911188946
12982,243,1,390.54,390.54,243,28,1,1,2,Hibernating,1,-1.5148909200594654,0.5822372072421583
12984,19,1,97.5,97.5,19,4,4,1,1,New Customers,0,-1.2158077872346678,-1.5067943064703382
12985,1,2,1239.38,619.69,29,73,5,2,4,Promising Customers,0,1.237166622169221,-1.8845825687115403
12987,74,2,558.7,279.35,198,27,2,2,3,Hibernating,1,-0.5266180805450835,0.12128294202477428
12988,292,1,535.32,535.32,292,75,1,1,3,Hibernating,1,-1.4350692142751782,0.8131136547424415
12989,3,15,6924.110000000001,461.61,364,41,5,5,5,Champions,3,3.307607147167668,-0.17310232534010175
12990,31,3,409.5,136.5,310,8,4,3,2,Promising Customers,0,-0.0880099460997264,-0.42094422008142185
12991,23,2,503.76,251.88,112,31,4,2,3,Promising Customers,0,-0.14036104193706034,-0.6384375329310316
12993,23,4,414.76,103.69,298,26,4,4,2,Loyal Customers,0,0.2301795174385917,-0.5127103191434589
12994,4,3,974.42,324.81,269,52,5,3,4,Promising Customers,0,1.0333055297206457,-1.2810519633287873
12995,85,1,211.32,211.32,85,3,2,1,1,Hibernating,1,-1.4076614089180108,-0.3020512694924421
12997,22,4,1226.89,306.72,317,45,4,4,4,Champions,2,0.7618773232417656,-0.1441492792704593
12999,196,3,455.88,151.96,246,25,1,3,2,Hibernating,1,-0.7316018188251591,0.7697631552179873
13000,107,3,534.85,178.28,365,30,2,3,3,Hibernating,2,-0.426020245569363,0.4471332380359758
13001,4,13,9818.82,755.29,327,166,5,5,5,Champions,3,3.2675663961477412,0.04446191034845546
13002,318,1,120.95,120.95,318,7,1,1,1,Hibernating,1,-2.172506556121093,0.3260287321719265
13003,106,3,149.05,49.68,215,4,2,3,1,Hibernating,1,-1.0283028265523753,-0.02366244674538012
13004,12,18,5655.91,314.22,358,277,5,5,5,Champions,3,2.916627940977027,0.5659869858544739
13005,174,2,513.7,256.85,246,21,2,2,3,Hibernating,1,-0.8903037683822913,0.6275476572896768
13006,56,1,81.57,81.57,56,4,3,1,1,Developing Customers,1,-1.7000014003019914,-0.9076075099772676
13008,323,1,229.47,229.47,323,14,1,1,1,Hibernating,1,-1.8754993771063997,0.5683583365523123
13011,372,1,50.55,50.55,372,3,1,1,1,Hibernating,1,-2.6420956288099955,0.11063303849355186
13012,9,8,1661.84,207.73,295,67,5,5,4,Champions,3,1.757094518065185,-0.33497039944272416
13013,1,13,4810.9400000000005,370.07,372,155,5,5,5,Champions,3,3.2782239442384333,-0.7966542630971069
13014,11,10,3466.28,346.63,281,67,5,5,5,Champions,3,2.2190035606964953,0.1261659715966317
13015,53,5,3346.28,669.26,249,156,3,4,5,Loyal Customers,2,1.0782345590837126,0.8330871248176311
13016,73,3,789.89,263.3,123,39,2,3,3,Hibernating,2,-0.09625144323905088,0.3497647175367697
13017,7,1,204.0,204.0,7,1,5,1,1,New Customers,0,-0.5167962055026712,-1.8196883943187037
13018,16,28,7277.7,259.92,296,313,4,5,5,Champions,3,3.317242601557186,0.9907563599192694
13021,4,9,2616.38,290.71,359,101,5,5,5,Champions,3,2.3333629465036076,-0.5679409440900953
13023,64,2,599.9,299.95,130,35,3,2,3,Developing Customers,1,-0.43812646522705834,0.0565509707929704
13026,1,5,975.36,195.07,276,32,5,4,4,Champions,3,1.751317920767395,-1.7052647481999124
13027,114,6,6912.0,1152.0,355,6,2,5,5,At Risk Valuable,2,1.2742181325140305,1.6362898387521683
13028,23,2,661.3199999999999,330.66,45,40,4,2,3,Promising Customers,0,-0.011060121972775179,-0.5392159140035229
13029,31,3,1247.5,415.83,353,8,4,3,4,Promising Customers,2,0.4414063647002979,-0.014686140411787892
13030,11,2,799.48,399.74,368,76,5,2,3,Promising Customers,0,0.3440001335748207,-0.9092198553371041
13032,52,2,1010.18,505.09,87,55,3,2,4,Developing Customers,2,-0.11242323243505853,0.11731324005287741
13033,357,1,190.55,190.55,357,11,1,1,1,Hibernating,1,-2.0016720933782093,0.5640303869865885
13034,55,2,642.77,321.38,369,37,3,2,3,Developing Customers,2,-0.3483733711081093,-0.012713786168090501
13035,74,2,921.88,460.94,261,23,2,2,3,Hibernating,2,-0.28859334640571316,0.30393593067034314
13037,138,3,881.07,293.69,256,44,2,3,3,Hibernating,2,-0.28522775555537955,0.7890653466432059
13038,80,3,908.46,302.82,291,24,2,3,3,Hibernating,2,-0.06430418112756153,0.45805554611724
13040,9,2,676.99,338.5,33,38,5,2,3,Promising Customers,0,0.33462754671870815,-1.085402876928966
13043,273,1,516.42,516.42,273,13,1,1,3,Hibernating,1,-1.4265237650957134,0.7575287534202647
13044,291,1,560.47,560.47,291,33,1,1,3,Hibernating,1,-1.4119509301238318,0.8276850930202966
13045,99,1,305.28000000000003,305.28,99,18,2,1,2,Hibernating,1,-1.2909052824731873,-0.07266094862531453
13046,31,2,629.31,314.65,266,33,4,2,3,Promising Customers,0,-0.14457451805067226,-0.3750231572942253
13047,57,9,3232.59,359.18,374,105,3,5,5,Loyal Customers,2,1.4973440593702205,1.0623187869833732
13048,14,4,1835.91,458.98,327,77,5,4,4,Champions,2,1.1169330366660748,-0.2678809148307462
13049,64,2,656.6800000000001,328.34,318,14,3,2,3,Developing Customers,2,-0.39515242579242743,0.0895279501194628
13050,15,17,5833.11,343.12,367,245,4,5,5,Champions,3,2.8029686210808515,0.688013885782264
13052,212,1,348.15000000000003,348.15,212,18,1,1,2,Hibernating,1,-1.5175041531970435,0.45429065891223824
13055,78,3,1214.41,404.8,214,74,2,3,4,At Risk Valuable,2,0.08327042106794116,0.5481265504951875
13058,25,3,271.40000000000003,90.47,152,5,4,3,2,Promising Customers,0,-0.20385270418672166,-0.7022958838944279
13059,250,1,183.4,183.4,250,8,1,1,1,Hibernating,1,-1.8840853022214692,0.32514521931380547
13060,254,1,307.53,307.53,254,15,1,1,2,Hibernating,1,-1.6451471756621614,0.5231537022605813
13061,72,1,248.61,248.61,72,10,3,1,2,Developing Customers,1,-1.2680199938923429,-0.3467995609905786
13062,191,1,346.98,346.98,191,11,1,1,2,Hibernating,1,-1.4794360886403592,0.3872954406934936
13064,13,4,1119.49,279.87,327,51,5,4,4,Champions,2,0.9080245639604559,-0.49213929535162687
13065,373,1,205.86,205.86,373,14,1,1,1,Hibernating,1,-1.9817827983244534,0.6198187684855264
13066,24,2,470.8,235.4,32,48,4,2,2,Promising Customers,0,-0.18810136229723706,-0.6372347927270862
13067,82,1,115.46,115.46,82,14,2,1,1,Hibernating,1,-1.6799263726861464,-0.5438897275099326
13068,10,2,344.0,172.0,320,1,5,2,2,Promising Customers,0,-0.023345141312539973,-1.271758899820323
13069,1,24,4436.12,184.84,370,281,5,5,5,Champions,3,3.765005558012699,-0.6031498763089391
13070,192,1,228.8,228.8,192,9,1,1,1,Hibernating,1,-1.678912343056626,0.23903837888755272
13072,267,1,177.15,177.15,267,7,1,1,1,Hibernating,1,-1.9255405969903665,0.354076078454844
13075,130,1,919.61,919.61,130,22,2,1,3,Hibernating,1,-0.8702884567444753,0.5003913014001977
13077,1,4,729.27,182.32,366,99,5,4,3,Loyal Customers,0,1.4478888816304598,-1.8814950890892799
13078,3,26,12627.94,485.69,367,95,5,5,5,Champions,3,4.067699322163617,0.24769776044793865
13079,4,5,220.1,44.02,140,2,5,4,1,Loyal Customers,0,0.6942623921079315,-1.6671227663006083
13080,179,1,58.08,58.08,179,6,2,1,1,Hibernating,1,-2.298762887081949,-0.30125085579074184
13081,12,11,28337.38,2576.13,371,503,5,5,5,Champions,3,3.2671676733710573,0.9776681242248132
13082,126,9,3613.63,401.51,338,63,2,5,5,At Risk Valuable,2,1.2508581772703085,1.599612158858871
13083,4,2,303.75,151.88,76,15,5,2,2,Promising Customers,0,0.21891815259988281,-1.8166612222895302
13085,158,2,416.08,208.04,295,17,2,2,2,Hibernating,1,-0.953759261432973,0.4899826292986398
13089,3,97,58825.83,606.45,370,636,5,5,5,Champions,3,5.968102193173814,1.305726725264043
13090,9,13,8895.82,684.29,373,97,5,5,5,Champions,3,2.9557009677287063,0.4476122568133653
13091,28,1,345.82,345.82,28,21,4,1,2,New Customers,0,-0.7586906188291737,-0.8116203987658627
13092,71,5,477.83,95.57,360,19,3,4,2,Loyal Customers,2,0.04277388624559362,0.3051535626228772
13093,276,8,7832.47,979.06,373,97,1,5,5,At Risk Valuable,2,1.2254918195443782,2.3356735411945575
13094,21,12,1927.32,160.61,369,4,4,5,4,Champions,3,1.8594862504440999,0.36022902972435267
13095,71,1,74.39999999999999,74.4,71,6,3,1,1,Developing Customers,1,-1.8325121215222941,-0.792758560695251
13097,33,10,6010.42,601.04,360,214,4,5,5,Champions,3,2.0829287763650446,0.9870523577609258
13098,1,28,28882.44,1031.52,317,156,5,5,5,Champions,3,4.791080907106135,0.13814404161497648
13099,99,1,207.36,207.36,99,1,2,1,1,Hibernating,1,-1.474258900813629,-0.21336097499001677
13101,234,1,101.19,101.19,234,8,1,1,1,Hibernating,1,-2.139858392121702,0.06782127139801927
13102,1,24,6424.09,267.67,365,140,5,5,5,Champions,3,3.9412068716679856,-0.46793831244024964
13103,40,1,243.94,243.94,40,8,3,1,1,Developing Customers,1,-1.0565531188447645,-0.719233466515533
13104,3,6,1098.48,183.08,355,14,5,5,4,Champions,3,1.682636113509336,-1.1633673481975952
13106,133,1,76.5,76.5,133,1,2,1,1,Hibernating,1,-2.0568171691934727,-0.38912804897812747
13107,44,4,1531.62,382.9,334,54,3,4,4,Loyal Customers,2,0.6109027417970826,0.3620919629372791
13108,373,1,350.06,350.06,373,10,1,1,2,Hibernating,1,-1.7300426219298035,0.8129965730817588
13109,60,2,786.54,393.27,157,41,3,2,3,Developing Customers,2,-0.28511575226657326,0.11509726190366237
13110,31,7,1488.67,212.67,311,109,4,5,4,Champions,2,1.1535331788012437,0.3165521085207588
13113,1,24,12245.96,510.25,366,95,5,5,5,Champions,3,4.248230369490356,-0.23233775746247756
13115,12,4,2294.78,573.7,184,88,5,4,5,Champions,2,1.2777510244251788,-0.27711181331890683
13116,138,1,501.14,501.14,138,30,2,1,3,Hibernating,1,-1.181445111056481,0.3165615788573498
13117,22,8,984.91,123.11,372,66,4,5,4,Champions,2,1.1900101768418627,0.0018756567461562272
13118,20,5,1197.81,239.56,289,68,4,4,4,Champions,2,0.9504376391270243,-0.1403859353736579
13120,239,1,30.6,30.6,239,1,1,1,1,Hibernating,1,-2.7065222554142445,-0.3475054039987425
13121,269,1,283.73,283.73,269,50,1,1,2,Hibernating,1,-1.7051987667632222,0.5300510973517848
13122,94,2,922.39,461.2,240,54,2,2,3,Hibernating,2,-0.3786657405504017,0.4539218759311542
13124,90,3,3866.33,1288.78,359,185,2,3,5,At Risk Valuable,2,0.5801411446561822,1.0604822114638166
13126,5,8,2099.64,262.46,367,124,5,5,5,Champions,3,2.063543243243179,-0.5732865786521016
13127,78,1,259.17,259.17,78,15,2,1,2,Hibernating,1,-1.2784837040903634,-0.28161606731918454
13130,94,1,64.0,64.0,94,2,2,1,1,Hibernating,1,-2.00908885940632,-0.671316215449006
13131,23,3,1073.3,357.77,188,30,4,3,4,Promising Customers,2,0.47981972333261436,-0.25185655961291087
13132,262,1,77.3,77.3,262,3,1,1,1,Hibernating,1,-2.3096166523118895,0.04189177636854755
13133,274,2,109.8,54.9,304,7,1,2,1,Hibernating,1,-1.794029097054348,0.3529935498293445
13134,86,4,1793.58,448.4,240,94,2,4,4,At Risk Valuable,2,0.4340759644537924,0.8374441122863131
13135,197,1,3096.0,3096.0,197,1,1,1,5,At Risk Valuable,2,-0.4507347623022008,1.2052114869023525
13136,56,5,2607.61,521.52,213,94,3,4,5,Loyal Customers,2,0.9389025601436926,0.7762819561759216
13137,11,8,3650.41,456.3,309,345,5,5,5,Champions,3,2.061801266977097,0.06784313407333517
13138,22,6,962.39,160.4,372,31,4,5,4,Champions,2,0.95129393512317,-0.10327333909616751
13139,16,7,5064.94,723.56,260,132,4,5,5,Champions,3,1.9778129247963134,0.3628049672293054
13140,108,3,423.72,141.24,366,40,2,3,2,Hibernating,1,-0.5401660092106787,0.36808399058752006
13141,85,5,2388.75,477.75,315,113,2,4,5,At Risk Valuable,2,0.7400194528794334,1.0048884339217938
13142,19,1,307.09,307.09,19,23,4,1,2,New Customers,0,-0.673058419382932,-1.0903048417008219
13144,333,1,110.95,110.95,333,3,1,1,1,Hibernating,1,-2.2307883919081735,0.3238951921385329
13145,40,4,618.52,154.63,372,5,3,4,3,Loyal Customers,2,0.21536138369113025,-0.02771846928274273
13146,26,1,228.91,228.91,26,16,4,1,1,New Customers,0,-0.9270567986748527,-1.0070536284198504
13147,10,4,712.8000000000001,178.2,100,1,5,4,3,Loyal Customers,0,0.7855666526183571,-0.8096388467873971
13148,29,12,3707.12,308.93,364,231,4,5,5,Champions,3,2.0521774422359957,0.7955718094569763
13149,14,4,1676.06,419.02,289,76,5,4,4,Champions,2,1.0736007965155139,-0.30113276656298316
13151,296,1,1257.87,1257.87,296,73,1,1,4,At Risk Valuable,1,-1.0341469190976944,1.133337409380891
13153,6,1,486.22,486.22,6,15,5,1,3,New Customers,0,-0.05372975680865557,-1.5881131938032593
13155,33,4,971.76,242.94,369,67,4,4,4,Champions,2,0.5016514676917879,0.01844866372967018
13157,49,4,1741.22,435.3,298,69,3,4,4,Loyal Customers,2,0.6316482297715496,0.47566831178903407
13158,95,4,1201.06,300.26,319,59,2,4,4,At Risk Valuable,2,0.20572551486973634,0.7534573235559382
13159,9,4,1437.85,359.46,116,114,5,4,4,Champions,2,1.1556326804609443,-0.6140027603461983
13160,22,1,91.8,91.8,22,4,4,1,1,New Customers,0,-1.2975891299669535,-1.440007846192152
13161,313,1,112.75,112.75,313,8,1,1,1,Hibernating,1,-2.199599718225763,0.29059524966504213
13162,122,4,1688.29,422.07,335,74,2,4,4,At Risk Valuable,2,0.2729698470785208,1.034773760241916
13165,46,2,1021.48,510.74,351,40,3,2,4,Developing Customers,2,-0.06122106545976166,0.045244495784446094
13166,283,1,417.2,417.2,283,39,1,1,2,Hibernating,1,-1.541550966704501,0.7024855307319298
13167,19,4,779.33,194.83,144,50,4,4,3,Loyal Customers,2,0.599519212049295,-0.3982809793905837
13168,36,4,1319.19,329.8,318,102,3,4,4,Loyal Customers,2,0.6146919514996408,0.1835673347457153
13169,64,2,712.88,356.44,252,11,3,2,3,Developing Customers,2,-0.3561257596725142,0.1194758344410185
13170,27,1,116.01,116.01,27,29,4,1,1,New Customers,0,-1.2624287933011231,-1.2306994061051975
13171,22,3,468.41,156.14,299,37,4,3,2,Promising Customers,0,0.10201703694774111,-0.5812187152994651
13173,4,2,353.65,176.82,367,41,5,2,2,Promising Customers,0,0.2910919249094308,-1.761277250275744
13174,16,3,2813.03,937.68,369,227,4,3,5,Promising Customers,2,1.069920544387707,-0.11865786188930552
13176,46,1,492.84,492.84,46,66,3,1,3,Developing Customers,0,-0.7750056268697768,-0.3765928644463876
13177,65,1,282.45,282.45,65,17,3,1,2,Developing Customers,1,-1.1689865965433788,-0.36423850292242854
13178,26,11,5725.47,520.5,361,95,4,5,5,Champions,3,2.2267514014102026,0.8567314424485534
13182,45,1,121.18,121.18,45,11,3,1,1,Developing Customers,1,-1.431562416594574,-0.9003484454382124
13183,8,9,3957.78,439.75,335,51,5,5,5,Champions,3,2.305674340016097,-0.044378779615136275
13184,15,10,1700.29,170.03,290,137,4,5,4,Champions,3,1.7701938041596628,0.04841059588963168
13185,268,1,71.4,71.4,268,1,1,1,1,Hibernating,1,-2.3555238887719567,0.027571975855617967
13186,40,3,1575.89,525.3,129,69,3,3,4,Developing Customers,2,0.45783771652962224,0.22763795053392516
13187,337,1,236.02,236.02,337,37,1,1,1,Hibernating,1,-1.8783270147151672,0.605397856477058
13188,11,1,114.6,114.6,11,2,5,1,1,New Customers,0,-0.9444063932058251,-1.7720047485872636
13189,19,2,260.68,130.34,115,29,4,2,2,Promising Customers,0,-0.3833716615770997,-0.9939073211001369
13192,95,2,911.94,455.97,205,57,2,2,3,Hibernating,2,-0.388084421359659,0.4563999364449005
13193,61,1,117.88,117.88,61,22,3,1,1,Developing Customers,1,-1.558662765728396,-0.7212132867781437
13194,136,1,60.7,60.7,136,3,2,1,1,Hibernating,1,-2.1737934349140526,-0.45836986381553724
13196,11,4,1797.78,449.44,262,97,5,4,4,Champions,2,1.1922230269702812,-0.41693365242858815
13198,10,6,3401.24,566.87,362,199,5,5,5,Champions,3,1.8336937328278131,-0.10981444065445037
13199,4,37,9802.12,264.92,367,47,5,5,5,Champions,3,4.171532944751433,0.4280893439883069
13200,19,4,870.09,217.52,126,42,4,4,3,Loyal Customers,2,0.6518878758935568,-0.3580948491671222
13203,10,4,869.46,217.36,242,56,5,4,3,Loyal Customers,0,0.8800053457657001,-0.7371694472961496
13207,15,2,250.26,125.13,151,7,4,2,2,Promising Customers,0,-0.31743799764864,-1.150139820840987
13208,59,5,1199.42,239.88,309,123,3,4,4,Loyal Customers,2,0.5498896837571549,0.5253081205963354
13209,30,8,5891.61,736.45,362,255,4,5,5,Champions,3,1.926898311994145,0.8440094713266207
13210,94,1,353.48,353.48,94,22,2,1,2,Hibernating,1,-1.2017416785930028,-0.05178238429773501
13211,10,3,1197.42,399.14,361,45,5,3,4,Promising Customers,0,0.829993755750959,-0.7062594214437173
13212,20,3,788.08,262.69,61,128,4,3,3,Promising Customers,0,0.3839889324106324,-0.4491622127227346
13213,57,5,1520.58,304.12,200,82,3,4,4,Loyal Customers,2,0.6756836377997927,0.5904158223219175
13216,268,1,333.74,333.74,268,5,1,1,2,Hibernating,1,-1.6267650455800156,0.5867994914000983
13217,122,3,533.98,177.99,157,3,2,3,3,Hibernating,1,-0.47649308748921965,0.5289459594281434
13218,127,1,62.63999999999999,62.64,127,5,2,1,1,Hibernating,1,-2.1330914974214825,-0.49011875145186246
13220,78,4,819.2900000000001,204.82,237,18,2,4,3,At Risk Valuable,2,0.09832718247822902,0.4903932453928828
13221,240,2,844.86,422.43,359,61,1,2,3,Hibernating,1,-0.7761546552346376,1.0117550086105231
13223,200,2,163.20000000000002,81.6,232,5,1,2,1,Hibernating,1,-1.4870175615794103,0.29803839125281983
13224,60,2,2152.95,1076.47,151,100,3,2,5,Developing Customers,2,0.19376465562770337,0.4825756167139784
13225,3,7,6463.84,923.41,362,23,5,5,5,Champions,3,2.646805568841751,-0.4649551392205148
13226,273,1,108.21,108.21,273,16,1,1,1,Hibernating,1,-2.166912342348957,0.1893769313698633
13227,202,1,257.7,257.7,202,9,1,1,2,Hibernating,1,-1.6418352128952722,0.3143124836784194
13228,81,1,358.0,358.0,81,2,2,1,2,Hibernating,1,-1.1394751949138817,-0.14039890938047173
13229,226,1,160.95,160.95,226,10,1,1,1,Hibernating,1,-1.9074668142861861,0.21404848733619972
13230,4,14,2806.97,200.5,365,393,5,5,5,Champions,3,2.7342127993941956,-0.3862402233084015
13232,13,7,1357.0,193.86,243,146,5,5,4,Champions,3,1.4254004821727966,-0.24105959034337876
13233,74,2,605.12,302.56,336,43,2,2,3,Hibernating,1,-0.48869531312760406,0.15038372783830925
13235,212,1,1031.07,1031.07,212,53,1,1,4,At Risk Valuable,1,-1.0016535551886931,0.8501388204972423
13236,25,2,744.85,372.42,107,34,4,2,3,Promising Customers,0,0.014883758630909148,-0.4451171257273256
13238,17,4,700.73,175.18,360,20,4,4,3,Loyal Customers,0,0.5892510748854352,-0.5038173258217291
13239,262,1,329.56,329.56,262,21,1,1,2,Hibernating,1,-1.6241256415019365,0.5679168647562002
13240,96,4,648.7,162.18,366,58,2,4,3,At Risk Valuable,2,-0.09108137101790009,0.5353017807120365
13242,112,3,270.40000000000003,90.13,214,12,2,3,2,Hibernating,1,-0.7670889453297899,0.22735499668407025
13243,203,1,600.07,600.07,203,56,1,1,3,Hibernating,1,-1.242462124021046,0.6253340419192036
13244,93,1,121.74,121.74,93,27,2,1,1,Hibernating,1,-1.7024887955960508,-0.44584896992822964
13245,51,1,430.5,430.5,51,16,3,1,2,Developing Customers,1,-0.8778666651016891,-0.3618210282632931
13246,18,6,1987.3,331.22,330,110,4,5,4,Champions,2,1.3691718725072601,0.040307680559853655
13247,18,4,501.12,125.28,83,18,4,4,3,Loyal Customers,0,0.4092824288866338,-0.5918058295090961
13248,125,2,465.68,232.84,189,25,2,2,2,Hibernating,1,-0.8113821282226182,0.38362484981298317
13249,92,3,711.41,237.14,261,21,2,3,3,Hibernating,2,-0.23332517395361088,0.45640316649318324
13253,157,2,1030.4,515.2,339,35,2,2,4,At Risk Valuable,2,-0.5204204502045501,0.8166658762347373
13255,9,2,399.51,199.76,374,13,5,2,2,Promising Customers,0,0.08408730727673311,-1.277659886165906
13258,12,3,698.58,232.86,205,28,5,3,3,Promising Customers,0,0.5099573426799466,-0.7970060756211513
13259,62,1,292.32,292.32,62,77,3,1,2,Developing Customers,1,-1.134917876408863,-0.38121381587445213
13260,61,1,557.62,557.62,61,8,3,1,3,Developing Customers,1,-0.8221900747136119,-0.15606639750179582
13261,269,2,944.1,472.05,286,8,1,2,4,At Risk Valuable,1,-0.7667750932119806,1.1242697243767543
13262,263,1,200.29,200.29,263,11,1,1,1,Hibernating,1,-1.86166981414016,0.38915023187714143
13263,1,34,7428.85,218.5,325,448,5,5,5,Champions,3,4.315241660652356,-0.28539196171774484
13265,53,5,2107.66,421.53,274,66,3,4,5,Loyal Customers,2,0.8582975240276582,0.6643140898971861
13266,11,12,3834.26,319.52,257,82,5,5,5,Champions,3,2.4183810399901122,0.22729093107837525
13267,3,19,4521.49,237.97,367,88,5,5,5,Champions,3,3.306999058306005,-0.24285636320029616
13268,18,10,3192.65,319.26,267,256,4,5,5,Champions,3,2.004268089520767,0.3873172395951439
13269,1,15,5346.2300000000005,356.42,370,177,5,5,5,Champions,3,3.4494210747576983,-0.7067450551381449
13270,366,1,590.0,590.0,366,1,1,1,3,Hibernating,1,-1.474916495055374,0.9912601701776517
13271,37,1,217.38,217.38,37,79,3,1,1,Developing Customers,0,-1.082143915609804,-0.8093011286536141
13272,31,2,276.56,138.28,90,15,4,2,2,Promising Customers,0,-0.5349414795240709,-0.6745789679095066
13273,113,1,138.98,138.98,113,16,2,1,1,Hibernating,1,-1.7136509353342342,-0.2756152980413008
13276,64,2,590.9300000000001,295.47,100,30,3,2,3,Developing Customers,1,-0.4452849118641664,0.05105779514861895
13277,16,4,258.4,64.6,134,5,4,4,2,Loyal Customers,0,0.13743342989022725,-0.903507705670407
13278,41,1,542.73,542.73,41,46,3,1,3,Developing Customers,0,-0.6862158864758361,-0.4127122499003224
13279,78,1,137.75,137.75,78,9,2,1,1,Hibernating,1,-1.5776988627629567,-0.5112247387760197
13280,122,3,814.86,271.62,337,67,2,3,3,Hibernating,2,-0.2756333134607967,0.6830796806887388
13282,18,3,1132.14,377.38,221,29,4,3,4,Promising Customers,2,0.5944745351858481,-0.38040759419573456
13283,60,2,93.66,46.83,186,7,3,2,1,Developing Customers,1,-1.293486708657557,-0.6586961403415004
13284,331,1,201.19,201.19,331,13,1,1,1,Hibernating,1,-1.9471292514592786,0.535999762671488
13285,23,4,2709.12,677.28,290,157,4,4,5,Champions,2,1.1224255069268507,0.17197229241920683
13291,156,1,361.11,361.11,156,41,2,1,2,Hibernating,1,-1.3835846162470533,0.27431412892708745
13292,39,2,578.9399999999999,289.47,284,29,3,2,3,Developing Customers,0,-0.2694892258790397,-0.26405092842692934
13294,190,2,873.74,436.87,250,48,1,2,3,Hibernating,1,-0.6713172251052263,0.8766819619336667
13295,360,1,201.2,201.2,360,10,1,1,1,Hibernating,1,-1.9791078728364904,0.5890803020110827
13296,137,1,87.4,87.4,137,5,2,1,1,Hibernating,1,-2.005424649974422,-0.32242774762294635
13297,8,4,2089.85,522.46,67,52,5,4,5,Champions,2,1.3737732554666666,-0.5442651628264952
13298,1,1,360.0,360.0,1,2,5,1,2,New Customers,0,0.28230070644082245,-2.491418475552201
13299,268,1,142.5,142.5,268,5,1,1,1,Hibernating,1,-2.0299087768316713,0.2774391737293924
13300,169,1,371.89,371.89,169,20,2,1,2,Hibernating,1,-1.4000230685711277,0.33543575240298673
13301,104,4,600.19,150.05,292,74,2,4,3,At Risk Valuable,2,-0.15830034016986863,0.5571748833631991
13302,155,1,63.75,63.75,155,1,2,1,1,Hibernating,1,-2.200460089274077,-0.3584540220418485
13304,351,1,300.42,300.42,351,21,1,1,2,Hibernating,1,-1.779435755345968,0.7189018336389733
13305,4,10,2000.86,200.09,373,50,5,5,4,Champions,3,2.2921220425832476,-0.629182349128819
13307,120,1,15.0,15.0,120,1,2,1,1,Hibernating,1,-2.7687298164036442,-1.0300160386467434
13308,23,3,1385.51,461.84,203,49,4,3,4,Promising Customers,2,0.6012458375240463,-0.15867782868448221
13309,7,5,1456.79,291.36,309,82,5,4,4,Champions,3,1.412333997430767,-0.6804578626269119
13310,28,3,1132.03,377.34,324,65,4,3,4,Promising Customers,2,0.43283470770106225,-0.11250621725826407
13311,4,2,598.57,299.29,150,25,5,2,3,Promising Customers,0,0.5410074914491296,-1.5694995961484282
13313,22,5,1555.32,311.06,340,47,4,4,4,Champions,2,1.0398949665824238,0.012581124334542813
13314,2,3,775.94,258.65,74,55,5,3,3,Promising Customers,0,1.120233826249877,-1.6878214862901444
13316,37,4,5977.7300000000005,1494.43,254,66,3,4,5,Loyal Customers,2,1.3234000224859164,0.7521268428348322
13317,66,6,2273.68,378.95,359,100,3,5,5,Loyal Customers,2,0.951613625468345,0.8879939820550198
13318,1,3,640.76,213.59,37,14,5,3,3,Promising Customers,0,1.1842028750055877,-2.014552353997843
13319,5,26,10845.55,417.14,366,209,5,5,5,Champions,3,3.840338097946376,0.4490464098863589
13320,78,4,1548.7,387.18,214,77,2,4,4,At Risk Valuable,2,0.4011106756915663,0.7227401489528258
13321,72,2,567.36,283.68,86,10,3,2,3,Developing Customers,1,-0.5089812731024561,0.1097644737149194
13322,17,1,199.48,199.48,17,25,4,1,1,New Customers,0,-0.837302701453637,-1.3139978290753869
13323,3,5,787.85,157.57,84,6,5,4,3,Loyal Customers,0,1.3849335046849718,-1.3439506254814737
13324,36,10,7121.95,712.2,361,25,3,5,5,Loyal Customers,3,2.1313665368032466,1.1025968509471975
13325,82,1,675.3,675.3,82,12,2,1,3,Hibernating,1,-0.8426776232754638,0.0985896638548468
13327,39,8,3627.77,453.47,365,74,3,5,5,Loyal Customers,2,1.5987459823377328,0.8284506243678939
13328,316,1,1308.48,1308.48,316,17,1,1,4,At Risk Valuable,1,-1.040291225455074,1.1890270919768215
13329,32,2,789.0,394.5,367,16,4,2,3,Promising Customers,0,-0.04885289969482515,-0.2730475473799334
13330,93,3,1140.93,380.31,316,37,2,3,4,At Risk Valuable,2,-0.012846119089621154,0.6355054144655512
13332,14,1,350.9,350.9,14,21,5,1,2,New Customers,0,-0.4998407167919733,-1.2240304806967326
13334,82,3,3536.82,1178.94,306,207,2,3,5,At Risk Valuable,2,0.5729203219718751,0.9696504022204974
13336,77,1,795.12,795.12,77,51,2,1,3,Hibernating,1,-0.7412994547479428,0.11879530513175528
13338,158,1,487.02,487.02,158,19,2,1,3,Hibernating,1,-1.2463927698885922,0.391323861290525
13339,201,1,860.12,860.12,201,54,1,1,3,Hibernating,1,-1.0675802536733612,0.7504011771512186
13340,45,7,10736.48,1533.78,277,128,3,5,5,Loyal Customers,3,1.9549511576861927,1.267907041937014
13341,261,1,775.85,775.85,261,42,1,1,3,Hibernating,1,-1.2159849877677842,0.8775806819924292
13343,178,1,353.43,353.43,178,19,2,1,2,Hibernating,1,-1.443902565497918,0.34957941602648085
13344,68,3,2543.72,847.91,278,115,3,3,5,Developing Customers,2,0.4866932124905014,0.7322553936111723
13345,288,1,389.5,389.5,288,20,1,1,2,Hibernating,1,-1.5808384974239509,0.6885138488506658
13347,70,1,341.36,341.36,70,8,3,1,2,Developing Customers,1,-1.1070195966904897,-0.24900113139379476
13348,64,1,233.76,233.76,64,14,3,1,1,Developing Customers,1,-1.2528565460089085,-0.4427489307586693
13349,11,1,247.32,247.32,11,16,5,1,1,New Customers,0,-0.5804989414276556,-1.4927531661918119
13350,16,2,979.12,489.56,79,36,4,2,4,Promising Customers,0,0.30725933812804695,-0.6145740203278153
13351,66,1,373.94,373.94,66,16,3,1,2,Developing Customers,1,-1.0415940063099536,-0.25254292319715144
13352,60,1,397.98,397.98,60,24,3,1,2,Developing Customers,1,-0.9761630067021171,-0.28929217600239643
13354,71,1,743.53,743.53,71,51,3,1,3,Developing Customers,1,-0.7425988605301855,0.04360794215769091
13355,122,1,674.7,674.7,122,32,2,1,3,Hibernating,1,-0.9934153370505515,0.3475017948765101
13356,80,1,768.24,768.24,80,42,2,1,3,Hibernating,1,-0.7720694372408003,0.1301642249923689
13357,257,1,609.95,609.95,257,85,1,1,3,Hibernating,1,-1.3244455965882669,0.7800912658398151
13358,269,1,439.03,439.03,269,29,1,1,2,Hibernating,1,-1.4980144264090811,0.6890380997029208
13359,64,1,439.56,439.56,64,23,3,1,2,Developing Customers,1,-0.9532504284048245,-0.2128402492313149
13362,9,4,3090.74,772.68,288,128,5,4,5,Champions,3,1.519686524399118,-0.334638841030654
13363,18,2,992.5,496.25,44,47,4,2,4,Promising Customers,0,0.27120826666500303,-0.5391453544987989
13364,71,1,134.95999999999998,134.96,71,10,3,1,1,Developing Customers,1,-1.5519106754666163,-0.5774334898548066
13365,34,2,2225.37,1112.68,218,122,3,2,5,Developing Customers,2,0.42179679358218136,0.14265307464241714
13366,50,1,56.16,56.16,50,1,3,1,1,Developing Customers,1,-1.8325496249817925,-1.1124141811441604
13368,257,2,623.4,311.7,338,29,1,2,3,Hibernating,1,-0.9466852780467473,0.9440737756526337
13369,366,1,308.28000000000003,308.28,366,14,1,1,2,Hibernating,1,-1.783130785760021,0.754745836723907
13370,372,1,754.87,754.87,372,39,1,1,3,Hibernating,1,-1.3640030524979743,1.0914026617563815
13372,90,1,378.64,378.64,90,23,2,1,2,Hibernating,1,-1.1526656848588552,-0.05399503966851273
13373,61,3,3312.25,1104.08,276,135,3,3,5,Developing Customers,2,0.6531813500114063,0.760862702854966
13375,89,1,778.65,778.65,89,37,2,1,3,Hibernating,1,-0.8059348377701809,0.20183382816962928
13376,99,3,1019.76,339.92,234,45,2,3,4,At Risk Valuable,2,-0.08988073995653117,0.6337426441948643
13379,26,3,572.56,190.85,137,85,4,3,3,Promising Customers,0,0.13611740275201148,-0.40643222196320544
13381,32,6,3639.31,606.55,299,77,4,5,5,Champions,2,1.4460531513723698,0.6110071258352078
13382,281,1,222.99,222.99,281,15,1,1,1,Hibernating,1,-1.836017325173372,0.46997050673331847
13384,31,7,4151.93,593.13,179,123,4,5,5,Champions,2,1.6415114878964119,0.6910119178036672
13385,330,1,534.57,534.57,330,35,1,1,3,Hibernating,1,-1.48233651630325,0.8898716333381238
13388,131,2,677.1,338.55,131,35,2,2,3,Hibernating,1,-0.6513182419548228,0.5495716588624411
13389,11,3,797.96,265.99,233,50,5,3,3,Promising Customers,0,0.6037670196059562,-0.7992096024119176
13390,75,1,544.08,544.08,75,13,2,1,3,Hibernating,1,-0.9116733490581617,-0.03602071427255631
13391,204,1,59.8,59.8,204,1,1,1,1,Hibernating,1,-2.3348036800679592,-0.2083634161362992
13394,2,8,2520.02,315.0,310,124,5,5,5,Champions,3,2.4152521963654574,-0.9458622082014173
13395,185,1,307.72,307.72,185,21,1,1,2,Hibernating,1,-1.5242802272634552,0.32345606977290714
13396,29,2,1360.99,680.5,319,42,4,2,4,Promising Customers,2,0.24680815404784073,-0.13450758978679483
13397,73,5,1544.13,308.83,339,28,2,4,4,At Risk Valuable,2,0.5898942087293241,0.750392813820001
13398,192,1,457.34,457.34,192,26,1,1,2,Hibernating,1,-1.3503114809224217,0.4911967512404844
13402,127,2,621.23,310.62,372,32,2,2,3,Hibernating,1,-0.6804839888208779,0.4986690136275377
13403,18,1,75.0,75.0,18,3,4,1,1,New Customers,0,-1.3196326033487955,-1.634009224164284
13404,1,2,252.49,126.24,213,11,5,2,2,Promising Customers,0,0.4814206616974274,-2.464519182593705
13405,204,2,557.45,278.73,318,24,1,2,3,Hibernating,1,-0.9119397487142579,0.7576000265179528
13408,2,62,28117.04,453.5,374,234,5,5,5,Champions,3,5.326345875874536,0.6838063644962927
13410,24,5,1003.06,200.61,291,15,4,4,4,Champions,2,0.7994326265981231,-0.09465739976601206
13411,107,1,213.55,213.55,107,17,2,1,1,Hibernating,1,-1.4897355307423832,-0.15390337973767873
13414,134,3,1390.5,463.5,297,23,2,3,4,At Risk Valuable,2,-0.05709718377935038,0.9370616491378615
13416,44,2,712.5,356.25,81,11,3,2,3,Developing Customers,0,-0.21585413221423772,-0.11372186532910764
13417,5,2,640.83,320.42,205,26,5,2,3,Promising Customers,0,0.5037515018004187,-1.4290979352025048
13418,12,18,6127.43,340.41,373,223,5,5,5,Champions,3,2.954733348180602,0.5952279239210783
13419,64,1,221.06,221.06,64,16,3,1,1,Developing Customers,1,-1.2793273572760853,-0.4630618314633146
13420,150,2,159.85,79.92,171,8,2,2,1,Hibernating,1,-1.3875246929320257,0.10927438893729455
13421,40,2,1840.58,920.29,290,87,3,2,4,Developing Customers,2,0.27101996394482697,0.1736066583300083
13422,64,1,2626.3,2626.3,64,127,3,1,5,Developing Customers,2,-0.10335246602591955,0.4393457659472203
13425,108,3,1624.21,541.4,295,66,2,3,4,At Risk Valuable,2,0.09854881957786674,0.8582144503159657
13426,1,10,3641.32,364.13,360,103,5,5,5,Champions,3,2.927160706098985,-0.9911673213629068
13427,19,3,582.6,194.2,215,25,4,3,3,Promising Customers,0,0.25906096397862843,-0.5902509425773137
13428,10,1,218.47,218.47,10,70,5,1,1,New Customers,0,-0.6060296087151662,-1.5929940093281556
13429,11,4,1006.8,251.7,75,55,5,4,4,Champions,0,0.916483246670804,-0.6285280278714446
13430,19,2,679.45,339.72,86,48,4,2,3,Promising Customers,0,0.07146701365314664,-0.6448778654732633
13431,67,2,1269.1,634.55,89,44,3,2,4,Developing Customers,2,-0.09915306560356865,0.3584902868593521
13434,74,2,534.24,267.12,97,9,2,2,3,Hibernating,1,-0.5478864945281803,0.1049622037964135
13435,5,7,3809.89,544.27,189,68,5,5,5,Champions,3,2.240308079402186,-0.401070246798642
13436,2,1,196.89,196.89,2,12,5,1,1,New Customers,0,-0.15877551829789785,-2.4540682597420322
13437,14,7,3408.06,486.87,190,143,5,5,5,Champions,3,1.837116070728262,0.13882684270952464
13439,255,1,283.71,283.71,255,54,1,1,2,Hibernating,1,-1.6848849503182999,0.4962878621268087
13441,92,1,296.64,296.64,92,13,2,1,2,Hibernating,1,-1.2767920698546804,-0.12909544919361615
13447,23,3,1129.14,376.38,36,55,4,3,4,Promising Customers,2,0.503937471477168,-0.2333493284466553
13448,17,6,3539.37,589.9,374,137,4,5,5,Champions,3,1.6644368668917193,0.21677111811787617
13449,24,1,291.88,291.88,24,19,4,1,2,New Customers,0,-0.782429296103342,-0.967404746525279
13450,27,6,2043.72,340.62,218,32,4,5,5,Champions,2,1.2343059603202584,0.2962289974981035
13451,26,5,2976.15,595.23,334,315,4,4,5,Champions,2,1.2873456331681052,0.3510861917385641
13452,259,2,590.0,295.0,271,1,1,2,3,Hibernating,1,-0.9758019948433756,0.9288879215207796
13453,166,2,356.98,178.49,290,16,2,2,2,Hibernating,1,-1.0452452309745761,0.46527939395871465
13455,25,2,1058.34,529.17,366,42,4,2,4,Promising Customers,0,0.18188566467685482,-0.31696490928187904
13456,18,6,1766.72,294.45,207,43,4,5,4,Champions,2,1.3132044928472435,-0.0026399954391357026
13458,7,14,9646.57,689.04,360,242,5,5,5,Champions,3,3.1420480098075205,0.3623586452461476
13460,29,2,183.44,91.72,50,16,4,2,1,Promising Customers,0,-0.7048075825188086,-0.8647487512968371
13461,39,3,1445.0,481.67,164,14,3,3,4,Developing Customers,2,0.4260307214800213,0.18034305672164122
13462,253,1,151.5,151.5,253,9,1,1,1,Hibernating,1,-1.9790300770438005,0.2633000708359087
13464,58,1,674.68,674.68,58,41,3,1,3,Developing Customers,1,-0.712686060429753,-0.11800689558346562
13466,184,1,307.9,307.9,184,17,1,1,2,Hibernating,1,-1.5219427023248517,0.3202531289325196
13467,11,2,1083.71,541.86,36,89,5,2,4,Promising Customers,0,0.48862238225095816,-0.7982411117168212
13468,2,37,5704.97,154.19,373,184,5,5,5,Champions,3,4.109162113928078,-0.09324781796958329
13470,99,2,165.0,82.5,115,7,2,2,1,Hibernating,1,-1.2150380803623502,-0.14034209413371893
13471,1,4,2531.58,632.9,47,214,5,4,5,Champions,3,2.0397778868188206,-1.4272973514675884
13473,61,2,422.64,211.32,333,21,3,2,2,Developing Customers,1,-0.5864366667307278,-0.10105569986489726
13474,236,1,229.59,229.59,236,59,1,1,1,Hibernating,1,-1.7557605026399659,0.37042137468723974
13475,191,4,1431.78,357.94,299,64,1,4,4,At Risk Valuable,2,0.02440943399868293,1.2567872945526657
13476,179,2,1238.47,619.24,281,56,2,2,4,At Risk Valuable,2,-0.48277299477776764,0.9663855703095168
13477,38,6,1454.58,242.43,292,57,3,5,4,Loyal Customers,2,0.9459220441642185,0.38206124525260066
13479,201,2,300.95,150.48,235,14,1,2,2,Hibernating,1,-1.1989730476306741,0.5236749733828171
13481,46,5,1804.56,360.91,257,98,3,4,4,Loyal Customers,2,0.8374937694042349,0.5196647537676881
13482,232,1,184.64,184.64,232,11,1,1,1,Hibernating,1,-1.8524581463209853,0.28044140916297977
13483,66,1,140.34,140.34,66,10,3,1,1,Developing Customers,1,-1.5059354825161304,-0.6088645411492287
13484,241,1,313.8,313.8,241,8,1,1,2,Hibernating,1,-1.6155755159181548,0.4973461796501525
13485,233,1,454.24,454.24,233,23,1,1,2,Hibernating,1,-1.4271549590684738,0.6107757508993868
13486,78,3,1122.41,374.14,155,69,2,3,4,At Risk Valuable,2,0.04580661534421999,0.5193779580171136
13487,58,3,575.4,191.8,353,26,3,3,3,Developing Customers,2,-0.1602565005820062,0.0906845059665789
13488,17,13,8968.31,689.87,367,271,4,5,5,Champions,3,2.7349421622659715,0.8230181845479411
13489,105,4,449.52,112.38,295,11,2,4,2,At Risk Valuable,2,-0.29923996664737984,0.45780776094010345
13491,52,10,1215.82,121.58,372,73,3,5,4,Loyal Customers,2,1.1529800481298935,0.6849103346519047
13492,136,3,1269.84,423.28,215,38,2,3,4,At Risk Valuable,2,-0.10588829990941787,0.9132517013690562
13493,275,2,498.63,249.32,287,5,1,2,3,Hibernating,1,-1.0785594758986934,0.905387688839933
13494,312,1,316.26000000000005,316.26,312,18,1,1,2,Hibernating,1,-1.71018393602101,0.6632015647493229
13495,8,5,2044.87,408.97,368,34,5,4,5,Champions,3,1.5286257111439587,-0.4820480025831421
13496,11,2,653.33,326.67,360,28,5,2,3,Promising Customers,0,0.24804754849068675,-0.9828509697557565
13497,283,2,348.05,174.02,369,19,1,2,2,Hibernating,1,-1.2601815591595957,0.7925005680656415
13499,18,5,1159.11,231.82,270,31,4,4,4,Champions,2,0.973065978478188,-0.21578730436302224
13500,23,3,1166.77,388.92,123,60,4,3,4,Promising Customers,2,0.5195271350828795,-0.221386291664541
13501,288,1,1340.32,1340.32,288,52,1,1,4,At Risk Valuable,1,-0.993517708813321,1.1392060751072477
13502,17,3,292.0,97.33,324,17,4,3,2,Promising Customers,0,-0.02862997882506637,-0.9086731672419567
13503,71,1,216.85,216.85,71,17,3,1,1,Developing Customers,1,-1.327523154434331,-0.40524528647540725
13504,64,1,295.93,295.93,64,22,3,1,2,Developing Customers,1,-1.141038937619123,-0.35694347684464267
13505,73,4,3633.63,908.41,233,181,2,4,5,At Risk Valuable,2,0.8318232092189947,0.9926537535946122
13506,316,2,458.52,229.26,370,26,1,2,2,Hibernating,1,-1.1713177702111435,0.9625819367785952
13507,3,4,2479.16,619.79,146,146,5,4,5,Champions,3,1.764938691768108,-0.9957341923281254
13508,244,1,110.97,110.97,244,12,1,1,1,Hibernating,1,-2.1122824877402793,0.1276079079088964
13509,9,6,964.72,160.79,284,26,5,5,4,Champions,2,1.2707376726622182,-0.6301513116590858
13510,1,4,1791.56,447.89,184,86,5,4,4,Champions,3,1.875290486201705,-1.553520012427123
13512,261,1,251.21,251.21,261,15,1,1,2,Hibernating,1,-1.7514283410003446,0.46669763207767856
13513,127,1,205.1,205.1,127,10,2,1,1,Hibernating,1,-1.5737865343140516,-0.060925023139345856
13514,74,1,152.20000000000002,152.2,74,4,2,1,1,Hibernating,1,-1.5106893948683389,-0.5079643052054621
13515,73,4,891.12,222.78,248,50,2,4,3,At Risk Valuable,2,0.16326606175031635,0.4796232002488026
13516,21,3,1389.41,463.14,239,43,4,3,4,Promising Customers,2,0.6358339018706881,-0.2127853737572339
13517,60,3,2128.42,709.47,180,125,3,3,5,Developing Customers,2,0.44898470735428986,0.5890967663843921
13518,86,1,659.4399999999999,659.44,86,36,2,1,3,Hibernating,1,-0.8719590119349564,0.11974609442854164
13519,78,1,122.75,122.75,78,8,2,1,1,Hibernating,1,-1.6321531450580413,-0.5530113095780395
13520,59,6,2984.35,497.39,372,48,3,5,5,Loyal Customers,2,1.1231845961539677,0.9173726041390156
13521,1,3,1092.39,364.13,10,312,5,3,4,Promising Customers,0,1.4378035275928374,-1.8199468761889466
13522,30,1,125.8,125.8,30,5,4,1,1,New Customers,0,-1.2630809414625623,-1.1368591790326859
13523,33,5,3964.88,792.98,366,157,4,4,5,Champions,2,1.3357373665084933,0.6018890440136379
13524,41,5,680.1800000000001,136.04,220,17,3,4,3,Loyal Customers,2,0.41651536092849634,0.09236469440594347
13525,15,2,628.78,314.39,248,5,4,2,3,Promising Customers,0,0.11990945592715797,-0.8145326001839314
13527,34,7,2287.51,326.79,327,153,3,5,5,Loyal Customers,2,1.323638052695275,0.5301454500190111
13529,79,2,307.76,153.88,205,15,2,2,2,Hibernating,1,-0.8343973211589316,-0.055077878384996136
13531,205,2,483.8,241.9,366,17,1,2,2,Hibernating,1,-0.9811131533463492,0.7090288352648992
13532,34,1,210.31,210.31,34,66,3,1,1,Developing Customers,0,-1.0663807513227446,-0.8734300614861593
13533,183,3,270.79,90.26,268,61,1,3,2,Hibernating,1,-0.9527206398001394,0.5368068203304326
13534,2,25,5870.08,234.8,358,119,5,5,5,Champions,3,3.778879814633526,-0.22886267451011968
13536,1,7,3448.29,492.61,75,91,5,5,5,Champions,3,2.6126897333417047,-1.1336010531888805
13538,43,7,1280.85,182.98,316,10,3,5,4,Loyal Customers,2,0.9603244276272104,0.46345895328232345
13539,86,3,631.34,210.45,309,35,2,3,3,Hibernating,2,-0.26458573458081835,0.37059964457262284
13544,40,2,291.41,145.71,241,76,3,2,2,Developing Customers,0,-0.6048446837690342,-0.49850540654583153
13546,12,3,626.99,209.0,201,72,5,3,3,Promising Customers,0,0.4585750887346119,-0.8364352646942739
13548,96,2,682.41,341.2,244,114,2,2,3,Hibernating,1,-0.5298695540477386,0.3572034027533649
13549,26,7,918.2,131.17,242,37,4,5,3,Loyal Customers,2,0.9886651956617176,0.03256084304210403
13551,319,1,91.8,91.8,319,4,1,1,1,Hibernating,1,-2.3037168861663027,0.22824293478336574
13552,66,12,3740.07,311.67,316,82,3,5,5,Loyal Customers,3,1.7493344914314086,1.3079254891169687
13555,74,4,4149.28,1037.32,202,128,2,4,5,At Risk Valuable,2,0.8898379862121929,1.0496141120135583
13557,28,2,584.06,292.03,281,31,4,2,3,Promising Customers,0,-0.14241336229482068,-0.4646071979431267
13558,6,4,605.06,151.26,68,123,5,4,3,Loyal Customers,0,0.8804138429308759,-1.1557933810387502
13560,7,1,174.37,174.37,7,32,5,1,1,New Customers,0,-0.5910986107201898,-1.8767058149057059
13561,216,1,141.86,141.86,216,14,1,1,1,Hibernating,1,-1.9499456456281583,0.13969295998162254
13562,82,3,1799.33,599.78,246,50,2,3,4,At Risk Valuable,2,0.2513927188711693,0.722919835118999
13563,84,2,777.53,388.76,140,49,2,2,3,Hibernating,2,-0.41738025269485585,0.3211203604144093
13564,354,2,1198.38,599.19,368,67,1,2,4,At Risk Valuable,1,-0.7579615499921991,1.3847170287849018
13565,19,2,240.22,120.11,334,35,4,2,1,Promising Customers,0,-0.4221206611763667,-1.0236421325239276
13566,41,2,874.71,437.36,83,134,3,2,3,Developing Customers,2,-0.09198790930221132,-0.0826189998015306
13568,173,1,192.85,192.85,173,41,2,1,1,Hibernating,1,-1.7202804016667077,0.11123634613571046
13569,17,2,372.25,186.12,368,72,4,2,2,Promising Customers,0,-0.17408407833600342,-0.9309632419520021
13570,243,1,239.49,239.49,243,27,1,1,1,Hibernating,1,-1.7468761942122881,0.4042187176974365
13571,13,12,2092.32,174.36,254,157,5,5,5,Champions,3,2.0712881743759435,0.10382202406096461
13572,206,1,1384.25,1384.25,206,32,1,1,4,At Risk Valuable,1,-0.8506537664385992,0.9395273177700411
13573,50,2,294.4,147.2,253,24,3,2,2,Developing Customers,1,-0.6834075936193978,-0.35649665355805216
13575,23,5,732.0699999999999,146.41,176,41,4,4,3,Loyal Customers,2,0.6653131625926514,-0.2354138432812055
13576,10,18,6717.34,373.19,373,78,5,5,5,Champions,3,3.0623141604801387,0.5229425697834521
13577,25,4,1687.6,421.9,242,61,4,4,4,Champions,2,0.8666659293269873,0.04990035903190541
13579,15,2,467.04,233.52,369,19,4,2,2,Promising Customers,0,-0.021362247986007686,-0.9229402369956704
13581,309,1,118.0,118.0,309,10,1,1,1,Hibernating,1,-2.1732249885872474,0.29895113995980216
13583,156,1,781.03,781.03,156,53,2,1,3,Hibernating,1,-1.0171247133012422,0.5555243852218184
13584,307,1,142.4,142.4,307,24,1,1,1,Hibernating,1,-2.0819788875443357,0.36297137600800666
13587,64,1,712.4,712.4,64,8,3,1,3,Developing Customers,1,-0.7238417628398555,-0.036798971260184145
13588,16,9,2478.95,275.44,255,131,4,5,5,Champions,3,1.8400295368786257,0.18778674986471575
13589,15,2,379.65,189.82,180,21,4,2,2,Promising Customers,0,-0.11972969445579429,-0.9984244430724191
13590,11,6,1981.92,330.32,303,70,5,5,4,Champions,3,1.543491329952283,-0.251857615135172
13591,65,3,1117.13,372.38,267,56,3,3,4,Developing Customers,2,0.11227181990560706,0.40373414034681376
13592,36,4,247.96,61.99,264,15,3,4,1,Loyal Customers,0,-0.17931611129975358,-0.4257304603064149
13593,108,5,2037.08,407.42,336,77,2,4,4,At Risk Valuable,2,0.5736873766459875,1.0969220779205775
13594,53,1,396.97,396.97,53,26,3,1,2,Developing Customers,1,-0.9307895255323968,-0.3674515575442955
13596,6,2,697.04,348.52,13,133,5,2,3,Promising Customers,0,0.48480112517477414,-1.3007602115684331
13598,47,1,180.17,180.17,47,33,3,1,1,Developing Customers,1,-1.2603281766390795,-0.729500673715242
13599,1,21,5153.67,245.41,367,171,5,5,5,Champions,3,3.720519138514357,-0.5975943830910647
13600,312,1,219.52,219.52,312,19,1,1,1,Hibernating,1,-1.8833049164225892,0.5303537555418801
13601,45,2,693.32,346.66,211,90,3,2,3,Developing Customers,0,-0.23722286753600488,-0.1097477084939818
13602,65,1,428.89,428.89,65,23,3,1,2,Developing Customers,1,-0.9707539979059306,-0.21212079667217523
13603,26,1,164.34,164.34,26,27,4,1,1,New Customers,0,-1.0839718302795878,-1.1274654822116368
13606,29,3,280.54,93.51,312,40,4,3,2,Promising Customers,0,-0.24283035794501667,-0.5995683947124975
13607,40,1,678.01,678.01,40,93,3,1,3,Developing Customers,0,-0.571257734115796,-0.34683245232200144
13610,12,7,1131.88,161.7,285,165,5,5,4,Champions,2,1.3674536549724756,-0.35421566636961777
13611,89,3,1171.8,390.6,360,67,2,3,4,At Risk Valuable,2,0.016467362326443864,0.6176940761519079
13614,24,4,1610.46,402.62,331,171,4,4,4,Champions,2,0.8593987113846394,0.007970696825242516
13615,319,1,417.69,417.69,319,23,1,1,2,Hibernating,1,-1.5866016674665286,0.7785354847250033
13617,40,3,544.18,181.39,180,31,3,3,3,Developing Customers,2,-0.04767210763086804,-0.16027501366477007
13618,174,1,177.34,177.34,174,13,2,1,1,Hibernating,1,-1.7621616705549772,0.08440959181959037
13621,117,1,213.85,213.85,117,19,2,1,1,Hibernating,1,-1.5229109235647453,-0.09728252051901973
13623,31,5,747.78,149.56,297,75,4,4,3,Loyal Customers,2,0.5654684018271875,-0.045384025819972106
13626,253,1,257.23,257.23,253,19,1,1,2,Hibernating,1,-1.7283507342371904,0.45566382379161874
13627,59,5,1638.47,327.69,358,84,3,4,4,Loyal Customers,2,0.6982458645370454,0.6391521708857595
13629,23,11,7792.36,708.4,339,28,4,5,5,Champions,3,2.418438541444179,0.8946552486514977
13630,5,7,2031.78,290.25,286,51,5,5,4,Champions,3,1.9411895719282317,-0.6306047510461262
13631,100,11,3070.42,279.13,267,6,2,5,5,At Risk Valuable,2,1.4260895079240765,1.4651495048847116
13632,25,5,2121.27,424.25,243,121,4,4,5,Champions,2,1.1406663507701669,0.20354806794015703
13634,33,5,1575.16,315.03,327,156,4,4,4,Champions,2,0.8965555927444957,0.26487422147134543
13635,68,1,1071.03,1071.03,68,62,3,1,4,Developing Customers,1,-0.5528221504726232,0.1497890648984839
13636,37,5,949.12,189.82,285,57,3,4,4,Loyal Customers,2,0.6131418867558226,0.15048427605934397
13637,52,3,809.25,269.75,226,78,3,3,3,Developing Customers,2,0.04280958329691821,0.14710720610996234
13638,16,1,122.64,122.64,16,8,4,1,1,New Customers,0,-1.0455084708484619,-1.52674781674655
13639,74,1,1033.34,1033.34,74,39,2,1,4,At Risk Valuable,1,-0.6017209130119815,0.18955064170117414
13642,216,1,354.8,354.8,216,57,1,1,2,Hibernating,1,-1.515634146746192,0.47297048074330417
13643,31,3,519.44,173.15,186,24,4,3,3,Promising Customers,0,0.02493376141879631,-0.334274631723054
13644,16,4,2624.26,656.06,106,144,4,4,5,Champions,2,1.239063808613068,-0.05814984072407355
13645,120,1,252.1,252.1,120,5,2,1,2,Hibernating,1,-1.4545222999488436,-0.021532901594325717
13647,10,4,1678.12,419.53,235,65,5,4,4,Champions,2,1.1927099549525801,-0.49720937912195345
13649,257,2,346.6,173.3,366,23,1,2,2,Hibernating,1,-1.2254711167352064,0.7301419470440459
13650,17,6,1836.34,306.06,268,79,4,5,4,Champions,2,1.3522515018541177,-0.02279049778603245
13651,40,1,79.2,79.2,40,5,3,1,1,Developing Customers,1,-1.5879530172384146,-1.1270136913669526
13652,46,3,1095.08,365.03,369,48,3,3,4,Developing Customers,2,0.2325337344637827,0.18133604682649876
13654,43,6,2707.33,451.22,273,157,3,5,5,Loyal Customers,2,1.195358614540681,0.68527938333262
13655,114,2,932.97,466.48,242,52,2,2,4,At Risk Valuable,2,-0.44625459846287074,0.5791421112654395
13656,165,2,379.65,189.82,337,49,2,2,2,Hibernating,1,-1.013724829740744,0.48390031483032425
13657,11,2,382.14,191.07,202,16,5,2,2,Promising Customers,0,-0.006689456008569093,-1.1783284496850694
13658,10,5,2639.17,527.83,204,91,5,4,5,Champions,3,1.5733182999389916,-0.2617539710311957
13659,206,2,1573.2,786.6,321,92,1,2,4,At Risk Valuable,2,-0.4223990421524794,1.1422577087746222
13662,86,3,897.76,299.25,259,50,2,3,3,Hibernating,2,-0.09724496349908522,0.49901189580713395
13663,179,1,189.47,189.47,179,13,2,1,1,Hibernating,1,-1.7416078359519755,0.1262930950336187
13666,60,3,84.65,28.22,287,12,3,3,1,Developing Customers,1,-1.080421393741308,-0.5845232619203554
13667,149,1,305.02,305.02,149,82,2,1,2,Hibernating,1,-1.4462569047221758,0.18394569346767423
13668,3,21,6363.59,303.03,363,284,5,5,5,Champions,3,3.5559885250513354,-0.08138375160762293
13669,51,2,218.55,109.28,150,9,3,2,1,Developing Customers,1,-0.8320682560545664,-0.4525760569877029
13670,75,1,349.7,349.7,75,25,2,1,2,Hibernating,1,-1.1215705772179134,-0.19708950475107556
13672,301,2,186.39,93.2,332,4,1,2,1,Hibernating,1,-1.5797211774013225,0.6042550669831243
13673,19,2,396.92,198.46,32,47,4,2,2,Promising Customers,0,-0.1838849307480696,-0.8408272317018576
13675,151,2,486.8200000000001,243.41,285,25,2,2,3,Hibernating,1,-0.8619863142125938,0.5186747236143155
13678,152,1,232.6,232.6,152,16,2,1,1,Hibernating,1,-1.5823516579962054,0.0978654140136013
13680,1,4,3722.42,930.6,339,164,5,4,5,Champions,3,2.2232132227081762,-1.286534617525088
13681,18,4,827.83,206.96,155,37,4,4,3,Loyal Customers,2,0.6478200738101347,-0.4087592486262806
13682,187,1,59.5,59.5,187,3,1,1,1,Hibernating,1,-2.3040762224058935,-0.2650225305723286
13684,286,1,67.23,67.23,286,29,1,1,1,Hibernating,1,-2.4085105234026813,0.04694663115504392
13685,3,7,3119.44,445.63,60,29,5,5,5,Champions,3,2.3001172664740435,-0.7309932666650458
13686,183,1,72.0,72.0,183,8,1,1,1,Hibernating,1,-2.2064655126655635,-0.21005276096254868
13689,63,1,910.0,910.0,63,6,3,1,3,Developing Customers,1,-0.6015453631089236,0.04267702100356673
13690,59,1,172.25,172.25,59,9,3,1,1,Developing Customers,1,-1.3668772058195682,-0.6044351780046149
13692,25,3,1488.32,496.11,236,48,4,3,4,Promising Customers,2,0.6047027800099046,-0.08183483723780235
13694,4,50,65039.62,1300.79,374,366,5,5,5,Champions,3,5.3388029243364,1.2324539369814587
13695,31,15,2504.13,166.94,260,46,4,5,5,Champions,3,2.0289957906263836,0.7731293131505043
13697,39,1,151.29999999999998,151.3,39,12,3,1,1,Developing Customers,1,-1.2732725973940298,-0.9084246127118737
13699,155,1,308.58000000000004,308.58,155,14,2,1,2,Hibernating,1,-1.4557400515247247,0.21302163191062415
13700,26,10,2265.12,226.51,327,139,4,5,5,Champions,3,1.7066840652542512,0.48466503699506774
13703,318,1,99.5,99.5,318,1,1,1,1,Hibernating,1,-2.264581842942653,0.25537293928063554
13704,5,9,2308.06,256.45,88,111,5,5,5,Champions,3,2.2040361228565044,-0.49819165907351376
13705,8,3,711.86,237.29,374,25,5,3,3,Promising Customers,0,0.6594326897840688,-1.0231411190415163
13706,303,1,330.79,330.79,303,20,1,1,2,Hibernating,1,-1.6777210038096677,0.6610703682890565
13707,267,2,806.41,403.2,315,48,1,2,3,Hibernating,1,-0.8388774474188534,1.062049200063144
13708,271,1,294.88,294.88,271,48,1,1,2,Hibernating,1,-1.6897363494748332,0.5487569863665803
13709,4,13,6328.05,486.77,315,244,5,5,5,Champions,3,3.058501505101867,-0.11596816977939364
13710,32,1,180.48,180.48,32,8,4,1,1,New Customers,0,-1.1163263586126664,-0.9662950802306183
13711,219,2,252.06,126.03,219,11,1,2,2,Hibernating,1,-1.3156634755823757,0.5132488719555945
13712,247,1,228.84,228.84,247,10,1,1,1,Hibernating,1,-1.7746485765102678,0.39797863376662557
13715,281,5,1079.34,215.87,373,89,1,4,4,At Risk Valuable,2,-0.09167091638739644,1.467403538361359
13716,269,1,138.28,138.28,269,21,1,1,1,Hibernating,1,-2.0455334488371077,0.2688885461350008
13717,32,6,1445.01,240.84,298,92,4,5,4,Champions,2,1.0066217196086986,0.27380072328781824
13718,246,2,306.55,153.28,296,9,1,2,2,Hibernating,1,-1.267084487835549,0.6578236469516701
13719,15,5,1041.68,208.34,234,56,4,4,4,Champions,2,0.9879438420733117,-0.3636555914834295
13720,117,4,799.9,199.98,255,42,2,4,3,At Risk Valuable,2,-0.06639012497116611,0.7358937701068403
13721,36,1,524.14,524.14,36,28,3,1,3,Developing Customers,0,-0.6543355685515719,-0.5057322793635471
13722,132,3,2375.41,791.8,283,75,2,3,5,At Risk Valuable,2,0.20334232836191432,1.1230807272047458
13723,217,1,199.85,199.85,217,6,1,1,1,Hibernating,1,-1.7895476926966236,0.2670390416581392
13725,50,8,1980.56,247.57,309,95,3,5,4,Loyal Customers,2,1.2179469802076919,0.7614196996466632
13726,39,2,1079.66,539.83,101,39,3,2,4,Developing Customers,2,0.02674696465889915,-0.036728227101903814
13727,29,2,333.48,166.74,34,19,4,2,2,Promising Customers,0,-0.4214934591461569,-0.6473420538516287
13728,37,6,1016.14,169.36,311,38,3,5,4,Loyal Customers,2,0.7852613038222258,0.23469880670359736
13730,136,2,752.6,376.3,162,38,2,2,3,Hibernating,1,-0.6152808842465118,0.6116862304402513
13731,219,2,610.59,305.3,247,36,1,2,3,Hibernating,1,-0.8956630840261335,0.8355444813906135
13732,28,1,491.86,491.86,28,33,4,1,3,New Customers,0,-0.5914305540100666,-0.6832700790786103
13735,25,4,2885.24,721.31,234,158,4,4,5,Champions,2,1.1218043931177357,0.2456859066907163
13736,5,2,731.9,365.95,260,166,5,2,3,Promising Customers,0,0.5669040898963652,-1.3806365473634026
13737,200,1,339.6,339.6,200,29,1,1,2,Hibernating,1,-1.50714478544664,0.4084927117845921
13739,18,1,216.9,216.9,18,3,4,1,1,New Customers,0,-0.8183068670056837,-1.2493070025271256
13740,241,1,350.75,350.75,241,23,1,1,2,Hibernating,1,-1.5627524162455086,0.5378810301967442
13741,72,3,668.4300000000001,222.81,217,34,3,3,3,Developing Customers,2,-0.17040929734110502,0.2802473712656767
13742,17,12,3131.02,260.92,320,200,4,5,5,Champions,3,2.1670244432443577,0.41022625670049595
13743,3,7,1341.6,191.66,259,8,5,5,4,Champions,3,1.8987122454044354,-1.0390193506802126
13744,95,2,1156.36,578.18,292,54,2,2,4,At Risk Valuable,2,-0.27517498811213825,0.5430432237633583
13745,162,1,300.04,300.04,162,25,2,1,2,Hibernating,1,-1.4858282029325383,0.23061768274505187
13747,374,1,79.6,79.6,374,1,1,1,1,Hibernating,1,-2.4314124052398975,0.2772615843780486
13748,96,5,948.25,189.65,374,24,2,4,4,At Risk Valuable,2,0.2545861080075842,0.7439446240636579
13750,54,5,1647.26,329.45,337,20,3,4,4,Loyal Customers,2,0.7340420467758858,0.5859716989780895
13751,288,1,296.25,296.25,288,9,1,1,2,Hibernating,1,-1.710705176493611,0.5888580834810917
13752,124,6,1186.28,197.71,247,64,2,5,4,At Risk Valuable,2,0.40384412434734174,1.0456761343694636
13753,288,1,741.26,741.26,288,35,1,1,3,Hibernating,1,-1.2751455284523936,0.9230933961925762
13754,152,2,282.6,141.3,317,11,2,2,2,Hibernating,1,-1.1226419761312316,0.32473338899772475
13755,4,9,2161.35,240.15,63,232,5,5,5,Champions,3,2.242465732878869,-0.6376927192076843
13756,2,14,5189.52,370.68,368,66,5,5,5,Champions,3,3.22183747465066,-0.48552745297526434
13758,12,7,3190.55,455.79,374,104,5,5,5,Champions,3,1.8604219519244458,0.024073308813403835
13759,33,2,659.4100000000001,329.71,71,24,4,2,3,Promising Customers,0,-0.14553914512319402,-0.3195714416027895
13760,54,2,286.79,143.4,256,50,3,2,2,Developing Customers,1,-0.7246847308417909,-0.3181848021355759
13761,50,2,1070.65,535.33,180,68,3,2,4,Developing Customers,2,-0.07007918822342249,0.11415303195404801
13762,219,1,306.72,306.72,219,7,1,1,2,Hibernating,1,-1.5899796662661811,0.4286462601158272
13763,63,1,1714.96,1714.96,63,15,3,1,4,Developing Customers,2,-0.30017718857199976,0.27393785177755536
13764,71,3,1518.76,506.25,337,182,3,3,4,Developing Customers,2,0.22508903665835966,0.5709560440272716
13767,2,37,17220.36,465.42,374,55,5,5,5,Champions,3,4.634920845349287,0.31020354580489495
13769,2,10,2796.51,279.65,367,73,5,5,5,Champions,3,2.64661276266471,-0.8306325531220428
13771,64,4,2634.45,658.61,247,114,3,4,5,Loyal Customers,2,0.7283816138667955,0.7930796076637537
13772,34,3,1132.13,377.38,240,141,3,3,4,Developing Customers,2,0.3610130527504433,0.006682462509974955
13774,82,1,345.0,345.0,82,22,2,1,2,Hibernating,1,-1.1616623142532516,-0.1461895493220543
13777,1,33,25977.16,787.19,373,36,5,5,5,Champions,3,4.884753821841259,0.16063526574752127
13778,103,1,178.7,178.7,103,9,2,1,1,Hibernating,1,-1.5596782611886564,-0.242556192297294
13780,7,2,360.01,180.0,171,56,5,2,2,Promising Customers,0,0.11994105651589568,-1.456974803522175
13781,251,1,127.84,127.84,251,17,1,1,1,Hibernating,1,-2.056252096946851,0.19671504835736295
13782,13,6,912.0,152.0,328,96,5,5,3,Loyal Customers,2,1.1154364622096498,-0.4374543161776945
13784,10,11,2462.79,223.89,332,9,5,5,5,Champions,3,2.1684769120079928,-0.020273585939487773
13786,367,1,230.4,230.4,367,7,1,1,1,Hibernating,1,-1.9222450708734433,0.6505158705269403
13787,76,2,309.04,154.52,364,24,2,2,2,Hibernating,1,-0.8178221351099344,-0.07778518017621161
13790,4,1,348.8,348.8,4,45,5,1,2,New Customers,0,-0.08285777603514258,-1.9223356072891309
13791,128,2,1516.0,758.0,168,7,2,2,4,At Risk Valuable,2,-0.2592954435391227,0.8290895112944321
13792,66,2,195.55,97.78,287,13,3,2,1,Developing Customers,1,-0.9815938573154669,-0.332399965816326
13798,1,57,37153.85,651.82,372,113,5,5,5,Champions,3,5.5390063190286885,0.4968530527986793
13799,117,2,688.86,344.43,294,32,2,2,3,Hibernating,1,-0.6002893720566677,0.4848100355387374
13800,310,1,558.32,558.32,310,33,1,1,3,Hibernating,1,-1.4378672033624584,0.8662276177688364
13801,67,1,324.8,324.8,67,23,3,1,2,Developing Customers,1,-1.1141189403631857,-0.2944645125166565
13802,139,3,4599.42,1533.14,312,55,2,3,5,At Risk Valuable,2,0.498136574611137,1.3968398151095585
13803,255,1,277.07,277.07,255,17,1,1,2,Hibernating,1,-1.6961166709608317,0.48766897909178203
13804,31,7,2635.79,376.54,290,124,4,5,5,Champions,2,1.4253076415951706,0.5251036191288487
13805,52,2,924.6,462.3,129,10,3,2,3,Developing Customers,2,-0.1545125218787963,0.08501519113513045
13806,64,1,256.38,256.38,64,10,3,1,2,Developing Customers,1,-1.2090734211004552,-0.409151083687496
13807,367,1,112.6,112.6,367,7,1,1,1,Hibernating,1,-2.2608707100540397,0.39066478718475095
13808,6,5,1747.66,349.53,97,70,5,4,4,Champions,3,1.5499524606462836,-0.6986216121884851
13809,305,1,155.05,155.05,305,11,1,1,1,Hibernating,1,-2.0392527018883078,0.3897198116688636
13810,29,2,827.51,413.76,56,30,4,2,3,Promising Customers,0,0.010223211072636552,-0.3160557261987867
13811,184,2,519.75,259.88,239,5,1,2,3,Hibernating,1,-0.9059776788083177,0.6670267315720472
13812,42,3,485.0,161.67,105,32,3,3,3,Developing Customers,0,-0.12056389151693536,-0.1720643292663712
13813,40,4,1168.86,292.22,135,53,3,4,4,Loyal Customers,2,0.5179238769383245,0.20445884558108202
13814,92,2,1579.12,789.56,137,37,2,2,4,At Risk Valuable,2,-0.11484903642986025,0.6366451805705665
13815,22,4,3667.36,916.84,319,131,4,4,5,Champions,2,1.2827860486988751,0.25558033647856915
13816,24,2,499.67,249.84,64,24,4,2,3,Promising Customers,0,-0.1598333727602863,-0.615542791723096
13817,29,2,328.98,164.49,352,19,4,2,2,Promising Customers,0,-0.4279403011554369,-0.6522891656069614
13819,302,3,1140.35,380.12,320,26,1,3,4,At Risk Valuable,2,-0.4603677039416729,1.3769501725608166
13821,145,2,385.64,192.82,262,51,2,2,2,Hibernating,1,-0.957232870748315,0.4082561950614272
13822,6,2,632.0,316.0,40,90,5,2,3,Promising Customers,0,0.43824978874969284,-1.336482300511122
13823,19,2,957.66,478.83,92,39,4,2,4,Promising Customers,0,0.2346161937022989,-0.5196821145409123
13824,33,5,1698.94,339.79,310,34,4,4,4,Champions,2,0.9325385480031161,0.29248645404898366
13826,176,1,189.5,189.5,176,10,2,1,1,Hibernating,1,-1.735110080770206,0.11570104099590908
13827,58,3,412.05,137.35,143,83,3,3,2,Developing Customers,2,-0.3188608162786882,-0.03102365339269916
13828,22,1,209.49,209.49,22,15,4,1,1,New Customers,0,-0.9077852859942245,-1.1408841549313058
13831,16,6,2202.99,367.16,370,58,4,5,5,Champions,2,1.4606948435319576,0.007446474274139112
13832,19,1,52.2,52.2,19,3,4,1,1,New Customers,0,-1.5089957453846523,-1.731777886368512
13833,159,1,384.8,384.8,159,28,2,1,2,Hibernating,1,-1.360656071148271,0.3094528553237186
13835,25,4,834.57,208.64,215,48,4,4,3,Loyal Customers,2,0.5318114662837418,-0.20705683769515296
13837,212,2,271.24,135.62,318,17,1,2,2,Hibernating,1,-1.268534487496799,0.5194431133691338
13838,6,4,691.73,172.93,370,144,5,4,3,Loyal Customers,0,0.9440307383868465,-1.1069756977614231
13841,253,1,85.0,85.0,253,1,1,1,1,Hibernating,1,-2.251665853661853,0.0540876140252857
13842,59,9,3385.62,376.18,367,155,3,5,5,Loyal Customers,2,1.5063965863944409,1.1006882002066019
13844,11,1,361.62,361.62,11,20,5,1,2,New Customers,0,-0.4002843219474294,-1.3544619127021071
13845,65,1,312.98,312.98,65,9,3,1,2,Developing Customers,1,-1.1202993778760155,-0.3268774024864243
13846,25,3,865.0600000000001,288.35,360,55,4,3,3,Promising Customers,2,0.3466772176819576,-0.2798358570753354
13848,92,3,1255.0,418.33,366,3,2,3,4,At Risk Valuable,2,0.036557892103767926,0.6635032763975014
13849,52,2,1537.95,768.98,171,97,3,2,4,Developing Customers,2,0.08746987104116447,0.27070516754135343
13850,129,1,1595.48,1595.48,129,93,2,1,4,At Risk Valuable,1,-0.605336869534287,0.6966045557053969
13851,96,3,2651.46,883.82,288,77,2,3,5,At Risk Valuable,2,0.3762685278109732,0.9632193801222494
13853,57,1,1090.14,1090.14,57,23,3,1,4,Developing Customers,1,-0.47804745531238635,0.04620313746884481
13854,9,25,8109.519999999999,324.38,366,39,5,5,5,Champions,3,3.4725772889415087,0.6520321464422979
13856,169,3,388.5,129.5,203,10,2,3,2,Hibernating,1,-0.7512133315176742,0.6180863896453357
13858,57,1,216.17,216.17,57,11,3,1,1,Developing Customers,1,-1.2463820470753568,-0.5433936116786923
13859,326,1,201.16,201.16,326,27,1,1,1,Hibernating,1,-1.9414008680643882,0.5263302861760987
13860,1,5,1245.9,249.18,87,58,5,4,4,Champions,3,1.8677293004156754,-1.6159341730309373
13862,18,8,2209.36,276.17,332,97,4,5,5,Champions,3,1.6472823360835354,0.17568661189048204
13863,248,1,305.78,305.78,248,20,1,1,2,Hibernating,1,-1.6387553343254508,0.505988918734741
13865,58,4,501.56,125.39,290,26,3,4,3,Loyal Customers,2,-0.023311247601180522,0.1264847462218888
13866,74,1,145.67000000000002,145.67,74,7,2,1,1,Hibernating,1,-1.5314216019673708,-0.523873574473419
13867,31,3,1015.29,338.43,218,51,4,3,4,Promising Customers,2,0.343462212166077,-0.0898455235129488
13868,7,2,3192.54,1596.27,39,32,5,2,5,Promising Customers,0,1.1575152398788167,-0.6607717273252456
13869,123,4,3104.95,776.24,357,234,2,4,5,At Risk Valuable,2,0.5597380465661725,1.2623361791766317
13870,2,8,2770.94,346.37,288,91,5,5,5,Champions,3,2.4604127272706777,-0.9112073813890522
13871,23,13,6403.25,492.56,309,155,4,5,5,Champions,3,2.464680943233837,0.8822755613662018
13873,120,3,389.6,129.87,310,21,2,3,2,Hibernating,1,-0.6199379509598466,0.40367555934305765
13874,358,1,540.45,540.45,358,18,1,1,3,Hibernating,1,-1.5081713916877186,0.9453133633143956
13875,54,5,1786.79,357.36,301,79,3,4,4,Loyal Customers,2,0.7727182399145281,0.6156506409239711
13876,64,1,122.7,122.7,64,7,3,1,1,Developing Customers,1,-1.5578036061515552,-0.6767560902042115
13877,86,1,117.24,117.24,86,3,2,1,1,Hibernating,1,-1.6906935164956627,-0.5085260248786038
13878,55,1,1281.53,1281.53,55,35,3,1,4,Developing Customers,2,-0.38771737276642243,0.08299415975530192
13880,21,13,3219.77,247.67,367,125,4,5,5,Champions,3,2.1707879250196513,0.5761015591657788
13881,4,20,17159.52,857.98,312,72,5,5,5,Champions,3,3.9006449492952604,0.40436791851161946
13882,3,5,1191.13,238.23,64,54,5,4,4,Champions,3,1.5814655567266047,-1.193137867303864
13883,11,5,2674.48,534.9,253,108,5,4,5,Champions,3,1.5463904430425874,-0.2017682142276764
13884,7,5,787.6,157.52,283,45,5,4,3,Loyal Customers,0,1.1198982894937084,-0.9048641884422401
13885,189,2,506.8,253.4,201,28,1,2,3,Hibernating,1,-0.928154595718804,0.67472718491538
13886,71,1,243.56,243.56,71,16,3,1,1,Developing Customers,1,-1.2724769858254958,-0.36300452000109396
13887,204,1,349.55,349.55,204,19,1,1,2,Hibernating,1,-1.5009700749102117,0.43149529672332515
13888,120,2,605.63,302.82,218,38,2,2,3,Hibernating,1,-0.6710770070134865,0.4537599990884098
13889,93,1,416.9,416.9,93,15,2,1,2,Hibernating,1,-1.1193600557004462,0.001626404814513958
13890,1,10,1883.81,188.38,359,74,5,5,4,Champions,3,2.613603896385457,-1.2317813424705255
13892,27,4,632.97,158.24,247,26,4,4,3,Loyal Customers,2,0.3720739305474927,-0.26094516407328827
13893,298,1,821.1,821.1,298,21,1,1,3,Hibernating,1,-1.239520166467405,0.9819609007946968
13894,24,3,564.62,188.21,310,25,4,3,3,Promising Customers,0,0.1588929979975356,-0.4602888117824372
13895,28,4,2593.07,648.27,165,97,4,4,5,Champions,2,1.0292770440417118,0.27589820026062123
13897,50,1,311.16,311.16,50,17,3,1,2,Developing Customers,1,-1.0245375971574502,-0.492370166486142
13898,326,1,155.93,155.93,326,12,1,1,1,Hibernating,1,-2.061941278417938,0.4338312176097724
13899,16,2,388.52,194.26,275,19,4,3,2,Promising Customers,0,-0.13193363865986119,-0.9515974397321377
13900,183,3,740.95,246.98,263,42,1,3,3,Hibernating,2,-0.4747409002042102,0.9035940295038621
13901,72,5,2867.2,573.44,319,144,3,4,5,Loyal Customers,2,0.8895087611909009,0.9676971181598877
13904,37,2,332.64,166.32,295,24,3,3,2,Developing Customers,0,-0.5130256028802516,-0.49847627631684543
13908,80,4,2369.55,592.39,277,104,2,4,5,At Risk Valuable,2,0.593866612469747,0.8938285165017581
13911,57,9,2580.91,286.77,308,120,3,5,5,Loyal Customers,2,1.390223738382901,0.9801178894852577
13914,12,2,626.45,313.23,36,28,5,3,3,Promising Customers,0,0.1974941255618505,-0.9474539007108085
13917,50,2,272.04,136.02,192,16,3,3,2,Developing Customers,1,-0.7208710660288432,-0.38524499026082254
13918,50,2,1212.84,606.42,253,30,3,3,4,Developing Customers,2,-0.010780141125090896,0.15965732887305076
13919,59,2,348.81,174.4,122,23,3,3,2,Developing Customers,1,-0.6650487699705362,-0.19177258725406804
13922,352,1,172.25,172.25,352,7,1,1,1,Hibernating,1,-2.0440894892397496,0.5184440127748975
13923,54,1,351.13,351.13,54,20,3,1,2,Developing Customers,1,-0.9960472751702992,-0.4005208750118706
13924,2,6,1838.85,306.48,72,90,5,5,4,Champions,3,2.0376173829330355,-1.1576131183096305
13925,93,4,678.25,169.56,135,28,2,4,3,At Risk Valuable,2,-0.057905935905642913,0.5316404637597639
13926,23,1,223.85,223.85,23,11,4,1,1,New Customers,0,-0.8926384447893211,-1.0898131365562238
13927,75,1,348.99,348.99,75,21,2,1,2,Hibernating,1,-1.122535137318876,-0.1978296790266864
13928,11,4,464.57,116.14,133,23,5,4,2,Loyal Customers,0,0.5489203230605475,-0.9105847088943754
13929,169,2,842.65,421.32,326,8,2,3,3,Hibernating,1,-0.6440309769028465,0.7896618959797835
13930,58,2,337.34,168.67,137,15,3,3,2,Developing Customers,1,-0.674493793535199,-0.21459864796288966
13931,96,2,1237.53,618.76,281,56,2,3,4,At Risk Valuable,2,-0.24687307437310765,0.5743663500228711
13932,295,1,307.4,307.4,295,16,1,1,2,Hibernating,1,-1.702324368718765,0.6174721402252794
13933,109,2,608.7900000000001,304.4,148,23,2,3,3,Hibernating,1,-0.6321816054822332,0.3952657537970597
13934,264,1,922.1,922.1,264,31,1,1,3,Hibernating,1,-1.1382380864837858,0.9477941682803676
13936,180,1,376.58,376.58,180,26,1,1,2,Hibernating,1,-1.418034198373818,0.37972882709100464
13937,169,1,158.85,158.85,169,9,2,1,1,Hibernating,1,-1.8031803734153264,0.02606501876751308
13938,35,1,71.66,71.66,35,7,3,1,1,Developing Customers,1,-1.5852458707109747,-1.2454803640793664
13939,23,3,568.55,189.52,312,43,4,3,3,Promising Customers,0,0.17778858132688247,-0.48362613158974294
13940,17,4,839.14,209.78,144,39,4,4,3,Loyal Customers,2,0.6749325760641924,-0.4380679308333271
13941,22,5,5112.96,1022.59,373,24,4,4,5,Champions,2,1.6061159072143802,0.44708196482104245
13946,79,3,561.5699999999999,187.19,268,11,2,3,3,Hibernating,2,-0.28817544028026487,0.27474928184830505
13947,65,1,90.6,90.6,65,5,3,1,1,Developing Customers,1,-1.7066285145029336,-0.7768086649752022
13948,361,1,102.0,102.0,361,3,1,1,1,Hibernating,1,-2.3012107258153858,0.34447229932851053
13949,3,6,2427.32,404.55,95,124,5,5,5,Champions,3,2.059765638768005,-0.8739695461412472
13950,11,4,745.06,186.26,247,33,5,4,3,Loyal Customers,0,0.7733542673262992,-0.738360881728373
13951,176,3,674.45,224.82,294,38,2,3,3,Hibernating,1,-0.5046124779707137,0.8447213696971537
13952,218,2,3251.07,1625.54,239,119,1,3,5,At Risk Valuable,2,-0.09860697285512268,1.442958547010134
13953,7,7,3515.68,502.24,353,8,5,5,5,Champions,3,2.092130274833399,-0.24812974668476043
13954,2,2,439.92,219.96,71,24,5,3,2,Promising Customers,0,0.5899334416901431,-2.00543097134411
13955,154,2,322.96,161.48,306,33,2,3,2,Hibernating,1,-1.064276563186423,0.3815588561758184
13956,5,5,1026.42,205.28,271,123,5,4,4,Champions,0,1.3557478705954138,-0.9905280164005815
13959,79,3,598.2,199.4,362,79,2,3,3,Hibernating,2,-0.2581522077171351,0.297788203312852
13960,21,2,230.22,115.11,72,11,4,3,1,Promising Customers,0,-0.4786950432650464,-0.978714202711077
13962,22,2,169.55,84.78,246,11,4,3,1,Promising Customers,0,-0.6405351240049328,-1.0617037999993126
13963,308,4,664.54,166.14,368,35,1,4,3,At Risk Valuable,1,-0.5223840230997353,1.2782480763535031
13967,146,1,80.7,80.7,146,2,2,1,1,Hibernating,1,-2.0670821765318865,-0.3111824101037304
13969,7,18,9053.94,503.0,365,334,5,5,5,Champions,3,3.326068664270385,0.43017040391646566
13971,19,8,2758.26,344.78,286,118,4,5,5,Champions,3,1.7332511532050285,0.28919937550767
13972,71,2,190.25,95.12,202,15,3,3,1,Developing Customers,1,-1.0221087740418648,-0.2967788635393196
13973,287,1,264.7,264.7,287,11,1,1,2,Hibernating,1,-1.7627855316915795,0.5456804227805175
13974,49,1,413.59,413.59,49,28,3,1,2,Developing Customers,1,-0.8819060679220553,-0.40127376267941767
13975,31,6,2526.28,421.05,277,240,4,5,5,Champions,2,1.2841241467157605,0.45822596824550044
13976,207,1,357.98,357.98,207,10,1,1,2,Hibernating,1,-1.4952116541170501,0.4493799866735254
13978,15,2,196.79,98.4,45,14,4,3,1,Promising Customers,0,-0.43132586795921046,-1.2375339311964448
13979,73,1,869.87,869.87,73,54,2,1,3,Hibernating,1,-0.6784681840230077,0.11821553340796444
13980,60,1,200.14,200.14,60,11,3,1,1,Developing Customers,1,-1.3021500170202895,-0.5394447574538023
13982,39,4,1871.81,467.95,365,72,3,4,4,Loyal Customers,2,0.751323949476259,0.36067584174081757
13983,30,12,2603.43,216.95,367,91,4,5,5,Champions,3,1.8714863615313841,0.6873072687857004
13984,27,5,920.51,184.1,366,14,4,4,3,Loyal Customers,2,0.715290480821071,-0.05418308938678754
13985,4,15,7060.13,470.68,264,108,5,5,5,Champions,3,3.231591326083,-0.024606568350941462
13986,17,1,320.46,320.46,17,12,4,1,2,New Customers,0,-0.6125760141204277,-1.1415493597251605
13988,20,6,4147.96,691.33,255,188,4,5,5,Champions,3,1.6810277942262988,0.3723821644684622
13989,66,2,1266.08,633.04,239,33,3,3,4,Developing Customers,2,-0.09462457910246938,0.3482334569587494
13990,213,1,311.3,311.3,213,16,1,1,2,Hibernating,1,-1.572380941321457,0.4165212509796207
13991,12,6,854.97,142.5,143,57,5,5,3,Loyal Customers,2,1.1130572082619834,-0.507969515561105
13992,30,1,76.8,76.8,30,5,4,1,1,New Customers,0,-1.4955709373963415,-1.3152649768210636
13993,43,9,3466.36,385.15,331,66,3,5,5,Loyal Customers,2,1.6361355238210857,0.9127685588469002
13994,4,6,2313.14,385.52,148,122,5,5,5,Champions,3,1.9515691581509302,-0.7501682548824337
13995,15,5,1393.69,278.74,246,55,4,4,4,Champions,2,1.1263888709932215,-0.25741705964859396
13999,10,12,3901.81,325.15,362,102,5,5,5,Champions,3,2.459942195403124,0.17853432538583267
14000,211,1,635.66,635.66,211,15,1,1,3,Hibernating,1,-1.229782851759935,0.6707174804536294
14001,46,3,2043.08,681.03,373,34,3,3,4,Developing Customers,2,0.529153087255257,0.4089527752869709
14002,134,2,529.73,264.86,156,47,2,3,3,Hibernating,1,-0.776535062830776,0.474313765930642
14004,43,7,4582.64,654.66,289,102,3,5,5,Loyal Customers,2,1.5667822522895687,0.9288363627460404
14005,10,5,2874.72,574.94,216,53,5,4,5,Champions,3,1.6139933815137784,-0.23054114249932148
14006,116,3,962.19,320.73,312,22,2,3,4,At Risk Valuable,2,-0.1775095138813274,0.7120231025882494
14009,198,2,695.61,347.8,205,42,1,3,3,Hibernating,1,-0.7953728933033959,0.8195167015428796
14012,278,1,328.8,328.8,278,11,1,1,2,Hibernating,1,-1.6477899473480198,0.6044972254281981
14013,110,3,473.02,157.67,276,30,2,3,2,Hibernating,1,-0.4948451485190474,0.41971473509605445
14014,77,1,505.18,505.18,77,39,2,1,3,Hibernating,1,-0.956839699539569,-0.046603765796463074
14015,53,1,917.34,917.34,53,20,3,1,3,Developing Customers,0,-0.5327994491207622,-0.06204599887114141
14016,162,4,4341.21,1085.3,357,154,2,4,5,At Risk Valuable,2,0.6147083327891522,1.5579921899829383
14019,47,3,1421.61,473.87,138,37,3,3,4,Developing Customers,2,0.3485951765630373,0.2899121410501162
14020,17,2,642.8,321.4,88,37,4,3,3,Promising Customers,0,0.0853783728544241,-0.7318595970195075
14021,155,3,631.9,210.63,256,22,2,3,3,Hibernating,1,-0.4873185483582371,0.7409326808404921
14022,225,1,440.0,440.0,225,28,1,1,2,Hibernating,1,-1.4289873573825067,0.5771269584196311
14023,7,2,584.07,292.04,250,30,5,3,3,Promising Customers,0,0.34974486611962635,-1.280630303955666
14024,122,2,327.7,163.85,124,16,2,3,2,Hibernating,1,-0.9689950569200453,0.2403418359989847
14027,61,1,104.82,104.82,61,6,3,1,1,Developing Customers,1,-1.6140521549336675,-0.7637174303671522
14029,63,2,467.66,233.83,144,15,3,3,2,Developing Customers,1,-0.5505008847284524,-0.044052332633577156
14030,18,8,2360.09,295.01,366,210,4,5,5,Champions,3,1.6786801850857493,0.199780372473946
14031,7,19,17286.86,909.83,372,119,5,5,5,Champions,3,3.6803438713365346,0.6861036177290405
14032,2,11,2975.59,270.51,367,53,5,5,5,Champions,3,2.7549870205600406,-0.7744869759004933
14034,22,3,651.8199999999999,217.27,157,82,4,3,3,Promising Customers,0,0.2589991237344902,-0.4607554053871904
14035,29,5,1428.02,285.6,298,41,4,4,4,Champions,2,0.8977414320414215,0.14977258860651033
14036,285,1,626.65,626.65,285,38,1,1,3,Hibernating,1,-1.3509837167624672,0.8552255499731697
14037,176,2,147.20000000000002,73.6,365,27,2,3,1,Hibernating,1,-1.4872217310126266,0.18002372627225313
14038,78,3,1560.38,520.13,207,64,2,3,4,At Risk Valuable,2,0.20249193863853313,0.6396135405925202
14039,33,1,152.2,152.2,33,6,4,1,1,New Customers,0,-1.208362089481177,-1.0092503101036576
14040,41,12,3614.92,301.24,331,146,3,5,5,Loyal Customers,3,1.9116115245198513,0.9995762233316988
14041,266,1,141.41,141.41,266,21,1,1,1,Hibernating,1,-2.0306859929961516,0.2699256908812897
14044,27,4,652.82,163.21,310,165,4,4,3,Loyal Customers,2,0.3867478650620151,-0.249684830125399
14045,109,4,1659.75,414.94,374,4,2,4,4,At Risk Valuable,2,0.3075474101048279,0.9577709898581387
14046,284,1,151.59,151.59,284,13,1,1,1,Hibernating,1,-2.0227554119186615,0.33648172057326586
14047,9,5,1308.61,261.72,373,22,5,4,4,Champions,2,1.2760415182818774,-0.5782165916717557
14048,305,1,409.93,409.93,305,83,1,1,2,Hibernating,1,-1.578410102688591,0.7433564971308622
14049,17,4,5681.72,1420.43,318,348,4,4,5,Champions,2,1.5847778457492505,0.26011983655937904
14050,32,2,746.36,373.18,106,49,4,3,3,Promising Customers,0,-0.0752617646551486,-0.2933129123605153
14051,1,23,15610.39,678.71,367,52,5,5,5,Champions,3,4.326766624905032,-0.15939593443117964
14052,20,1,225.36,225.36,20,56,4,1,1,New Customers,0,-0.8384241389467824,-1.171978716283564
14053,124,2,260.25,130.12,160,2,2,3,2,Hibernating,1,-1.0844705447148788,0.1666794885348227
14054,65,1,92.46,92.46,65,6,3,1,1,Developing Customers,1,-1.6970607224800986,-0.7694666304844221
14055,106,1,725.6400000000001,725.64,106,10,2,1,3,Hibernating,1,-0.9055675781679978,0.285747224258245
14056,1,23,8214.65,357.16,284,320,5,5,5,Champions,3,4.021222017429087,-0.39386163364435867
14057,24,17,6217.96,365.76,361,179,4,5,5,Champions,3,2.662825713025661,0.9941284550809178
14059,267,1,183.6,183.6,267,8,1,1,1,Hibernating,1,-1.9086130205416414,0.3670657891253142
14060,5,19,6140.42,323.18,373,86,5,5,5,Champions,3,3.2976909434252577,0.12581965348748367
14062,10,12,10464.85,872.07,364,60,5,5,5,Champions,3,2.929434985832577,0.5388089062168975
14064,29,5,1353.74,270.75,274,59,4,4,4,Champions,2,0.8723352196266109,0.13027662889245742
14066,267,1,152.55,152.55,267,7,1,1,1,Hibernating,1,-1.996267475664078,0.2998024088967811
14067,64,2,374.7,187.35,97,51,3,3,2,Developing Customers,1,-0.6616532442895953,-0.11497672520766564
14068,320,1,265.85,265.85,320,22,1,1,2,Hibernating,1,-1.8021855389144303,0.615994929520297
14071,4,8,1424.0,178.0,265,270,5,5,4,Champions,3,1.9485126160157387,-0.8305483877827298
14073,32,1,151.04,151.04,32,13,4,1,1,New Customers,0,-1.2005714156901333,-1.0309421914203571
14075,5,3,942.26,314.09,261,33,5,3,4,Promising Customers,0,0.9476748446674672,-1.1777715819103582
14076,129,1,122.47,122.47,129,43,2,1,1,Hibernating,1,-1.8235737451225142,-0.23823361146651126
14077,41,5,499.42,99.88,274,33,3,4,3,Loyal Customers,2,0.2697406296643714,-0.020265799311340853
14078,102,6,1049.37,174.9,373,46,2,5,4,At Risk Valuable,2,0.4195067173152781,0.8782646899832186
14079,125,1,375.1,375.1,125,12,2,1,2,Hibernating,1,-1.2814839211774025,0.14878228279432273
14080,33,1,45.6,45.6,33,4,4,1,1,New Customers,1,-1.7748180196061047,-1.4439314744264455
14081,302,2,934.52,467.26,369,126,1,3,4,At Risk Valuable,1,-0.8156899690451274,1.1936136091081713
14082,365,1,182.25,182.25,365,28,1,1,1,Hibernating,1,-2.0312013534285813,0.5618549646823503
14083,4,9,1018.43,113.16,372,162,5,5,4,Champions,3,1.8845697636644887,-0.912331271531127
14085,2,18,4448.54,247.14,369,272,5,5,5,Champions,3,3.362718647284504,-0.4508196291257629
14087,3,1,194.42,194.42,3,61,5,1,1,New Customers,0,-0.27469057437366406,-2.27637030130989
14088,10,13,50491.81,3883.99,322,379,5,5,5,Champions,3,3.745603112994958,1.1421006959519868
14089,57,1,161.0,161.0,57,13,3,1,1,Developing Customers,1,-1.3858771656305369,-0.6504379505693421
14090,325,1,76.32000000000001,76.32,325,1,1,1,1,Hibernating,1,-2.3976748926361267,0.17336053878170019
14092,8,14,4076.91,291.21,358,117,5,5,5,Champions,3,2.68718168777029,0.12247908719245712
14093,12,1,442.85,442.85,12,95,5,1,2,New Customers,0,-0.3346668851791592,-1.2299188362309845
14096,4,17,53258.43,3132.85,102,1118,5,5,5,Champions,3,4.300017798934042,0.758699284700139
14098,37,1,147.35,147.35,37,21,3,1,1,Developing Customers,1,-1.2661781292301701,-0.9505234232707555
14099,16,11,3104.17,282.2,355,167,4,5,5,Champions,3,2.112242067233537,0.3400624851760814
14100,138,1,194.9,194.9,138,24,2,1,1,Hibernating,1,-1.6294503348293448,-0.027224092605796914
14101,74,6,5976.79,996.13,326,15,2,5,5,At Risk Valuable,2,1.3683832209809281,1.3123586208653673
14102,5,5,1360.28,272.06,45,35,5,4,4,Champions,3,1.489669786508039,-0.8877603848137784
14104,155,2,216.21,108.1,166,21,2,3,1,Hibernating,1,-1.2570000655838987,0.23962934789762777
14105,239,1,1266.23,1266.23,239,74,1,1,4,At Risk Valuable,1,-0.9495635977602415,1.0007315803110735
14107,52,7,2703.23,386.18,364,61,3,5,5,Loyal Customers,2,1.2445131435802181,0.8540318566465561
14108,31,2,597.91,298.96,102,33,4,3,3,Promising Customers,0,-0.16889606731542087,-0.3936867792819117
14109,73,1,144.2,144.2,73,9,2,1,1,Hibernating,1,-1.5310863641827939,-0.5360578946994886
14110,4,12,5683.15,473.6,267,94,5,5,5,Champions,3,2.94020126277193,-0.18373723199083217
14111,14,4,692.85,173.21,242,10,5,4,3,Loyal Customers,0,0.6535498432413692,-0.6234671755325101
14112,23,7,2915.15,416.45,276,117,4,5,5,Champions,3,1.5831742853709059,0.3795980414571839
14113,4,4,1840.42,460.1,355,26,5,4,4,Champions,3,1.537931942355342,-0.9631043112833859
14114,274,2,386.53,193.26,331,15,1,3,2,Hibernating,1,-1.1981006566424839,0.8102910279829636
14116,20,5,1382.74,276.55,122,61,4,4,4,Champions,2,1.01871854946995,-0.08798922800343581
14117,144,1,90.0,90.0,144,3,2,1,1,Hibernating,1,-2.010536532984628,-0.2804882200893647
14121,4,4,2780.15,695.04,60,148,5,4,5,Champions,3,1.7341816500898621,-0.8125082155955282
14124,84,1,419.58,419.58,84,4,2,1,2,Hibernating,1,-1.0778568319117898,-0.059810065075223066
14125,11,3,2740.43,913.48,78,159,5,3,5,Promising Customers,2,1.1905845161128525,-0.3489035873078908
14126,8,3,706.1300000000001,235.38,11,14,5,3,3,Promising Customers,0,0.655591476618665,-1.0260887499556839
14127,123,3,709.71,236.57,311,39,2,3,3,Hibernating,2,-0.3443992281420198,0.6378159634943583
14128,61,2,637.5,318.75,256,40,3,3,3,Developing Customers,2,-0.39118164049947646,0.048777107293390555
14129,2,5,1123.86,224.77,261,31,5,4,4,Champions,3,1.6637575303682262,-1.39663716321582
14130,319,1,483.86,483.86,319,66,1,1,2,Hibernating,1,-1.5167649429371002,0.8321260768903053
14132,2,11,3586.03,326.0,184,100,5,5,5,Champions,3,2.8437747918322094,-0.7063539231037824
14133,130,3,605.64,201.88,316,25,2,3,3,Hibernating,2,-0.4407427310396865,0.6147853617785662
14135,2,15,4690.31,312.69,373,95,5,5,5,Champions,3,3.2321868309510857,-0.49762526693700615
14138,2,2,982.38,491.19,64,40,5,3,4,Promising Customers,0,0.9717129821835334,-1.712464888104967
14139,46,1,415.82,415.82,46,26,3,1,2,Developing Customers,1,-0.8557073319133107,-0.4385209143538552
14140,4,2,935.05,467.52,32,60,5,3,4,Promising Customers,0,0.7530249825119989,-1.4068037799855024
14141,3,4,915.13,228.78,105,27,5,4,3,Loyal Customers,0,1.2909246496013276,-1.3594782451248992
14142,373,1,311.81,311.81,373,22,1,1,2,Hibernating,1,-1.7849494528002348,0.7708627301775636
14143,134,1,115.8,115.8,134,7,2,1,1,Hibernating,1,-1.864428389562921,-0.23460335645877609
14145,47,4,3742.2,935.55,217,6,3,4,5,Loyal Customers,2,1.011250136350141,0.7291261250717714
14146,9,5,4191.0,838.2,357,183,5,4,5,Champions,3,1.829791733106125,-0.153285409345335
14147,78,2,483.4,241.7,286,4,2,3,2,Hibernating,1,-0.6152451846345183,0.10143378765294075
14148,234,1,157.2,157.2,234,3,1,1,1,Hibernating,1,-1.9318531772265704,0.22743818806775382
14149,221,1,446.62,446.62,221,28,1,1,2,Hibernating,1,-1.415071476767981,0.5712536597717218
14150,36,2,658.64,329.32,360,23,3,3,3,Developing Customers,0,-0.17840778713523972,-0.26641902484190944
14152,75,2,621.29,310.64,234,47,2,3,3,Hibernating,1,-0.4812258620350547,0.16839233659823366
14154,239,2,1345.62,672.81,239,52,1,3,4,At Risk Valuable,2,-0.5532465831418811,1.1789539379702838
14155,266,1,118.75,118.75,266,6,1,1,1,Hibernating,1,-2.113171048077764,0.20662915204163632
14156,10,55,117379.63,2134.18,372,714,5,5,5,Champions,3,5.403249989691108,1.9836761203270166
14157,20,2,432.88,216.44,285,45,4,3,2,Promising Customers,0,-0.16135167660694244,-0.778313111559002
14158,40,1,507.66,507.66,40,41,3,1,3,Developing Customers,0,-0.7087404712742119,-0.45233255053639243
14159,20,11,4690.64,426.42,363,500,4,5,5,Champions,3,2.2279243992368056,0.6246924527880612
14161,216,3,1110.52,370.17,369,87,1,3,4,At Risk Valuable,2,-0.34539826788501793,1.1557477834075018
14162,174,2,289.36,144.68,293,25,2,3,2,Hibernating,1,-1.1627707588746756,0.4184647218517243
14163,87,4,2445.91,611.48,239,36,2,4,5,At Risk Valuable,2,0.5772810235683475,0.95792841321914
14164,71,2,1631.77,815.88,81,28,3,3,4,Developing Customers,2,-0.001444292267876478,0.4864482186144241
14165,276,1,122.54,122.54,276,23,1,1,1,Hibernating,1,-2.1123919725688682,0.24130741706413114
14167,39,4,574.84,143.71,331,27,3,4,3,Loyal Customers,2,0.1899980171460128,-0.07006871728617321
14171,98,1,363.79,363.79,98,57,2,1,2,Hibernating,1,-1.2038569484848407,-0.015178174547411407
14173,11,4,450.84,112.71,219,28,5,4,2,Loyal Customers,0,0.5346729035915332,-0.9215177480842386
14174,33,1,134.46,134.46,33,26,4,1,1,New Customers,0,-1.2669369659024996,-1.0541989003272052
14175,60,3,3222.3,1074.1,330,139,3,3,5,Developing Customers,2,0.6462951014791588,0.7405068007577121
14176,297,4,576.9000000000001,144.23,368,28,1,4,3,At Risk Valuable,1,-0.5757359996901064,1.2037099149503947
14177,86,4,559.41,139.85,180,37,2,4,3,At Risk Valuable,2,-0.11986894846419942,0.41236352452589603
14178,9,7,1600.93,228.7,182,190,5,5,4,Champions,3,1.6326085234892047,-0.3939248522753945
14179,41,2,719.78,359.89,52,135,3,3,3,Developing Customers,0,-0.18465701288294564,-0.1537304697306014
14180,11,25,4748.52,189.94,372,112,5,5,5,Champions,3,3.1482108164836196,0.5721138984250518
14184,67,1,452.89,452.89,67,24,3,1,2,Developing Customers,1,-0.9563056783024458,-0.17336338381453356
14185,331,1,197.65,197.65,331,3,1,1,1,Hibernating,1,-1.9555362353506551,0.5295484972649444
14188,31,6,2054.36,342.39,310,34,4,5,5,Champions,2,1.1857475781197835,0.3827347621247541
14189,2,15,4654.08,310.27,369,176,5,5,5,Champions,3,3.2284968567840475,-0.5004568416137786
14191,2,13,4684.76,360.37,221,145,5,5,5,Champions,3,3.1106293320911944,-0.5494425215087164
14193,68,2,853.39,426.7,270,35,3,3,3,Developing Customers,2,-0.2934309367485324,0.2229387004036073
14194,5,21,11349.52,540.45,308,269,5,5,5,Champions,3,3.676388143918222,0.38682606061241864
14195,202,2,1012.0,506.0,252,7,1,3,4,At Risk Valuable,1,-0.6247583810192417,0.9688871677593082
14196,107,1,335.52,335.52,107,6,2,1,2,Hibernating,1,-1.275500747208785,0.010493919667920546
14198,18,4,701.4,175.35,239,35,4,4,3,Loyal Customers,0,0.569043647868031,-0.46920989752698067
14199,218,1,185.4,185.4,218,2,1,1,1,Hibernating,1,-1.8268331678617888,0.24266933028262103
14201,60,7,747.44,106.78,359,32,3,5,3,Loyal Customers,2,0.579385996419168,0.47393642525681634
14204,2,1,161.03,161.03,2,36,5,1,1,New Customers,0,-0.25393329561978817,-2.5270894627004434
14205,17,2,466.7,233.35,264,23,4,3,2,Promising Customers,0,-0.06671859803269134,-0.8485742166027108
14206,239,1,328.16,328.16,239,20,1,1,2,Hibernating,1,-1.591173452797157,0.5083795649179023
14208,95,1,151.74,151.74,95,10,2,1,1,Hibernating,1,-1.6064575777835692,-0.3526434645740786
14209,11,6,2073.43,345.57,332,55,5,5,5,Champions,3,1.5649645143880864,-0.23537974224890088
14210,106,6,1905.84,317.64,372,66,2,5,4,At Risk Valuable,2,0.6887618193720279,1.1201970253583395
14211,53,9,2241.1,249.01,295,87,3,5,5,Loyal Customers,2,1.3503663559874897,0.8832984278768876
14212,90,1,1070.48,1070.48,90,9,2,1,4,At Risk Valuable,1,-0.6588268242032996,0.32496197979503777
14214,31,5,1004.38,200.88,278,64,4,4,4,Champions,2,0.7057210143604188,0.06224159106043093
14215,12,6,1789.72,298.29,368,98,5,5,4,Champions,3,1.4643782169871766,-0.23837638924315188
14216,3,4,1839.3,459.82,38,47,5,4,4,Champions,3,1.6229160804487786,-1.1047180527933762
14217,2,17,2004.98,117.94,366,78,5,5,4,Champions,3,2.9345489734735564,-0.7625959029608907
14218,43,1,169.48000000000002,169.48,43,12,3,1,1,Developing Customers,1,-1.2560236151550799,-0.8068468638158651
14219,4,1,89.94,89.94,4,7,5,1,1,New Customers,0,-0.7240473019907788,-2.4143650748463057
14220,247,2,632.4,316.2,358,21,1,3,3,Hibernating,1,-0.924767294077207,0.9242525053104651
14221,42,9,3432.8,381.42,339,123,3,5,5,Loyal Customers,2,1.6402917705266065,0.8946493395616574
14222,177,1,683.17,683.17,177,41,2,1,3,Hibernating,1,-1.1287275928586324,0.5862425301124298
14223,92,3,991.13,330.38,264,50,2,3,4,At Risk Valuable,2,-0.07568831212523669,0.5773689309872299
14224,110,4,1050.12,262.53,320,105,2,4,4,At Risk Valuable,2,0.08638059938611012,0.7964424024453338
14226,29,5,2232.19,446.44,269,64,4,4,5,Champions,2,1.1102282154751093,0.3128285255543137
14227,26,10,3350.96,335.1,285,117,4,5,5,Champions,3,1.8930094418711552,0.6276455008642613
14229,52,3,1547.2,515.73,334,29,3,3,4,Developing Customers,2,0.3509936035881094,0.3835983109630944
14231,184,3,925.71,308.57,289,47,1,3,3,Hibernating,2,-0.3709791691265499,0.9882414158826072
14232,43,5,2048.07,409.61,265,81,3,4,5,Loyal Customers,2,0.9229151064868891,0.5240791767322409
14233,49,4,1462.72,365.68,318,30,3,4,4,Loyal Customers,2,0.5487466957964079,0.4120521796311232
14234,22,4,775.46,193.86,57,122,4,4,3,Loyal Customers,2,0.5437432096296364,-0.31153880675325574
14235,75,5,3144.86,628.97,260,65,2,4,5,At Risk Valuable,2,0.9180977833837513,1.0269646690318557
14236,81,2,490.86,245.43,372,15,2,3,3,Hibernating,1,-0.6222142619323823,0.1306321566989241
14237,373,1,161.0,161.0,373,9,1,1,1,Hibernating,1,-2.0981282683497566,0.5305387703696494
14238,326,1,146.85,146.85,326,8,1,1,1,Hibernating,1,-2.090309011798108,0.41206267619443027
14239,43,11,2380.85,216.44,316,83,3,5,5,Loyal Customers,3,1.6226097985060977,0.8457773908375404
14240,30,2,890.34,445.17,226,37,4,3,3,Promising Customers,0,0.03248363605612862,-0.26858141393915297
14241,184,1,213.7,213.7,184,10,1,1,1,Hibernating,1,-1.6950839878530257,0.18738973818448287
14242,235,2,280.55,140.28,326,13,1,3,2,Hibernating,1,-1.2917152346081857,0.5966971739316905
14243,9,10,2588.77,258.88,366,99,5,5,5,Champions,3,2.1497926803034653,-0.09593514833693081
14245,220,2,1693.45,846.72,264,107,1,3,4,At Risk Valuable,2,-0.41237266869551226,1.2106105016259294
14246,111,3,1474.06,491.35,246,57,2,3,4,At Risk Valuable,2,0.042034750992929006,0.8400130564392371
14247,278,1,136.76999999999998,136.77,278,19,1,1,1,Hibernating,1,-2.06325222950236,0.28568402402129844
14248,318,1,302.58,302.58,318,8,1,1,2,Hibernating,1,-1.7384185675450532,0.6591347378785943
14250,7,3,1904.05,634.68,89,94,5,3,4,Promising Customers,0,1.172297579326264,-0.7387552128125109
14251,2,5,2879.7000000000003,575.94,58,37,5,4,5,Champions,3,2.111334439698645,-1.0531801673135373
14256,260,2,969.06,484.53,365,51,1,3,4,At Risk Valuable,1,-0.7414128755355628,1.1123091463351888
14257,64,5,3099.7200000000003,619.94,319,88,3,4,5,Loyal Customers,2,0.9709660469212927,0.9226196363714786
14258,9,9,12669.98,1407.78,338,58,5,5,5,Champions,3,2.8191279390094803,0.4472868855965878
14259,142,1,120.0,120.0,142,5,2,1,1,Hibernating,1,-1.8696142349733804,-0.18522229105031143
14261,51,2,1163.45,581.72,79,52,3,3,4,Developing Customers,2,-0.037971926810786004,0.15678947106672436
14262,8,8,2618.23,327.28,241,87,5,5,5,Champions,3,2.0136099418346713,-0.23578510254477478
14264,155,2,333.97,166.98,246,15,2,3,2,Hibernating,1,-1.0508272245950556,0.3978401562000537
14265,109,2,530.18,265.09,149,31,2,3,3,Hibernating,1,-0.6978700356844073,0.3448584373505358
14267,163,3,1516.24,505.41,261,25,2,3,4,At Risk Valuable,2,-0.09028463783201232,1.09195832362123
14270,332,1,492.65,492.65,332,29,1,1,3,Hibernating,1,-1.5234313238248096,0.8639203702086303
14271,226,1,112.32,112.32,226,10,1,1,1,Hibernating,1,-2.0774173274132988,0.08363359891397723
14272,74,2,437.96,218.98,254,33,2,3,2,Hibernating,1,-0.642271859287829,0.03253372689847226
14273,51,4,559.97,139.99,242,22,3,4,3,Loyal Customers,2,0.0772840543308919,0.08661901338685793
14276,99,3,1119.74,373.25,290,52,2,3,4,At Risk Valuable,2,-0.045406595061626996,0.6678707591232643
14277,15,3,4180.2,1393.4,212,194,4,3,5,Promising Customers,2,1.2815574194392199,-0.012446060311514986
14280,197,1,134.04,134.04,197,8,1,1,1,Hibernating,1,-1.9417228701017692,0.06107226578622436
14282,3,15,3729.34,248.62,368,70,5,5,5,Champions,3,3.0131548586666344,-0.39905611414572106
14284,31,2,595.25,297.62,86,24,4,3,3,Promising Customers,0,-0.17101468708033712,-0.3953125440717127
14285,21,4,1910.01,477.5,177,18,4,4,4,Champions,2,0.9893962345384526,-0.010759732013489589
14286,24,3,4628.75,1542.92,243,220,4,3,5,Promising Customers,2,1.1595120780341521,0.3075560347848647
14287,8,3,176.63,58.88,199,9,5,3,1,Promising Customers,0,-0.0019472180429578533,-1.5306640755591512
14288,213,1,426.6,426.6,213,16,1,1,2,Hibernating,1,-1.4228242133889342,0.5312865648773463
14289,9,6,911.26,151.88,290,33,5,5,3,Loyal Customers,2,1.2436325074136267,-0.6509509964409556
14290,11,5,2314.65,462.93,362,89,5,4,5,Champions,3,1.4776441441277604,-0.25452204672544704
14291,2,11,3883.25,353.02,275,145,5,5,5,Champions,3,2.8816634296745147,-0.6772793272949512
14292,8,9,4871.93,541.33,283,64,5,5,5,Champions,3,2.4045587018717134,0.031502091709197357
14293,3,4,1046.56,261.64,369,51,5,4,4,Champions,0,1.3547316092797528,-1.310514712306383
14295,40,1,166.20000000000002,166.2,40,5,3,1,1,Developing Customers,1,-1.238283831579276,-0.8586881241571712
14297,18,4,1305.33,326.33,275,48,4,4,4,Champions,2,0.8643618721853711,-0.24259161574169033
14298,8,44,51527.3,1171.08,360,884,5,5,5,Champions,3,4.88992926883841,1.4716753270379288
14299,8,9,3965.62,440.62,366,94,5,5,5,Champions,3,2.3066159948263043,-0.04365618216752722
14300,19,1,43.2,43.2,19,3,4,1,1,New Customers,0,-1.597206370252313,-1.79946805445389
14301,117,1,640.14,640.14,117,13,2,1,3,Hibernating,1,-1.0025446521701586,0.30203083237362544
14304,223,1,383.45,383.45,223,17,1,1,2,Hibernating,1,-1.4909064383856148,0.5213731109335017
14305,71,3,1858.96,619.65,135,96,3,3,4,Developing Customers,2,0.32123334538406223,0.6447342813751992
14306,51,2,2093.32,1046.66,86,33,3,3,5,Developing Customers,2,0.2414046924115709,0.37117464680556006
14307,89,6,2995.72,499.29,374,150,2,5,5,At Risk Valuable,2,0.970046464557435,1.1756778120742146
14309,8,9,2352.53,261.39,358,74,5,5,5,Champions,3,2.058167955528346,-0.2343077002334301
14311,243,1,310.26,310.26,243,20,1,1,2,Hibernating,1,-1.6241033364304112,0.49843089896296333
14312,47,6,1611.59,268.6,337,74,3,5,4,Loyal Customers,2,0.9153287723603738,0.5510423245477282
14314,107,1,120.0,120.0,107,8,2,1,1,Hibernating,1,-1.7623403540663674,-0.3630920839257412
14315,45,6,2481.13,413.52,266,64,3,5,5,Loyal Customers,2,1.1368609277126485,0.6815916164614516
14317,65,1,508.58,508.58,65,24,3,1,3,Developing Customers,1,-0.8898141288779766,-0.1500099869196042
14320,207,2,477.79,238.9,333,29,1,3,2,Hibernating,1,-0.9907426659654313,0.7105949008214215
14321,11,5,1530.75,306.15,334,111,5,4,4,Champions,2,1.2809413002289762,-0.4054658654134605
14323,115,2,605.0600000000001,302.53,239,32,2,3,3,Hibernating,1,-0.6553976803154455,0.42667704247514215
14326,242,1,183.85,183.85,242,8,1,1,1,Hibernating,1,-1.870546895524346,0.30551105138164736
14327,163,1,311.65,311.65,163,12,2,1,2,Hibernating,1,-1.4701547565410633,0.24831403976239466
14329,17,7,5014.84,716.41,329,218,4,5,5,Champions,3,1.951239556909301,0.3953925392119942
14331,124,2,462.66,231.33,135,27,2,3,2,Hibernating,1,-0.8114271490198366,0.376204739908205
14332,23,3,866.31,288.77,148,22,4,3,3,Promising Customers,2,0.3779517861372867,-0.3300269364989998
14333,68,1,415.2,415.2,68,15,3,1,2,Developing Customers,1,-1.0031446950466862,-0.19577484852560845
14334,17,8,2552.21,319.03,358,98,4,5,5,Champions,3,1.7365749153387353,0.19409304189450585
14335,16,2,468.26,234.13,96,55,4,3,2,Promising Customers,0,-0.04329076648662863,-0.8835755781255711
14336,17,4,1614.91,403.73,276,77,4,4,4,Champions,2,0.9862481944487439,-0.19917373223005538
14338,161,2,588.22,294.11,196,30,2,3,3,Hibernating,1,-0.7964493746492765,0.6280229064343901
14339,243,1,309.52,309.52,243,14,1,1,2,Hibernating,1,-1.6252362372518319,0.4975615451051817
14340,219,1,134.7,134.7,219,6,1,1,1,Hibernating,1,-1.979665570976767,0.1296130718810091
14341,45,8,2182.28,272.79,318,109,3,5,5,Loyal Customers,2,1.3035195930233507,0.7314458055137825
14342,21,4,668.5600000000001,167.14,210,18,4,4,3,Loyal Customers,2,0.49022967444991705,-0.39380506703616736
14344,127,8,889.9300000000001,111.24,369,56,2,5,3,At Risk Valuable,2,0.4858265304691056,1.052534770020129
14345,39,1,108.98,108.98,39,6,3,1,1,Developing Customers,1,-1.4282218171890049,-1.0273279619212872
14346,121,2,1021.58,510.79,297,55,2,3,4,At Risk Valuable,2,-0.42569471954500204,0.6496876629283473
14348,260,1,409.57,409.57,260,18,1,1,2,Hibernating,1,-1.5180411018609101,0.6422474565794034
14349,10,1,133.5,133.5,10,31,5,1,1,New Customers,0,-0.8390820603305189,-1.7718314186109927
14350,274,1,282.93,282.93,274,18,1,1,2,Hibernating,1,-1.7135500070078526,0.5406501156630543
14351,165,1,51.0,51.0,165,1,2,1,1,Hibernating,1,-2.3285759462378945,-0.3991773574988249
14352,157,4,1078.96,269.74,273,44,2,4,4,At Risk Valuable,2,-0.03565913644395382,1.0300426455577685
14353,215,1,90.6,90.6,215,6,1,1,1,Hibernating,1,-2.1597114470938905,-0.025556200778418383
14354,6,2,163.62,81.81,30,9,5,3,1,Promising Customers,0,-0.2027822055164488,-1.8283908830098736
14355,366,1,174.4,174.4,366,11,1,1,1,Hibernating,1,-2.053082473649455,0.5475930684991978
14356,80,2,701.23,350.62,81,33,2,3,3,Hibernating,2,-0.44805315267729523,0.25290518710029436
14357,43,1,225.77,225.77,43,39,3,1,1,Developing Customers,1,-1.1202246852320539,-0.7026388683947365
14359,19,3,912.18,304.06,88,44,4,3,3,Promising Customers,0,0.4721546077770146,-0.4267293193229865
14360,32,4,2128.23,532.06,95,104,4,4,5,Champions,2,0.8859132259004316,0.28564931686382233
14362,22,1,161.2,161.2,22,37,4,1,1,New Customers,0,-1.0318232047006999,-1.2360671057243446
14364,109,8,3717.35,464.67,211,61,2,5,5,At Risk Valuable,2,1.2237721735920573,1.4783429089727698
14367,8,16,9261.52,578.84,276,270,5,5,5,Champions,3,3.1910634288067636,0.4702788042467385
14368,320,1,155.0,155.0,320,8,1,1,1,Hibernating,1,-2.057693278713821,0.4199260106107735
14371,295,1,100.5,100.5,295,4,1,1,1,Hibernating,1,-2.231272654171429,0.2115732090650063
14373,358,1,76.55,76.55,358,4,1,1,1,Hibernating,1,-2.4331097517985305,0.2355436143930488
14375,185,1,257.68,257.68,185,57,1,1,2,Hibernating,1,-1.6084496692149117,0.25886698334602576
14377,191,2,617.05,308.52,262,11,1,3,3,Hibernating,1,-0.8386395539445625,0.753123994684516
14379,44,2,348.1,174.05,295,39,3,3,2,Developing Customers,0,-0.5560788472726473,-0.3748000311810607
14381,52,1,202.68,202.68,52,56,3,1,1,Developing Customers,1,-1.2424542505259433,-0.6239390734213118
14382,26,1,626.0699999999999,626.07,26,121,4,1,3,New Customers,0,-0.4494968031745342,-0.6405885181820914
14383,38,3,1247.69,415.9,164,49,3,3,4,Developing Customers,2,0.3658802093883693,0.11071872129455779
14385,9,3,202.11,67.37,24,13,5,3,1,Promising Customers,0,0.021589035529660162,-1.4149461775152308
14386,297,1,142.4,142.4,297,7,1,1,1,Hibernating,1,-2.069365619075653,0.34205743655659915
14387,33,3,1770.56,590.19,109,125,4,3,4,Promising Customers,2,0.5847842145661165,0.15152963052213692
14388,10,8,3212.84,401.6,373,124,5,5,5,Champions,3,2.0342981325570535,-0.03391132073897598
14389,65,2,1043.46,521.73,191,33,3,3,4,Developing Customers,2,-0.18083973126386832,0.26813619896174934
14390,10,9,4652.82,516.98,373,135,5,5,5,Champions,3,2.3059756202991335,0.14185070314560785
14393,218,1,67.95,67.95,218,5,1,1,1,Hibernating,1,-2.3001776451638185,-0.12056091866901444
14395,2,9,3507.71,389.75,372,181,5,5,5,Champions,3,2.668064202352214,-0.7845769849623944
14396,65,2,487.99,244.0,371,71,3,3,3,Developing Customers,1,-0.5420489720236624,-0.009044857829358818
14397,3,19,2612.96,137.52,214,18,5,5,5,Champions,3,3.046081737560489,-0.44307643106794153
14400,149,1,574.7,574.7,149,25,2,1,3,Hibernating,1,-1.1454831230082039,0.41475040514994665
14401,4,13,4051.48,311.65,360,113,5,5,5,Champions,3,2.846310316653413,-0.2787972760674472
14403,130,4,1475.81,368.95,247,17,2,4,4,At Risk Valuable,2,0.18490972835908975,1.0256047450973824
14404,34,6,1474.32,245.72,369,70,3,5,4,Loyal Customers,2,0.9936869270874983,0.3184132232583049
14406,119,1,156.75,156.75,119,8,2,1,1,Hibernating,1,-1.6763701148988426,-0.19946423188818777
14407,107,5,2142.73,428.55,277,66,2,4,5,At Risk Valuable,2,0.6012638867804264,1.109540696069019
14408,11,7,2606.53,372.36,264,60,5,5,5,Champions,3,1.7948178107039727,-0.1004595650560873
14409,71,6,2059.4500000000003,343.24,368,40,3,5,5,Loyal Customers,2,0.8770299761404606,0.8974717683798922
14410,92,9,1104.07,122.67,306,152,2,5,4,At Risk Valuable,2,0.8058843342041465,0.9693473826279485
14411,311,1,1063.0,1063.0,311,14,1,1,4,At Risk Valuable,1,-1.1330215564235064,1.103132506223608
14412,43,2,770.03,385.02,73,43,3,3,3,Developing Customers,2,-0.17035826249634536,-0.0996394214082551
14413,362,1,122.7,122.7,362,22,1,1,1,Hibernating,1,-2.215102982487942,0.4131057003601224
14414,92,7,1496.98,213.85,359,79,2,5,4,At Risk Valuable,2,0.7484817955621897,0.9945858178342745
14415,1,13,5900.28,453.87,360,283,5,5,5,Champions,3,3.3753517648511187,-0.7221213084456379
14416,22,2,490.22,245.11,42,13,4,3,3,Promising Customers,0,-0.1370387040890932,-0.675335861379437
14418,4,3,1937.25,645.75,108,114,5,3,4,Promising Customers,0,1.3601314258018116,-1.0302556462912584
14419,11,6,1058.06,176.34,365,112,5,5,4,Champions,2,1.2449771245389476,-0.48092839624137945
14420,99,1,387.52,387.52,99,29,2,1,2,Hibernating,1,-1.1777015823533399,0.014208150199179374
14421,57,2,813.11,406.56,212,25,3,3,3,Developing Customers,2,-0.25005088612677484,0.0952614713991457
14422,1,6,4263.64,710.61,267,189,5,5,5,Champions,3,2.592688419322713,-1.1074871602111487
14423,218,1,265.2,265.2,218,3,1,1,2,Hibernating,1,-1.6572248512982573,0.3728216274020178
14424,18,1,322.08,322.08,18,1,4,1,2,New Customers,0,-0.6308450993991878,-1.105454506550557
14426,24,10,4481.67,448.17,313,183,4,5,5,Champions,3,2.060767716479882,0.6850442382835237
14427,50,2,363.34,181.67,64,16,3,3,2,Developing Customers,0,-0.5835724500593522,-0.2798861810832693
14428,7,5,1244.83,248.97,325,108,5,4,4,Champions,2,1.3375519884037232,-0.737843316685277
14431,303,1,470.36,470.36,303,17,1,1,2,Hibernating,1,-1.5106034164263369,0.789311355097299
14432,10,6,2255.51,375.92,89,256,5,5,5,Champions,3,1.63825925750864,-0.2597849516204418
14434,22,6,1372.8,228.8,72,3,4,5,4,Champions,2,1.1202000186486953,0.0263400856090609
14436,99,1,89.06,89.06,99,9,2,1,1,Hibernating,1,-1.873486544035608,-0.5197162050381869
14437,366,1,63.0,63.0,366,5,1,1,1,Hibernating,1,-2.5329345525784084,0.17936908269760818
14438,306,1,131.9,131.9,306,9,1,1,1,Hibernating,1,-2.116928276002302,0.3331380145098579
14439,320,1,2661.24,2661.24,320,32,1,1,5,At Risk Valuable,1,-0.7073744165098915,1.4561199032237024
14440,8,5,2357.6800000000003,471.54,366,33,5,4,5,Champions,3,1.5963442479100238,-0.4300828437027032
14441,1,4,1712.89,428.22,256,43,5,4,4,Champions,3,1.8539300016323959,-1.5699114028412695
14442,205,2,1589.82,794.91,317,58,1,3,4,At Risk Valuable,2,-0.4155497668557336,1.1430250885724804
14443,54,4,1420.2,355.05,369,84,3,4,4,Loyal Customers,2,0.49829319549270307,0.4616770891726319
14446,1,4,1034.78,258.7,247,232,5,4,4,Champions,0,1.6142334317474496,-1.7538473077205567
14447,19,5,1163.23,232.65,281,54,4,4,4,Champions,2,0.9551516917755539,-0.18199129561108526
14448,9,2,375.35,187.68,364,20,5,3,2,Promising Customers,0,0.054473724210688336,-1.300384454984665
14449,19,4,907.1,226.78,372,201,4,4,3,Loyal Customers,2,0.67169202210649,-0.34289774578017723
14450,181,3,483.25,161.08,321,32,1,3,2,Hibernating,1,-0.6736455139957171,0.7408306676427935
14451,60,2,662.59,331.3,195,86,3,3,3,Developing Customers,2,-0.3666230460085049,0.05255102757131356
14452,11,2,264.44,132.22,94,55,5,3,2,Promising Customers,0,-0.18137080926841267,-1.3123736418745537
14453,190,1,119.93,119.93,190,22,1,1,1,Hibernating,1,-1.9804941068498536,-0.0020414741033077076
14456,5,9,3059.44,339.94,142,579,5,5,5,Champions,3,2.3381215548740024,-0.39529855016875604
14457,311,1,113.64,113.64,311,4,1,1,1,Hibernating,1,-2.193448404098031,0.2893929859671117
14459,155,1,1837.92,1837.92,155,37,2,1,4,At Risk Valuable,1,-0.6077212369804287,0.8637656458226136
14460,110,3,434.34,144.78,311,14,2,3,2,Hibernating,1,-0.5353595527380242,0.38862520551188195
14461,148,3,2102.67,700.89,262,172,2,3,5,At Risk Valuable,2,0.10190887090600845,1.150535068589823
14462,66,11,1999.02,181.73,340,149,3,5,4,Loyal Customers,2,1.378756533968166,1.048408902239374
14463,98,3,529.62,176.54,205,6,2,3,3,Hibernating,2,-0.39743731983982106,0.3884175310442107
14465,247,3,1058.62,352.87,303,107,1,3,4,At Risk Valuable,2,-0.4191862392189323,1.222893123689243
14466,29,7,2272.4,324.63,372,35,4,5,5,Champions,2,1.3793933827464648,0.4300507355177659
14467,18,4,598.76,149.69,313,67,4,4,3,Loyal Customers,0,0.49385524327469427,-0.5269072072629675
14470,12,2,461.19,230.6,288,43,5,3,2,Promising Customers,0,0.05200015260118746,-1.059101579206365
14472,104,8,1936.84,242.1,355,153,2,5,4,At Risk Valuable,2,0.9313663208746382,1.2108408738134835
14473,74,2,234.34000000000003,117.17,282,7,2,3,1,Hibernating,1,-0.9389718312796284,-0.19514486630027938
14474,46,1,547.66,547.66,46,29,3,1,3,Developing Customers,0,-0.7249030034391843,-0.33814562516400776
14475,72,3,925.85,308.62,305,35,3,3,3,Developing Customers,2,-0.01554983934244742,0.39908183998490543
14476,257,1,215.7,215.7,257,17,1,1,1,Hibernating,1,-1.8177744705697785,0.40152559473978794
14477,20,4,1309.6,327.4,297,7,4,4,4,Champions,2,0.8276684641349067,-0.17798335547155802
14479,254,2,316.25,158.12,365,18,1,3,2,Hibernating,1,-1.2644859261685781,0.6893622988293192
14480,11,1,279.05,279.05,11,13,5,1,2,New Customers,0,-0.5232652810754007,-1.4488337846524812
14481,165,2,636.51,318.26,287,25,2,3,3,Hibernating,1,-0.7682792975845569,0.6722477996416277
14482,18,6,2068.15,344.69,239,110,4,5,5,Champions,2,1.3881424718931634,0.05486514529880868
14483,282,1,137.1,137.1,282,9,1,1,1,Hibernating,1,-2.067553448868835,0.29557768745845603
14484,50,1,321.92,321.92,50,14,3,1,2,Developing Customers,1,-1.008408052341528,-0.47999284117676566
14485,39,1,165.75,165.75,39,44,3,1,1,Developing Customers,1,-1.2301303240193373,-0.8753185357432602
14487,27,6,1196.33,199.39,368,112,4,5,4,Champions,2,0.9795901695152881,0.10076779631677646
14488,68,1,1064.28,1064.28,68,46,3,1,4,Developing Customers,1,-0.5558284649927736,0.1474821099767633
14489,207,1,463.38,463.38,207,30,1,1,2,Hibernating,1,-1.3726832288177664,0.5434045978378647
14491,175,2,340.93,170.46,373,17,2,3,2,Hibernating,1,-1.0871368267251376,0.4817853158181262
14493,7,5,2383.24,476.65,155,95,5,4,5,Champions,3,1.6464847054531007,-0.500777684563093
14494,26,1,139.56,139.56,26,7,4,1,1,New Customers,0,-1.1612525602695392,-1.1867683792337202
14495,51,2,123.8,61.9,121,6,3,3,1,Developing Customers,1,-1.1009202980616737,-0.6588849901900348
14496,312,2,538.8100000000001,269.41,373,16,1,3,3,Hibernating,1,-1.0898195956237031,1.0133510702301136
14497,309,1,475.37,475.37,309,29,1,1,2,Hibernating,1,-1.5130401786200403,0.8055570144917806
14498,43,5,1957.32,391.46,362,162,3,4,4,Loyal Customers,2,0.9013547471528006,0.5075344084631678
14499,26,3,815.32,271.77,279,146,4,3,3,Promising Customers,2,0.30410312823197394,-0.2775250522119166
14500,88,3,356.85,118.95,190,6,2,3,2,Hibernating,1,-0.544239312058461,0.1770683727359562
14501,184,2,251.21,125.6,320,9,1,3,2,Hibernating,1,-1.2510495209646744,0.4022290268495389
14502,20,11,2467.63,224.33,313,367,4,5,5,Champions,3,1.9223041354850843,0.390168697234938
14503,3,6,3543.26,590.54,179,113,5,5,5,Champions,3,2.2397387183607576,-0.7358636430626398
14504,47,4,673.26,168.32,278,85,3,4,3,Loyal Customers,2,0.19542347297867116,0.10308539522774665
14505,17,8,5905.64,738.2,362,540,4,5,5,Champions,3,2.135771389530037,0.5004243537703609
14506,17,5,2012.17,402.43,369,204,4,4,4,Champions,2,1.2560725032820232,-0.048730645950106365
14507,24,6,1383.18,230.53,276,79,4,5,4,Champions,2,1.0919186135612666,0.08192279953090473
14508,22,2,276.42,138.21,90,52,4,3,2,Promising Customers,0,-0.40898062718450845,-0.8840158759627837
14511,11,5,1314.81,262.96,134,53,5,4,4,Champions,2,1.2086157894848404,-0.4609662769169075
14512,188,2,275.28,137.64,232,19,1,3,2,Hibernating,1,-1.2158394079823904,0.4490753374946309
14513,101,3,455.59,151.86,289,11,2,3,2,Hibernating,1,-0.4803628281408538,0.35245321068817054
14514,61,3,1055.35,351.78,331,65,3,3,4,Developing Customers,2,0.10911138961579325,0.3433598552712882
14515,18,6,2102.09,350.35,219,68,4,5,5,Champions,2,1.3958861778013285,0.060807431223138454
14517,33,2,330.45,165.22,142,17,4,3,2,Promising Customers,0,-0.47365547663273316,-0.5713579997952921
14518,64,1,174.37,174.37,64,16,3,1,1,Developing Customers,1,-1.391676552652836,-0.5492752091683092
14520,2,2,270.6,135.3,291,3,5,3,2,Promising Customers,0,0.35931707159837417,-2.182399005276206
14522,24,4,974.54,243.64,198,15,4,4,4,Champions,2,0.6205141980284711,-0.17534206041156666
14523,108,1,241.09,241.09,108,12,2,1,1,Hibernating,1,-1.4357780048514728,-0.10395524233354139
14524,32,9,1867.68,207.52,361,161,4,5,4,Champions,2,1.4518549903321156,0.5047095759167236
14525,20,9,4332.2,481.36,361,217,4,5,5,Champions,3,2.0248940412435066,0.5255050260868519
14527,3,55,8507.82,154.69,369,329,5,5,5,Champions,3,4.54077063960792,0.38419967344492156
14528,37,1,364.22,364.22,37,18,3,1,2,Developing Customers,0,-0.8373772861404428,-0.6214746132499506
14529,60,3,620.04,206.68,110,177,3,3,3,Developing Customers,2,-0.13749264723612495,0.13905176590909146
14530,26,6,2925.91,487.65,297,140,4,5,5,Champions,2,1.4189226683428426,0.40418972357801763
14532,236,4,932.85,233.21,352,45,1,4,4,At Risk Valuable,2,-0.2597931454635301,1.233867762422934
14533,25,7,1949.72,278.53,353,53,4,5,4,Champions,2,1.3612206245104543,0.2834677470709007
14534,3,18,4445.4,246.97,319,330,5,5,5,Champions,3,3.2524457115880803,-0.2687920780010321
14535,60,3,2864.19,954.73,249,280,3,3,5,Developing Customers,2,0.590241291920839,0.6974928010663952
14536,260,1,171.8,171.8,260,18,1,1,1,Hibernating,1,-1.9299388548894296,0.32616956711518663
14537,58,1,355.56,355.56,58,10,3,1,2,Developing Customers,1,-1.0169251962550647,-0.35147081529905433
14538,65,2,388.25,194.12,256,19,3,3,2,Developing Customers,1,-0.6506241420189086,-0.09236216249535384
14539,16,2,537.48,268.74,45,31,4,3,3,Promising Customers,0,0.022197610458359114,-0.8333217765036536
14540,10,3,996.26,332.09,309,64,5,3,4,Promising Customers,0,0.7425379131968007,-0.7733703923887791
14541,59,8,1461.65,182.71,319,71,3,5,4,Loyal Customers,2,1.011324144011225,0.7534996383990603
14542,186,1,103.25,103.25,186,5,1,1,1,Hibernating,1,-2.0430474084388472,-0.06966029477425764
14543,29,16,3590.68,224.42,365,41,4,5,5,Champions,3,2.280068695862341,0.8871510971846241
14544,24,2,2024.45,1012.22,362,97,4,3,4,Promising Customers,2,0.5053625891986865,-0.10509151057334501
14546,5,5,2578.09,515.62,249,250,5,4,5,Champions,3,1.793810936053737,-0.6543716568083385
14547,4,8,4007.54,500.94,54,198,5,5,5,Champions,3,2.440772520308265,-0.4528030117212444
14548,151,2,652.8,326.4,318,2,2,3,3,Hibernating,1,-0.722600243248553,0.6256353826785885
14549,311,1,289.24,289.24,311,56,1,1,2,Hibernating,1,-1.751327545465492,0.6286631734279412
14550,11,2,765.62,382.81,45,38,5,3,3,Promising Customers,0,0.3234291737394565,-0.9250053883272898
14551,18,2,186.23,93.12,204,9,4,3,1,Promising Customers,0,-0.5231127612978682,-1.1486833095605924
14552,152,1,165.07,165.07,152,57,2,1,1,Hibernating,1,-1.744748224533826,-0.0267528040515316
14553,19,5,859.27,171.85,339,103,4,4,3,Loyal Customers,2,0.8111422323257755,-0.2924998032955566
14554,10,4,2381.04,595.26,52,147,5,4,5,Champions,2,1.3591457460381198,-0.3694915821909703
14555,57,2,324.14,162.07,302,18,3,3,2,Developing Customers,1,-0.6869020798647688,-0.2399649344537367
14557,85,1,788.38,788.38,85,16,2,1,3,Hibernating,1,-0.7826583615807484,0.17755718347570912
14560,7,22,2237.77,101.72,358,39,5,5,5,Champions,3,2.8340925702635578,-0.006680979740263406
14561,76,3,1080.76,360.25,184,67,2,3,4,At Risk Valuable,2,0.037624493375824,0.4893317076050504
14562,4,18,5074.77,281.93,304,187,5,5,5,Champions,3,3.230180684954903,-0.07904958552391309
14565,96,4,3099.12,774.78,361,111,2,4,5,At Risk Valuable,2,0.6526879647760069,1.1060478947110197
14566,111,1,1432.0,1432.0,111,4,2,1,4,At Risk Valuable,1,-0.5998013385602871,0.5627137855676334
14567,57,2,1530.36,765.18,130,33,3,3,4,Developing Customers,2,0.05066567809669235,0.3260222761081312
14569,1,1,227.39,227.39,1,10,5,1,1,New Customers,0,0.06439702009291001,-2.6586311801152
14570,281,2,217.21,108.6,281,28,1,3,1,Hibernating,1,-1.4810646099231317,0.6164511509519698
14572,3,7,2832.84,404.69,324,190,5,5,5,Champions,3,2.2542630390648344,-0.7661804152133207
14573,180,9,1653.42,183.71,372,127,1,5,4,At Risk Valuable,2,0.7434814688373587,1.5386705271896763
14576,372,1,35.400000000000006,35.4,372,1,1,1,1,Hibernating,1,-2.8077204001100315,-0.016462406360414763
14577,13,4,859.71,214.93,363,86,5,4,3,Loyal Customers,0,0.7824846549245661,-0.5884748281381977
14578,3,1,168.63,168.63,3,24,5,1,1,New Customers,0,-0.34205332476339256,-2.328062440475835
14581,17,1,138.6,138.6,17,16,4,1,1,New Customers,0,-1.0095669933811844,-1.446188241434196
14582,41,1,114.11,114.11,41,6,3,1,1,Developing Customers,1,-1.4251681799615168,-0.9797619111873178
14583,6,5,1052.55,210.51,206,243,5,4,4,Champions,0,1.308793044245098,-0.8836800612818725
14584,169,4,1042.26,260.56,198,68,2,4,4,At Risk Valuable,2,-0.08008912113060884,1.0637994206642052
14585,50,1,157.05,157.05,50,29,3,1,1,Developing Customers,1,-1.3484752988446844,-0.7409501704176046
14586,277,1,237.36,237.36,277,19,1,1,1,Hibernating,1,-1.8009626999390782,0.48362895362977654
14587,19,9,1601.14,177.9,331,170,4,5,4,Champions,3,1.5699790990929423,0.13119426373328832
14589,372,1,39.75,39.75,372,3,1,1,1,Hibernating,1,-2.7539911348460078,0.024767808279624635
14591,15,4,1447.14,361.78,213,138,4,4,4,Champions,2,0.9790851954678322,-0.31384151410295064
14592,35,3,570.46,190.15,64,132,3,3,3,Developing Customers,0,0.024434627468245144,-0.22548653913703695
14593,22,3,617.99,206.0,199,127,4,3,3,Promising Customers,0,0.23367240437063638,-0.4801903645359603
14594,7,2,379.83,189.92,373,48,5,3,2,Promising Customers,0,0.14537967291144008,-1.4374539779724498
14595,20,6,1740.6,290.1,313,94,4,5,4,Champions,2,1.2678726191204073,0.05533936729727388
14597,11,2,883.15,441.58,192,45,5,3,3,Promising Customers,0,0.3913173773837643,-0.8729100322112685
14598,44,1,221.97,221.97,44,49,3,1,1,Developing Customers,1,-1.136855832252668,-0.6945713963156981
14600,306,1,393.33,393.33,306,25,1,1,2,Hibernating,1,-1.5992828422946024,0.7303634787764478
14601,11,1,213.96,213.96,11,7,5,1,1,New Customers,0,-0.6491633258799552,-1.5454441400062278
14603,275,1,660.0,660.0,275,2,1,1,3,Hibernating,1,-1.312741945402496,0.8515824819232324
14606,1,90,12006.65,133.41,373,816,5,5,5,Champions,3,5.409516911295859,0.25762977500958517
14607,16,12,15021.5,1251.79,261,37,4,5,5,Champions,3,2.9351047995015116,0.9466487416645705
14608,4,4,1785.15,446.29,362,8,5,4,4,Champions,3,1.5234274014457907,-0.9742346576973441
14609,72,4,601.56,150.39,297,2,3,4,3,Loyal Customers,2,-0.018306053043994637,0.32767939603192675
14616,243,3,406.08,135.36,318,2,1,3,2,Hibernating,1,-0.8682983523656459,0.8631864557135681
14618,9,3,553.44,184.48,338,10,5,3,3,Promising Customers,0,0.4995491395509938,-1.0481740360884226
14619,246,1,394.44,394.44,246,20,1,1,2,Hibernating,1,-1.514843419642503,0.5936002731000466
14620,206,2,412.78,206.39,284,26,1,3,2,Hibernating,1,-1.0583561182583219,0.6542434651245702
14621,1,5,1788.36,357.67,358,80,5,4,4,Champions,3,2.0396434040637597,-1.4840124845762381
14622,185,1,320.58000000000004,320.58,185,21,1,1,2,Hibernating,1,-1.504855691385859,0.3383618716591035
14623,32,5,884.57,176.91,235,107,4,4,3,Loyal Customers,2,0.6335679698814789,0.03539525734138984
14624,57,2,225.85,112.92,59,13,3,3,1,Developing Customers,1,-0.8582304291951041,-0.37143713274458506
14625,196,2,899.63,449.82,361,51,1,3,3,Hibernating,1,-0.6692545615568546,0.9069335626194713
14626,24,4,2791.27,697.82,233,108,4,4,5,Champions,2,1.121038471545451,0.20874514287041748
14628,91,2,671.96,335.98,242,22,2,3,3,Hibernating,1,-0.5169794415122738,0.3180420026452006
14629,4,2,959.01,479.5,47,133,5,3,4,Promising Customers,0,0.7650546762691182,-1.3975725564944925
14631,51,3,1006.98,335.66,299,38,3,3,4,Developing Customers,2,0.15401889607979594,0.2147904211099493
14632,263,1,114.56,114.56,263,8,1,1,1,Hibernating,1,-2.1258047702750633,0.18646104783815207
14633,266,1,344.90000000000003,344.9,266,20,1,1,2,Hibernating,1,-1.6083039247008886,0.594048927079312
14636,36,2,609.85,304.92,269,27,3,3,3,Developing Customers,0,-0.21498157245326113,-0.29448464255417006
14638,51,1,443.6,443.6,51,16,3,1,2,Developing Customers,1,-0.8636320181379565,-0.35089779030803947
14639,52,6,2984.49,497.42,361,138,3,5,5,Loyal Customers,2,1.170613305876276,0.8387856511864685
14640,24,6,2125.08,354.18,228,87,4,5,5,Champions,2,1.2961855624046004,0.23867108379072616
14641,22,1,110.46,110.46,22,7,4,1,1,New Customers,0,-1.2103848971624536,-1.3730899529661498
14642,59,1,96.12,96.12,59,2,3,1,1,Developing Customers,1,-1.642354920368243,-0.81582845210908
14643,170,2,693.8100000000001,346.9,358,30,2,3,3,Hibernating,1,-0.7386550199255881,0.7224865450772106
14644,68,2,830.76,415.38,298,26,3,3,3,Developing Customers,2,-0.30620741442541916,0.21313441749794787
14645,157,2,597.09,298.54,276,28,2,3,3,Hibernating,1,-0.7797836431101289,0.6176383991107732
14646,2,72,279138.02,3876.92,355,699,5,5,5,Champions,3,6.552299141632542,1.5788206502240152
14647,201,1,243.22,243.22,201,24,1,1,1,Hibernating,1,-1.6673629461202657,0.2901460624488649
14649,5,4,1417.29,354.32,212,148,5,4,4,Champions,0,1.343993252390239,-0.9429362201188703
14651,67,2,654.6,327.3,211,95,3,3,3,Developing Customers,2,-0.41390273906644826,0.11696089815494198
14652,77,1,114.18,114.18,77,29,2,1,1,Hibernating,1,-1.661443020654963,-0.5872950636006811
14653,1,7,1937.6,276.8,338,153,5,5,4,Champions,3,2.33844282223692,-1.3440498459213794
14655,8,4,1932.23,483.06,222,35,5,4,4,Champions,2,1.3364685442498094,-0.5728916709873199
14656,169,2,291.05,145.52,283,73,2,3,2,Hibernating,1,-1.148931044284479,0.4022168407083182
14657,18,4,848.22,212.06,326,103,4,4,3,Loyal Customers,2,0.6593873317358142,-0.39988288441901126
14658,5,2,247.15,123.58,117,27,5,3,1,Promising Customers,0,0.05145533146785062,-1.7761763493971254
14659,9,9,2529.93,281.1,316,147,5,5,5,Champions,3,2.0524926659364926,-0.14100585773613858
14660,87,2,285.74,142.87,101,24,2,3,2,Hibernating,1,-0.9060350662378533,-0.021709118165040366
14661,27,1,107.95,107.95,27,4,4,1,1,New Customers,0,-1.296397928026692,-1.256766293656876
14662,29,4,771.17,192.79,316,143,4,4,3,Loyal Customers,2,0.4395684673196667,-0.1452035649187201
14664,20,2,637.89,318.94,33,78,4,3,3,Promising Customers,0,0.022826265969775203,-0.6369805236837778
14665,61,5,1835.7,367.14,311,63,3,4,4,Loyal Customers,2,0.7397827048715562,0.7014186218152149
14666,24,1,179.95,179.95,24,13,4,1,1,New Customers,0,-1.0116221588970273,-1.1432804239705843
14667,11,25,9236.95,369.48,368,353,5,5,5,Champions,3,3.464853066548423,0.8150955932262712
14669,242,3,1269.99,423.33,333,158,1,3,4,At Risk Valuable,2,-0.32483332170799,1.2764185914402344
14670,280,2,411.53,205.76,280,107,1,3,2,Hibernating,1,-1.1765940611250265,0.8467999887471717
14672,235,2,765.55,382.78,336,58,1,3,3,Hibernating,1,-0.8150026181954404,0.9625120310626843
14673,3,5,1736.4,347.28,368,39,5,4,4,Champions,3,1.7607334536200923,-1.055573100120346
14675,16,1,604.75,604.75,16,93,4,1,3,New Customers,0,-0.2891701576987354,-0.9463566493183099
14676,31,6,2548.24,424.71,283,29,4,5,5,Champions,2,1.2882419505972524,0.46138584651752246
14680,25,16,28754.11,1797.13,372,73,4,5,5,Champions,3,3.3248356029099226,1.556235889298281
14681,71,3,498.95,166.32,212,6,3,3,3,Developing Customers,2,-0.3040785550005074,0.16488882391107848
14682,188,2,52.0,26.0,201,1,1,3,1,Hibernating,1,-2.001701117565258,-0.15397119225542458
14684,26,5,1236.28,247.26,363,231,4,4,4,Champions,2,0.8694320528708241,0.030391938207025435
14687,107,1,628.38,628.38,107,15,2,1,3,Hibernating,1,-0.9775154042088613,0.23915886773857706
14688,8,21,5630.87,268.14,374,148,5,5,5,Champions,3,3.1878803506098534,0.3877787239299103
14689,209,1,112.8,112.8,209,13,1,1,1,Hibernating,1,-2.0456582353292942,0.03585367600308862
14690,44,2,371.7,185.85,152,40,3,3,2,Developing Customers,0,-0.5249440049605599,-0.3509080939843934
14691,31,5,2114.33,422.87,213,50,4,4,5,Champions,2,1.0597585535051797,0.33391930073765014
14692,137,4,591.55,147.89,322,53,2,4,3,At Risk Valuable,2,-0.26962848841097736,0.7250560177532218
14693,265,1,172.9,172.9,265,8,1,1,1,Hibernating,1,-1.9341702360654505,0.340510976666353
14696,4,7,2078.95,296.99,373,117,5,5,5,Champions,3,2.0217814801033698,-0.7377517375853219
14697,218,2,188.61,94.3,218,22,1,3,1,Hibernating,1,-1.4513106212560458,0.4049346415301112
14698,2,5,1250.76,250.15,51,148,5,4,4,Champions,3,1.7146333983322621,-1.3575965594434098
14699,214,1,109.13,109.13,214,8,1,1,1,Hibernating,1,-2.070252679815905,0.03879066438672383
14700,32,3,2235.3,745.1,238,80,4,3,5,Promising Customers,2,0.7070721799870225,0.21769951106659033
14701,11,9,2549.37,283.26,317,268,5,5,5,Champions,3,1.986460802537929,-0.022685932792578547
14702,1,17,3292.14,193.66,365,196,5,5,5,Champions,3,3.3254319164541415,-0.8384629265145962
14703,15,1,318.17,318.17,15,22,4,1,2,New Customers,0,-0.5709682644964393,-1.2187919428119889
14704,20,7,1514.57,216.37,180,286,4,5,4,Champions,2,1.3227028306591928,0.05595211786027469
14705,199,1,179.0,179.0,199,1,1,1,1,Hibernating,1,-1.808780601025133,0.17240363310016601
14708,3,3,1126.37,375.46,369,25,5,3,4,Promising Customers,0,1.1874855791354437,-1.369566853366056
14709,15,13,4921.04,378.54,358,71,4,5,5,Champions,3,2.494338317209059,0.5292149512191241
14710,14,4,606.13,151.53,59,124,5,4,3,Loyal Customers,0,0.5900036078015245,-0.6722306364485778
14711,10,11,2868.8,260.8,262,221,5,5,5,Champions,3,2.2410799522228055,0.035439793293719137
14712,29,3,917.07,305.69,112,21,4,3,3,Promising Customers,2,0.3197490973625696,-0.16786192003008166
14713,9,11,2666.36,242.4,365,146,5,5,5,Champions,3,2.242684823825523,-0.05167007786631075
14714,24,1,160.19,160.19,24,10,4,1,1,New Customers,0,-1.0666602512870054,-1.1855149929985838
14715,25,4,867.38,216.84,331,60,4,4,3,Loyal Customers,2,0.5501430413404887,-0.19298974091715645
14716,43,2,329.68,164.84,149,46,3,3,2,Developing Customers,0,-0.573291177190837,-0.40883796482318363
14719,2,5,1602.13,320.43,249,177,5,4,4,Champions,3,1.8323884148900096,-1.2672349179104447
14720,6,3,663.81,221.27,127,34,5,3,3,Promising Customers,0,0.7222578368837478,-1.207870112277198
14722,147,1,187.92,187.92,147,28,2,1,1,Hibernating,1,-1.6706936288169547,-0.0007218384272854835
14723,10,6,1156.6,192.77,371,192,5,5,4,Champions,2,1.3205727428985805,-0.5035679834794141
14725,25,1,718.08,718.08,25,45,4,1,3,New Customers,0,-0.3699092008606934,-0.614496271701711
14727,274,1,268.58,268.58,274,10,1,1,2,Hibernating,1,-1.7382342875761472,0.5217081446335864
14729,374,1,313.49,313.49,374,69,1,1,2,Hibernating,1,-1.7834205101375142,0.7745109844729751
14730,1,8,2005.06,250.63,277,317,5,5,4,Champions,3,2.4614479774313067,-1.2862317444839961
14731,47,3,380.02,126.67,212,38,3,3,2,Developing Customers,0,-0.27842752675901206,-0.1912461348933282
14732,8,8,2702.49,337.81,339,105,5,5,5,Champions,3,2.0286802048150108,-0.22422063810797402
14733,16,12,9585.91,798.83,368,102,4,5,5,Champions,3,2.721328989936826,0.7826036450140149
14735,4,31,6050.69,195.18,358,98,5,5,5,Champions,3,3.7862341777881547,0.18578324649199937
14737,4,3,1164.55,388.18,353,15,5,3,4,Promising Customers,0,1.1180638573846673,-1.2160109838002937
14738,43,7,1314.45,187.78,316,39,3,5,4,Loyal Customers,2,0.9726395322560514,0.47290919245210483
14739,4,7,3902.28,557.47,367,47,5,5,5,Champions,3,2.321383048085827,-0.5078465473001288
14740,197,3,1448.21,482.74,284,85,1,3,4,At Risk Valuable,2,-0.1841155783554159,1.1945806422455927
14741,12,6,1400.34,233.39,373,35,5,5,4,Champions,2,1.3476791349562507,-0.3279277385271393
14744,16,7,1099.98,157.14,367,21,4,5,4,Champions,2,1.2513428565158167,-0.1946662116074629
14745,113,5,1220.26,244.05,285,46,2,4,4,At Risk Valuable,2,0.3127988979333336,0.9382953772863302
14747,249,1,328.2,328.2,249,18,1,1,2,Hibernating,1,-1.60671563416626,0.5342901840606035
14748,29,5,1415.75,283.15,369,87,4,4,4,Champions,2,0.8936370840791338,0.14662303600029142
14752,44,1,389.64,389.64,44,5,3,1,2,Developing Customers,1,-0.8699639454295224,-0.48976662697202666
14753,87,1,563.15,563.15,87,30,2,1,3,Hibernating,1,-0.9513304954357942,0.06943188209721723
14754,45,2,638.05,319.02,296,38,3,3,3,Developing Customers,0,-0.2767035292483465,-0.1400439753148975
14755,10,11,5010.28,455.48,334,128,5,5,5,Champions,3,2.5064011103389365,0.23903923288993809
14756,15,1,738.96,738.96,15,38,4,1,3,New Customers,0,-0.17075014918978906,-0.9116766544148855
14757,75,1,420.5,420.5,75,19,2,1,2,Hibernating,1,-1.0340477024311447,-0.1299270952962045
14758,145,4,1484.06,371.02,260,54,2,4,4,At Risk Valuable,2,0.1461328674353295,1.0963313074738061
14759,5,3,1625.97,541.99,233,92,5,3,4,Promising Customers,0,1.2071339762214033,-0.9786704843665985
14760,297,1,89.2,89.2,297,5,1,1,1,Hibernating,1,-2.2900228230196684,0.1727317657926932
14761,59,2,255.9,127.95,335,11,3,3,2,Developing Customers,1,-0.8119779028723245,-0.30452156412258
14762,264,1,300.52,300.52,264,21,1,1,2,Hibernating,1,-1.6707857308002787,0.5391331978889057
14764,47,1,278.3,278.3,47,6,3,1,2,Developing Customers,1,-1.0543103507273761,-0.5714088192989618
14765,29,3,254.11,84.7,176,38,4,3,2,Promising Customers,0,-0.28974995246794255,-0.6355730737919106
14766,8,6,2473.37,412.23,366,111,5,5,5,Champions,3,1.7588121948033,-0.35327455963328275
14768,17,2,192.6,96.3,127,4,4,3,1,Promising Customers,0,-0.4865273608339369,-1.170722775921543
14769,3,8,10673.1,1334.14,358,717,5,5,5,Champions,3,2.9921941942401618,-0.23648668245344487
14770,232,2,876.42,438.21,323,49,1,3,3,Hibernating,1,-0.7458187623393112,1.003743689440832
14772,112,1,139.26,139.26,112,9,2,1,1,Hibernating,1,-1.7093328797168812,-0.28046817696544135
14775,58,3,1011.9,337.3,372,57,3,3,4,Developing Customers,2,0.10807359746771908,0.2965929151474639
14776,51,11,2538.3,230.75,312,44,3,5,5,Loyal Customers,2,1.5892369165103255,0.9750076683680791
14778,127,2,730.86,365.43,309,34,2,3,3,Hibernating,1,-0.6032461312329713,0.5579390116637565
14779,281,3,386.15,128.72,324,40,1,3,2,Hibernating,1,-0.9475017195673047,0.9365641843715476
14780,55,2,447.68,223.84,79,26,3,3,2,Developing Customers,1,-0.5202084840099032,-0.14457485951093005
14782,320,1,200.1,200.1,320,6,1,1,1,Hibernating,1,-1.9368260425288555,0.5126758754445148
14784,26,2,289.99,145.0,324,15,4,3,2,Promising Customers,0,-0.44752525221261774,-0.7649749534960405
14785,10,2,77.4,38.7,15,2,5,3,1,Promising Customers,0,-0.7285787586958338,-1.8129338679350253
14788,7,2,679.4399999999999,339.72,26,26,5,3,3,Promising Customers,0,0.4216180866780359,-1.2254769662740075
14789,29,1,197.64,197.64,29,6,4,1,1,New Customers,0,-1.0369018358734685,-0.9936885025651618
14790,17,4,745.06,186.26,254,30,4,4,3,Loyal Customers,0,0.61840685393856,-0.48144406196913747
14792,64,1,6.2,6.2,64,2,3,1,1,Developing Customers,1,-2.91131665982101,-1.7154011088297125
14793,21,1,228.99,228.99,21,14,4,1,1,New Customers,0,-0.8486295723214609,-1.1366914381429207
14794,3,7,1319.91,188.56,334,68,5,5,4,Champions,3,1.8909602851718075,-1.0449679707237165
14795,166,1,131.45000000000002,131.45,166,6,2,1,1,Hibernating,1,-1.8858706863779677,-0.053891835603532966
14796,1,17,8020.93,471.82,367,402,5,5,5,Champions,3,3.7491933190897018,-0.5132812308228256
14798,53,3,173.74,57.91,310,11,3,3,1,Developing Customers,1,-0.6944707178700711,-0.40133399538296916
14799,51,1,157.7,157.7,51,13,3,1,1,Developing Customers,1,-1.3539424558137443,-0.7271472045943779
14800,48,12,4339.74,361.64,370,246,3,5,5,Loyal Customers,3,1.9396596924589216,1.163979209921639
14801,61,1,193.14,193.14,61,56,3,1,1,Developing Customers,1,-1.3252230680868087,-0.5420787165960891
14803,162,3,845.55,281.85,292,35,2,3,3,Hibernating,2,-0.36565756958172624,0.8749764288134158
14804,9,1,353.27,353.27,9,12,5,1,2,New Customers,0,-0.3416985493612131,-1.478495742738426
14805,15,4,554.65,138.66,314,30,4,4,3,Loyal Customers,0,0.5231686262552928,-0.663698113001387
14806,75,1,193.39,193.39,75,11,2,1,1,Hibernating,1,-1.4024153590420372,-0.41260130410741025
14808,40,8,2741.17,342.65,172,176,3,5,5,Loyal Customers,2,1.4559734939011635,0.7417784977768372
14810,41,11,2087.88,189.81,370,106,3,5,5,Loyal Customers,3,1.577918343498271,0.7683638993575072
14813,370,2,155.43,77.72,370,25,1,3,1,Hibernating,1,-1.7443072906439034,0.6686860821843839
14815,37,2,778.5,389.25,68,53,3,3,3,Developing Customers,0,-0.10913412336945116,-0.18854215922659137
14816,197,1,271.85,271.85,197,4,1,1,2,Hibernating,1,-1.6069587305236468,0.3179601510154285
14817,200,2,1110.34,555.17,277,52,1,3,4,At Risk Valuable,1,-0.5768772702970556,0.9964525493046986
14818,74,3,657.8,219.27,254,41,2,3,3,Hibernating,2,-0.18835667117635682,0.29152752031013746
14819,64,2,272.07,136.04,192,13,3,3,2,Developing Customers,1,-0.8135130586634846,-0.23150935804871725
14820,21,4,507.29,126.82,173,24,4,4,3,Loyal Customers,0,0.35907115791409444,-0.49445214944214977
14821,367,1,48.8,48.8,367,2,1,1,1,Hibernating,1,-2.653376563314267,0.08946765564260759
14823,180,3,321.43,107.14,195,56,1,3,2,Hibernating,1,-0.8651185358565637,0.5887932491411881
14824,10,4,1127.71,281.93,91,19,5,4,4,Champions,0,1.0036629065704403,-0.6422783716637241
14825,4,12,2226.91,185.58,369,82,5,5,5,Champions,3,2.4944125498709564,-0.5258220199866368
14828,197,3,2139.76,713.25,337,17,1,3,5,At Risk Valuable,2,0.0015749656002017399,1.3370739547130928
14829,29,4,697.55,174.39,372,39,4,4,3,Loyal Customers,2,0.3918786494262851,-0.18179929013897692
14830,53,1,196.28,196.28,53,38,3,1,1,Developing Customers,1,-1.2647928131175357,-0.6237555879445554
14834,18,6,1720.3,286.72,240,43,4,5,4,Champions,2,1.3005389438384658,-0.01235915503679166
14836,10,3,102.45,34.15,30,5,5,3,1,Promising Customers,0,-0.33594157441117367,-1.6009629630381654
14837,90,4,1649.5,412.38,202,96,2,4,4,At Risk Valuable,2,0.3770638576988514,0.8353594289453815
14840,268,1,62.85,62.85,268,4,1,1,1,Hibernating,1,-2.4153371326811475,-0.01832690015868346
14841,53,6,3295.76,549.29,359,103,3,5,5,Loyal Customers,2,1.210673693325082,0.8868522054309892
14842,44,4,2824.69,706.17,308,128,3,4,5,Loyal Customers,2,0.9020801391882671,0.5855326992617541
14844,64,4,3189.81,797.45,241,87,3,4,5,Loyal Customers,2,0.8193943103273061,0.8629200008199985
14847,149,1,309.4,309.4,149,13,2,1,2,Hibernating,1,-1.439492938752082,0.1891361565680811
14849,22,25,7930.54,317.22,374,159,4,5,5,Champions,3,3.1436624355765193,1.1716422709066925
14850,312,1,325.75,325.75,312,21,1,1,2,Hibernating,1,-1.6961557423003257,0.6739663767242066
14851,23,2,511.35,255.68,256,28,4,3,3,Promising Customers,0,-0.13325743980812224,-0.6329864433050272
14852,58,6,2836.69,472.78,252,96,3,5,5,Loyal Customers,2,1.1054637421685098,0.8881959212339433
14853,24,2,475.8,237.9,211,8,4,3,2,Promising Customers,0,-0.1830838595209187,-0.6333845127091475
14854,78,7,2759.83,394.26,275,110,2,5,5,At Risk Valuable,2,1.1018357822725469,1.114516480899275
14855,119,2,645.65,322.82,135,13,2,3,3,Hibernating,1,-0.6374986560350142,0.4718349903804244
14856,36,3,1311.38,437.13,57,65,3,3,4,Developing Customers,2,0.40967538437276146,0.09553122490834776
14857,60,2,1173.12,586.56,148,58,3,3,4,Developing Customers,2,-0.09503797958699273,0.26095720112615467
14859,13,4,1353.74,338.44,204,47,5,4,4,Champions,2,0.9983816819504724,-0.4228019733041911
14860,19,1,170.32,170.32,19,11,4,1,1,New Customers,0,-0.9523773287256382,-1.3046457326218186
14861,52,1,125.79,125.79,52,6,3,1,1,Developing Customers,1,-1.468065898036231,-0.797066634470811
14862,26,2,841.1999999999999,420.6,149,47,4,3,3,Promising Customers,0,0.05828670729860098,-0.37683013975874347
14863,29,1,266.76,266.76,29,11,4,1,2,New Customers,0,-0.8947828704760051,-0.884630702891858
14865,7,2,52.2,26.1,372,4,5,3,1,Promising Customers,0,-0.7914418061980254,-2.1563424733441723
14866,11,11,14353.4,1304.85,366,29,5,5,5,Champions,3,2.9740293488990086,0.6785323934707327
14867,186,3,710.28,236.76,336,31,1,3,3,Hibernating,1,-0.5010141231205686,0.8984231030972487
14868,3,8,2953.59,369.2,233,96,5,5,5,Champions,3,2.380847703791825,-0.7056155063217482
14869,9,2,725.7,362.85,103,66,5,3,3,Promising Customers,0,0.36764993813993013,-1.060062491581541
14870,262,1,327.25,327.25,262,13,1,1,2,Hibernating,1,-1.6274633645099663,0.5653555969749673
14871,3,4,522.38,130.6,361,68,5,4,3,Loyal Customers,0,1.0244604987164285,-1.5639547828343485
14873,210,1,519.68,519.68,210,28,1,1,3,Hibernating,1,-1.3236907908441313,0.5942729311155127
14875,108,2,1465.3200000000002,732.66,263,46,2,3,4,At Risk Valuable,2,-0.211089603574503,0.7099342867595245
14878,13,9,1485.54,165.06,359,62,5,5,4,Champions,3,1.6706376364148336,-0.1221594172891127
14880,77,3,706.19,235.4,289,45,2,3,3,Hibernating,2,-0.169609306472871,0.34226670024861655
14881,20,1,255.4,255.4,20,17,4,1,2,New Customers,0,-0.7791142870124012,-1.1264661280598636
14882,27,2,589.7,294.85,34,6,4,3,3,Promising Customers,0,-0.12443704945264543,-0.4833382722318611
14883,19,6,761.59,126.93,212,39,4,5,3,Loyal Customers,2,0.8934547132301592,-0.27720040178863886
14885,132,1,765.3199999999999,765.32,132,15,2,1,3,Hibernating,1,-0.9633864388202831,0.4429946760694912
14886,253,1,364.8,364.8,253,18,1,1,2,Hibernating,1,-1.5626057176882069,0.5828515412162075
14887,79,1,1862.0,1862.0,79,6,2,1,4,At Risk Valuable,2,-0.3463199980607328,0.44535725520022595
14888,207,1,369.2,369.2,207,20,1,1,2,Hibernating,1,-1.4805632908103503,0.46062069804921035
14889,336,1,135.9,135.9,336,10,1,1,1,Hibernating,1,-2.1384439679662677,0.4030456439414092
14890,254,1,125.65,125.65,254,7,1,1,1,Hibernating,1,-2.0689343667838673,0.19795221726378673
14891,148,2,554.38,277.19,188,30,2,3,3,Hibernating,1,-0.7926341327895435,0.5534168038378132
14893,10,2,1237.85,618.93,12,72,5,3,4,Promising Customers,0,0.5851142190863315,-0.8048455723123032
14894,85,1,655.75,655.75,85,23,2,1,3,Hibernating,1,-0.8702077844018221,0.11037440186150764
14895,8,20,11138.71,556.94,290,273,5,5,5,Champions,3,3.470365577863373,0.6189940949512363
14896,205,2,468.77,234.39,366,43,1,3,2,Hibernating,1,-0.9961025381170727,0.6975264343222815
14897,8,4,1366.38,341.6,297,43,5,4,4,Champions,0,1.171647070733817,-0.6993706893948568
14898,23,6,1303.52,217.25,371,86,4,5,4,Champions,2,1.0793074150970636,0.034408127407658286
14901,11,9,1421.29,157.92,373,73,5,5,4,Champions,3,1.7085167381646142,-0.23597180922740557
14902,26,1,332.66,332.66,26,20,4,1,2,New Customers,0,-0.7497943597485052,-0.8710277890819013
14903,21,5,2810.63,562.13,279,227,4,4,5,Champions,2,1.3383816055184625,0.20042916136813568
14904,2,2,1025.44,512.72,26,66,5,3,4,Promising Customers,0,0.9921106277343664,-1.6968123512597368
14905,158,2,616.15,308.08,234,14,2,3,3,Hibernating,1,-0.7672635283700885,0.6330938195568615
14907,3,7,3501.1,500.16,368,125,5,5,5,Champions,3,2.3550372334844973,-0.688849343483929
14908,74,1,277.8,277.8,74,9,2,1,2,Hibernating,1,-1.22571059578784,-0.2892801859231354
14910,3,4,434.35,108.59,55,25,5,4,2,Loyal Customers,0,0.9368096621836318,-1.631215386266534
14911,1,199,140450.72,705.78,373,1786,5,5,5,Champions,3,7.293567931882337,1.4588832175649544
14912,17,2,867.85,433.92,247,21,4,3,3,Promising Customers,0,0.2280615666532689,-0.62236882552013
14913,36,4,1227.43,306.86,359,76,3,4,4,Loyal Customers,2,0.5804046904669591,0.15725632667870032
14915,91,2,307.48,153.74,278,12,2,3,2,Hibernating,1,-0.8882387939402905,0.0331487938415723
14916,71,4,1268.98,317.24,324,72,3,4,4,Loyal Customers,2,0.3418230853129085,0.5912468167994285
14918,116,2,1610.15,805.08,155,39,2,3,4,At Risk Valuable,2,-0.19332418653277275,0.7892144067685174
14920,213,2,977.77,488.88,213,57,1,3,4,At Risk Valuable,1,-0.6612852099850738,0.9897692409104024
14921,30,2,1316.07,658.04,201,78,4,3,4,Promising Customers,2,0.21831533769813666,-0.12597978132844292
14923,51,1,749.1,749.1,51,44,3,1,3,Developing Customers,1,-0.6146920729278655,-0.15986879850896238
14924,246,1,310.05,310.05,246,10,1,1,2,Hibernating,1,-1.6290944444302171,0.5059274889721753
14929,32,1,223.88,223.88,32,11,4,1,1,New Customers,0,-1.0142711928390564,-0.8879810297909939
14930,109,3,2372.86,790.95,274,116,2,3,5,At Risk Valuable,2,0.27538917393316464,1.0023811399794864
14931,5,4,964.68,241.17,241,29,5,4,4,Champions,0,1.1610478519963165,-1.0833229923664318
14932,366,1,363.53,363.53,366,17,1,1,2,Hibernating,1,-1.7049017987373756,0.8147763975396377
14934,82,2,1890.94,945.47,283,68,2,3,4,At Risk Valuable,2,0.014344212675360825,0.6303429804039248
14935,297,1,1784.71,1784.71,297,10,1,1,4,At Risk Valuable,1,-0.8690365021045906,1.2631537308798924
14936,34,8,8137.02,1017.13,276,210,3,5,5,Loyal Customers,3,2.034181939896698,1.0388230208898384
14937,57,3,1621.88,540.63,130,33,3,3,4,Developing Customers,2,0.3389645904581224,0.4579271438941871
14944,30,12,5900.25,491.69,297,101,4,5,5,Champions,3,2.2607946617916266,0.9860506947753026
14946,14,1,100.9,100.9,14,3,5,1,1,New Customers,0,-1.0897190976179008,-1.676685325937219
14947,72,2,290.82,145.41,131,14,3,3,2,Developing Customers,1,-0.8262619740723424,-0.1337071490189517
14948,23,6,1101.97,183.66,219,56,4,5,4,Champions,2,0.9994283943546719,-0.02688861942595577
14950,19,1,371.2,371.2,19,19,4,1,2,New Customers,0,-0.5830840024214284,-1.0212611928586872
14951,79,1,311.69,311.69,79,20,2,1,2,Hibernating,1,-1.1957732982852551,-0.20648753967727945
14952,60,11,8099.49,736.32,365,117,3,5,5,Loyal Customers,3,2.0803607136159523,1.499839724713257
14953,25,1,289.82,289.82,25,54,4,1,2,New Customers,0,-0.8007768982222694,-0.9451311232371217
14954,12,1,336.17,336.17,12,75,5,1,2,New Customers,0,-0.4655068843695204,-1.3303214980506175
14957,253,1,58.49,58.49,253,12,1,1,1,Hibernating,1,-2.427074198087111,-0.08051544921722967
14958,147,3,499.68,166.56,246,33,2,3,3,Hibernating,1,-0.5787388946788296,0.621984879177928
14959,64,4,695.42,173.86,296,37,3,4,3,Loyal Customers,2,0.0949526995492386,0.3070053989772087
14960,8,2,221.27,110.64,171,23,5,3,1,Promising Customers,0,-0.15591412376726724,-1.5594866205280338
14961,11,9,7044.68,782.74,361,193,5,5,5,Champions,3,2.4701158737607156,0.34845635438124584
14962,271,1,126.7,126.7,271,5,1,1,1,Hibernating,1,-2.089667915145123,0.24186158750182205
14963,10,5,1487.8,297.56,184,149,5,4,4,Champions,2,1.3006560683187895,-0.4709867286110839
14964,247,1,206.21,206.21,247,13,1,1,1,Hibernating,1,-1.8239817121099147,0.36012187619429503
14965,96,2,599.0,299.5,96,80,2,3,3,Hibernating,1,-0.5918225054036401,0.30966257989945434
14966,15,1,191.32,191.32,15,35,4,1,1,New Customers,0,-0.8120700228802676,-1.403806146885094
14967,50,1,463.8,463.8,50,6,3,1,2,Developing Customers,1,-0.8350636783460568,-0.3469736064755976
14968,30,1,147.59,147.59,30,37,4,1,1,New Customers,0,-1.1876039523626862,-1.0789404182664653
14970,68,4,1592.06,398.02,317,24,3,4,4,Loyal Customers,2,0.4659651729044799,0.6470619135245498
14971,35,3,1116.57,372.19,43,144,3,3,4,Developing Customers,2,0.34366657053740945,0.01948240782363281
14972,128,1,114.77,114.77,128,18,2,1,1,Hibernating,1,-1.8512708941112461,-0.2666450012081787
14973,107,3,1314.45,438.15,226,29,2,3,4,At Risk Valuable,2,0.0014261484963054916,0.7751426848027605
14974,37,1,114.39,114.39,37,17,3,1,1,Developing Customers,1,-1.3857652163259029,-1.0422909403753597
14975,57,1,279.94,279.94,57,11,3,1,2,Developing Customers,1,-1.1238421224503765,-0.4493601762792858
14976,57,6,774.86,129.14,327,45,3,5,3,Loyal Customers,2,0.49478931550135935,0.4037382763041675
14978,72,5,1931.42,386.28,331,136,3,4,4,Loyal Customers,2,0.7015482759345081,0.823461921328413
14981,246,1,102.12,102.12,246,8,1,1,1,Hibernating,1,-2.154578470128388,0.10268692606884253
14984,19,2,213.27,106.64,181,37,4,3,1,Promising Customers,0,-0.4785083367892604,-1.0669123309371786
14985,198,2,296.75,148.38,358,78,1,3,2,Hibernating,1,-1.199921850643823,0.5090780558330108
14987,16,2,326.4,163.2,366,2,4,3,2,Promising Customers,0,-0.21462267035487237,-1.015050504061404
14988,212,1,334.54,334.54,212,40,1,1,2,Hibernating,1,-1.5364283765363567,0.43976878175010337
14995,39,2,233.23,116.62,280,53,3,3,1,Developing Customers,0,-0.7010008978708998,-0.5951799466348021
14997,46,3,546.1999999999999,182.07,178,25,3,3,3,Developing Customers,2,-0.09810383335979365,-0.07238523192983823
14998,170,2,429.87,214.94,241,70,2,3,2,Hibernating,1,-0.9660819852243987,0.5479659640097958
15000,48,1,490.52,490.52,48,76,3,1,3,Developing Customers,1,-0.7931719884413957,-0.3519074606454336
15002,116,4,1641.76,410.44,367,93,2,4,4,At Risk Valuable,2,0.27878747750689403,0.9928842171269626
15004,147,1,1245.93,1245.93,147,153,2,1,4,At Risk Valuable,1,-0.7725095460003729,0.6885174865256759
15005,16,28,6314.87,225.53,366,359,4,5,5,Champions,3,3.2497107596021007,0.9389344649954664
15006,51,1,497.14,497.14,51,120,3,1,3,Developing Customers,1,-0.8095128995619482,-0.30936841401648196
15007,159,1,156.91,156.91,159,12,2,1,1,Hibernating,1,-1.7858245544126468,-0.016808591525206775
15009,12,3,1261.78,420.59,25,148,5,3,4,Promising Customers,0,0.7910525044371058,-0.581302142269872
15010,36,1,308.94,308.94,36,20,3,1,2,Developing Customers,0,-0.9053005318942521,-0.698315208888114
15012,54,2,423.04,211.52,374,110,3,3,2,Developing Customers,1,-0.5402057720968839,-0.1766212235486123
15014,43,2,260.17,130.08,176,29,3,3,2,Developing Customers,0,-0.6856070633414489,-0.4950257820345358
15016,173,1,170.04,170.04,173,20,2,1,1,Hibernating,1,-1.7798639968167809,0.06551369563991746
15017,34,1,125.58,125.58,34,20,3,1,1,Developing Customers,1,-1.3102851786178562,-1.0605949489942483
15018,39,3,496.21,165.4,368,30,3,3,3,Developing Customers,0,-0.08207311671122128,-0.2095604754615896
15019,267,1,266.0,266.0,267,64,1,1,2,Hibernating,1,-1.7329580018410542,0.5018581427530235
15021,9,9,1914.82,212.76,367,287,5,5,4,Champions,3,1.9199669825699244,-0.24270206265670183
15022,12,4,905.04,226.26,47,96,5,4,3,Loyal Customers,0,0.8352336490945025,-0.6166862757124425
15023,3,11,6783.86,616.71,369,346,5,5,5,Champions,3,3.0371974383076528,-0.29127955891269375
15024,10,10,1661.33,166.13,367,105,5,5,4,Champions,3,1.9023556517168927,-0.19746944619841286
15025,33,1,377.01,377.01,33,66,4,1,2,New Customers,0,-0.7784899515160891,-0.6793794207665462
15026,80,3,464.2,154.73,277,56,2,3,2,Hibernating,2,-0.3833772126695923,0.21320854306070314
15027,31,4,1066.15,266.54,238,30,4,4,4,Champions,2,0.5688970111600843,0.013858920486722218
15028,8,4,627.13,156.78,369,35,5,4,3,Loyal Customers,0,0.8013987692717015,-0.983488048237923
15030,72,2,518.28,259.14,268,7,3,3,3,Developing Customers,1,-0.5519657000561019,0.07677952332021205
15031,4,4,668.14,167.04,282,74,5,4,3,Loyal Customers,0,1.0561222616802224,-1.3328305015126287
15032,256,3,4959.1,1653.03,366,29,1,3,5,At Risk Valuable,2,0.30183656561279837,1.8092251553076726
15033,5,10,2583.37,258.34,329,314,5,5,5,Champions,3,2.344009869975471,-0.4203744166217783
15034,16,8,4308.61,538.58,354,299,4,5,5,Champions,3,2.0075788743269034,0.3490741196257055
15035,90,1,252.73,252.73,90,26,2,1,2,Hibernating,1,-1.344453414321272,-0.20116714805682345
15036,72,3,465.55,155.18,180,107,3,3,2,Developing Customers,2,-0.34225860689708354,0.14837540383939252
15038,59,6,705.49,117.58,370,105,3,5,3,Loyal Customers,2,0.4372544488127845,0.39101053564657384
15039,10,47,19914.44,423.71,369,408,5,5,5,Champions,3,4.419261724530528,1.276457967690233
15041,170,1,180.35,180.35,170,66,2,1,1,Hibernating,1,-1.7453594142940487,0.07587135611831905
15042,199,1,135.93,135.93,199,5,1,1,1,Hibernating,1,-1.9389483559204235,0.07251683123953498
15043,31,1,537.0,537.0,31,3,4,1,3,New Customers,0,-0.5873395309409756,-0.5888883053199487
15044,19,17,7700.23,452.95,362,233,4,5,5,Champions,3,2.849848027963511,0.9308157272196367
15045,152,2,735.66,367.83,258,11,2,3,3,Hibernating,1,-0.6683127162235528,0.6733719346989335
15046,9,15,5194.82,346.32,338,146,5,5,5,Champions,3,2.8207071950933744,0.3025598177843034
15047,270,1,343.62,343.62,270,22,1,1,2,Hibernating,1,-1.6157510553840588,0.6021171272872755
15048,65,4,384.05,96.01,369,86,3,4,2,Loyal Customers,2,-0.19292354662512218,0.1002490292398468
15049,274,1,121.17000000000002,121.17,274,3,1,1,1,Hibernating,1,-2.114930386171705,0.23264294110176595
15050,25,3,1782.09,594.03,71,68,4,3,4,Promising Customers,2,0.6903882527672435,-0.0160823945800049
15051,23,3,1391.61,463.87,150,130,4,3,4,Promising Customers,2,0.603335229623827,-0.15707449232174128
15052,319,1,215.78,215.78,319,27,1,1,1,Hibernating,1,-1.8998985832239186,0.5381208983861752
15053,5,3,697.79,232.6,282,49,5,3,3,Promising Customers,0,0.8048920270071033,-1.2873388017507568
15054,12,2,302.1,151.05,40,105,5,3,2,Promising Customers,0,-0.14881196362425,-1.213198729309013
15057,275,2,1489.5,744.75,316,25,1,3,4,At Risk Valuable,2,-0.5583401049422886,1.3045883147751705
15058,25,11,2124.99,193.18,312,199,4,5,5,Champions,3,1.769567285587766,0.4709212919259359
15059,41,9,1337.72,148.64,335,161,3,5,4,Loyal Customers,2,1.2009555155475027,0.5357059508842389
15060,8,4,301.84,75.46,9,80,5,4,2,Loyal Customers,0,0.4541686899007398,-1.249941918984013
15061,4,48,54534.14,1136.13,372,70,5,5,5,Champions,3,5.2187061051572865,1.1527171628236315
15062,71,4,987.86,246.96,359,47,3,4,4,Loyal Customers,2,0.22273717250701275,0.49986388570098894
15063,213,1,370.8,370.8,213,5,1,1,2,Hibernating,1,-1.4893781290033665,0.48021510107760834
15065,38,4,3158.13,789.53,291,148,3,4,5,Loyal Customers,2,1.0098558149230012,0.535598733292173
15066,53,1,893.59,893.59,53,42,3,1,3,Developing Customers,1,-0.5452705312694949,-0.07161593047655458
15067,78,3,1744.76,581.59,283,82,2,3,4,At Risk Valuable,2,0.25561811078692787,0.6803809597991372
15068,46,2,553.36,276.68,256,96,3,3,3,Developing Customers,0,-0.3525879595776906,-0.17834165460215806
15069,179,1,1109.53,1109.53,179,70,2,1,4,At Risk Valuable,1,-0.9024509518032758,0.7702367313387293
15070,373,1,106.2,106.2,373,1,1,1,1,Hibernating,1,-2.294650502952599,0.3797335457979165
15071,94,2,982.07,491.04,276,25,2,3,4,At Risk Valuable,2,-0.3488572658134557,0.47679599872917044
15073,10,3,1043.41,347.8,187,31,5,3,4,Promising Customers,0,0.7645251214442191,-0.7564980731616017
15074,105,1,748.87,748.87,105,41,2,1,3,Hibernating,1,-0.8870016054916499,0.29129099843081246
15075,78,1,773.03,773.03,78,27,2,1,3,Hibernating,1,-0.759560703566201,0.11658976311844642
15076,173,1,880.85,880.85,173,49,2,1,3,Hibernating,1,-0.9992370427731425,0.6645432321664478
15078,7,32,9743.11,304.47,369,97,5,5,5,Champions,3,3.861215939198614,0.6694056517565936
15079,213,4,895.61,223.9,366,46,1,4,3,At Risk Valuable,2,-0.24015091782511278,1.15432055645867
15081,22,5,504.8,100.96,367,26,4,4,3,Loyal Customers,2,0.5049500357246098,-0.39791945131052975
15083,257,1,88.2,88.2,257,5,1,1,1,Hibernating,1,-2.2402485764787157,0.07733173165810922
15087,282,1,306.94,306.94,282,15,1,1,2,Hibernating,1,-1.6858716057904948,0.5884688006533882
15088,21,2,1160.07,580.04,67,53,4,3,4,Promising Customers,0,0.2893681542603358,-0.3893257133008141
15089,10,6,2420.84,403.47,128,139,5,5,5,Champions,3,1.67191324759094,-0.23395989654536234
15090,308,1,381.32,381.32,308,23,1,1,2,Hibernating,1,-1.6164857233413816,0.7231812506769987
15091,68,1,480.71,480.71,68,30,3,1,2,Developing Customers,1,-0.9335711936053767,-0.14238624580438383
15092,215,2,457.81,228.9,284,23,1,3,2,Hibernating,1,-1.0254530841173377,0.7189400494244252
15093,18,6,4597.02,766.17,372,52,4,5,5,Champions,3,1.7681874943951021,0.346500211842802
15095,104,4,1370.6,342.65,203,30,2,4,4,At Risk Valuable,2,0.23427865513423535,0.8584281418996987
15096,43,1,219.39,219.39,43,11,3,1,1,Developing Customers,1,-1.1338073167582234,-0.7130617694049893
15097,4,1,248.08,248.08,4,25,5,1,1,New Customers,0,-0.24448642001036716,-2.0463645447840024
15098,182,3,39916.5,13305.5,182,1,1,3,5,At Risk Valuable,2,1.4241631284747949,2.355704455494898
15099,84,1,410.48,410.48,84,23,2,1,2,Hibernating,1,-1.0882680316807052,-0.06779930518530755
15100,334,3,876.0,292.0,374,1,1,3,3,Hibernating,1,-0.6241297991181073,1.3443410514276717
15101,9,2,317.53,158.76,359,8,5,3,2,Promising Customers,0,-0.024917100806855795,-1.3613065751707172
15103,31,2,703.36,351.68,86,35,4,3,3,Promising Customers,0,-0.09170637020475174,-0.33445373814067214
15104,197,2,1027.44,513.72,282,66,1,3,4,At Risk Valuable,1,-0.6080283071034626,0.95860982957272
15105,18,7,2298.93,328.42,135,90,4,5,5,Champions,3,1.5594645180644713,0.14487020975460388
15106,18,5,1422.52,284.5,269,90,4,4,4,Champions,2,1.0704550522289964,-0.14105387194757726
15107,311,6,319.5,53.25,372,12,1,5,2,At Risk Valuable,1,-0.5689843527423598,1.1469672098341461
15108,142,3,1159.25,386.42,228,49,2,3,4,At Risk Valuable,2,-0.16560081376180105,0.9071597685930558
15109,246,1,484.95,484.95,246,28,1,1,2,Hibernating,1,-1.4167457333893698,0.6688774733378113
15110,24,4,996.1,249.02,319,17,4,4,4,Champions,2,0.6309185474789815,-0.16735807702883185
15111,29,3,1567.48,522.49,373,70,4,3,4,Promising Customers,2,0.5746656716299657,0.027753356313287878
15113,10,3,3608.94,1202.98,54,76,5,3,5,Promising Customers,2,1.3548242068042267,-0.30352039197398417
15114,30,10,2760.56,276.06,302,136,4,5,5,Champions,3,1.747999432813763,0.6444184246504692
15115,18,1,340.11,340.11,18,21,4,1,2,New Customers,0,-0.6049982971315203,-1.0856204514966135
15116,18,4,1352.75,338.19,205,37,4,4,4,Champions,2,0.8813329559734925,-0.22956851885361776
15117,15,5,1551.78,310.36,216,63,4,4,4,Champions,2,1.1774944956909434,-0.21820014750125374
15118,134,1,244.8,244.8,134,1,2,1,1,Hibernating,1,-1.510290957963399,0.03715100766980165
15119,246,1,266.4,266.4,246,14,1,1,2,Hibernating,1,-1.7010627879865983,0.45070115677618117
15120,134,1,358.82,358.82,134,21,2,1,2,Hibernating,1,-1.3289109641258834,0.17633653422746912
15121,50,2,457.72,228.86,289,28,3,3,2,Developing Customers,0,-0.47393481517701214,-0.1957535729671502
15122,114,3,1633.78,544.59,298,65,2,3,4,At Risk Valuable,2,0.080866174897641,0.8943116587626269
15123,7,2,2199.31,1099.66,206,93,5,3,5,Promising Customers,0,0.9802065487839853,-0.7968330591796989
15124,23,2,184.19,92.1,192,14,4,3,1,Promising Customers,0,-0.6176023823704292,-1.0046581168991326
15125,25,15,11528.48,768.57,271,102,4,5,5,Champions,3,2.8349230123925806,1.1991160789872894
15127,66,1,406.53,406.53,66,16,3,1,2,Developing Customers,1,-1.0019237781781736,-0.2221011888340391
15128,60,4,1471.0,367.75,220,74,3,4,4,Loyal Customers,2,0.47544117874376457,0.5401112542579721
15129,50,11,3447.4,313.4,292,54,3,5,5,Loyal Customers,3,1.7423104182911933,1.074473351369973
15130,170,1,330.11,330.11,170,22,2,1,2,Hibernating,1,-1.4588235925098492,0.2957502875753061
15132,18,5,977.93,195.59,263,49,4,4,4,Champions,2,0.8922439210368962,-0.2778077090638714
15133,128,3,982.42,327.47,302,27,2,3,4,At Risk Valuable,2,-0.2049287664758282,0.781481850383684
15134,15,8,1387.99,173.5,241,44,4,5,4,Champions,3,1.491835558241082,-0.10288365841265773
15135,239,1,139.05,139.05,239,9,1,1,1,Hibernating,1,-1.9978989317424778,0.19627072229583895
15136,3,4,1286.7,321.68,96,61,5,4,4,Champions,0,1.4529660671437192,-1.2351325576672578
15139,240,2,178.96,89.48,337,13,1,3,1,Hibernating,1,-1.512753180237868,0.44651155813373533
15140,52,7,2354.25,336.32,264,74,3,5,5,Loyal Customers,2,1.1787501567707281,0.8035673277124361
15142,46,1,498.74,498.74,46,26,3,1,3,Developing Customers,0,-0.7693529912501821,-0.37225520267616663
15143,226,1,259.45,259.45,226,14,1,1,2,Hibernating,1,-1.6813290935204577,0.38757974110570226
15144,8,17,6580.44,387.08,312,132,5,5,5,Champions,3,3.080210340918666,0.36746546446540695
15145,4,4,1194.73,298.68,248,54,5,4,4,Champions,0,1.3324236369421625,-1.1208051750651506
15146,165,2,1327.16,663.58,291,90,2,3,4,At Risk Valuable,2,-0.41893725748293076,0.9403223252358482
15147,240,1,623.5,623.5,240,28,1,1,3,Hibernating,1,-1.2879567533392364,0.7449128874674328
15148,11,1,301.29,301.29,11,20,5,1,2,New Customers,0,-0.4868933671954887,-1.4209230769819277
15149,134,1,520.8000000000001,520.8,134,23,2,1,3,Hibernating,1,-1.1520074512286365,0.3120869445762631
15150,17,10,5314.47,531.45,269,282,4,5,5,Champions,3,2.2674087895844477,0.5391294643830494
15152,10,13,4745.69,365.05,187,196,5,5,5,Champions,3,2.620260862832555,0.27854705735853574
15153,31,1,329.25,329.25,31,22,4,1,2,New Customers,0,-0.8196101140297621,-0.7671257323210215
15154,75,1,296.42,296.42,75,66,2,1,2,Hibernating,1,-1.2000013879911129,-0.25727493901452436
15156,1,3,961.49,320.5,34,51,5,3,4,Promising Customers,0,1.3771122177523338,-1.8665195534666421
15157,4,3,1936.07,645.36,358,125,5,3,4,Promising Customers,0,1.3598415772288606,-1.0304780673278604
15158,45,1,401.4,401.4,45,7,3,1,2,Developing Customers,1,-0.8642461793268156,-0.46500710740969886
15159,2,30,18641.01,621.37,361,363,5,5,5,Champions,3,4.4881655291128135,0.260806645323834
15160,357,1,158.16,158.16,357,4,1,1,1,Hibernating,1,-2.0898376349047894,0.49637481449488385
15163,18,2,304.47,152.24,192,29,4,3,2,Promising Customers,0,-0.2901257932998986,-0.9698961504270335
15164,69,3,843.05,281.02,339,79,3,3,3,Developing Customers,2,-0.04405328850899575,0.3383132446894891
15165,373,1,487.75,487.75,373,27,1,1,3,Hibernating,1,-1.5725516864875067,0.9338503580765504
15167,321,1,163.0,163.0,321,39,1,1,1,Hibernating,1,-2.0350791633625698,0.44016239757893816
15168,26,1,106.56,106.56,26,5,4,1,1,New Customers,0,-1.288611512759358,-1.2844997910012617
15171,331,1,1289.5,1289.5,331,5,1,1,4,At Risk Valuable,1,-1.0649082511750887,1.2129895004415054
15172,9,5,1624.05,324.81,237,106,5,4,4,Champions,2,1.3787571822355367,-0.4993956948868674
15174,323,1,135.75,135.75,323,11,1,1,1,Hibernating,1,-2.1239323014233737,0.37771841726609134
15175,72,1,224.14,224.14,72,23,3,1,1,Developing Customers,1,-1.317127824325271,-0.38448342618595854
15178,260,1,40.5,40.5,260,3,1,1,1,Hibernating,1,-2.6088620769565867,-0.19481559864845002
15179,18,5,2206.95,441.39,319,91,4,4,5,Champions,2,1.279367237278142,0.019259026212660433
15180,367,1,87.5,87.5,367,6,1,1,1,Hibernating,1,-2.379707834734958,0.2994727685758516
15181,66,3,689.4799999999999,229.83,270,11,3,3,3,Developing Customers,2,-0.12289794729783456,0.2372103224297805
15182,154,2,622.85,311.42,269,24,2,3,3,Hibernating,1,-0.7523874638025954,0.6208931267692049
15184,29,2,406.76,203.38,191,59,4,3,2,Promising Customers,0,-0.3272057951415479,-0.5749885495609061
15185,70,1,310.62,310.62,70,21,3,1,2,Developing Customers,1,-1.151796727830211,-0.2833617488112091
15186,14,2,411.41,205.7,168,17,5,3,2,Promising Customers,0,-0.05692446694624125,-1.010049278001302
15187,2,15,4762.18,317.48,212,60,5,5,5,Champions,3,3.2394230985532717,-0.49207237383555036
15189,1,41,16225.39,395.74,333,80,5,5,5,Champions,3,4.852229981199029,0.07006471432392267
15192,120,3,1044.32,348.11,365,36,2,3,4,At Risk Valuable,2,-0.15140966139257148,0.763210011356565
15193,61,1,499.32,499.32,61,19,3,1,3,Developing Customers,1,-0.8746506785175144,-0.19632307967215928
15194,3,15,7616.53,507.77,368,209,5,5,5,Champions,3,3.352964904304295,-0.13829615307729018
15195,3,1,3861.0,3861.0,3,1,5,1,5,New Customers,0,1.1454615992191175,-1.1865884356726033
15197,11,3,1079.61,359.87,358,30,5,3,4,Promising Customers,0,0.7474914689201421,-0.6889198028934211
15198,92,2,193.64,96.82,124,10,2,3,1,Hibernating,1,-1.1115503800135327,-0.12819331342399412
15199,59,4,1268.7,317.18,308,5,3,4,4,Loyal Customers,2,0.41139183527117124,0.47564099172857766
15201,87,5,1236.54,247.31,247,35,2,4,4,At Risk Valuable,2,0.418024993931403,0.7791082131687319
15203,26,6,1827.8,304.63,312,82,4,5,4,Champions,2,1.1950866768099524,0.2324247472710272
15204,357,1,316.58,316.58,357,9,1,1,2,Hibernating,1,-1.7610378859461315,0.748685806587189
15205,85,2,653.24,326.62,127,37,2,3,3,Hibernating,1,-0.5046344300166836,0.26500500363112234
15206,10,4,420.3,105.07,276,3,5,4,2,Loyal Customers,0,0.5346152641467437,-1.002211359366096
15208,1,5,870.12,174.02,353,25,5,4,3,Loyal Customers,0,1.6970343735426474,-1.7469203020680135
15210,225,1,331.18,331.18,225,20,1,1,2,Hibernating,1,-1.5638579755749158,0.473631321370018
15211,60,2,894.4100000000001,447.21,365,52,3,3,3,Developing Customers,2,-0.22401845835024328,0.1619814790936294
15212,241,1,101.8,101.8,241,5,1,1,1,Hibernating,1,-2.148242597316352,0.08859355685119072
15213,319,2,328.35,164.18,330,22,1,3,2,Hibernating,1,-1.333439865492776,0.8469048578854713
15214,2,8,1661.44,207.68,243,109,5,5,4,Champions,3,2.21707501916394,-1.0979373857163925
15215,47,3,734.94,244.98,97,33,3,3,3,Developing Customers,2,0.034892687789996976,0.04918633023417483
15216,88,1,96.6,96.6,88,2,2,1,1,Hibernating,1,-1.7906859449554462,-0.5641907597343097
15218,11,11,5756.89,523.35,319,77,5,5,5,Champions,3,2.5392505651907227,0.34489629245316067
15219,176,1,305.75,305.75,176,9,2,1,2,Hibernating,1,-1.5083737833646533,0.28969162439177426
15220,52,6,1778.96,296.49,281,110,3,5,4,Loyal Customers,2,0.9244617645736298,0.6498963962894714
15221,366,1,403.25,403.25,366,5,1,1,2,Hibernating,1,-1.6556762277604316,0.8525506132707591
15222,319,1,585.0,585.0,319,5,1,1,3,Hibernating,1,-1.4265905274112938,0.9013231985873802
15223,226,2,755.75,377.88,250,14,1,3,3,Hibernating,1,-0.8062681614763292,0.9331757149139929
15224,358,2,322.08,161.04,363,13,1,3,2,Hibernating,1,-1.3865357116975325,0.9127535647561228
15225,234,1,409.4,409.4,234,23,1,1,2,Hibernating,1,-1.4781376257381056,0.5756057924723293
15226,311,1,154.41,154.41,311,8,1,1,1,Hibernating,1,-2.048629299581089,0.40052279081128495
15227,37,5,1219.4,243.88,317,43,3,4,4,Loyal Customers,2,0.7322953822601931,0.24191906807846378
15228,66,4,3386.71,846.68,295,110,3,4,5,Loyal Customers,2,0.8363131431651382,0.9039925201707588
15230,239,2,429.6,214.8,241,23,1,3,2,Hibernating,1,-1.0959188667875435,0.7625236252912747
15232,113,2,612.06,306.03,141,26,2,3,3,Hibernating,1,-0.6432856804212109,0.41985131167542117
15234,277,1,197.0,197.0,277,14,1,1,1,Hibernating,1,-1.8892597098137427,0.4158724963002977
15235,218,12,2247.51,187.29,373,132,1,5,5,At Risk Valuable,2,1.0544161583311917,1.8724472171489621
15236,299,1,321.05,321.05,299,15,1,1,2,Hibernating,1,-1.6868406844170087,0.6417954232640476
15237,2,4,1412.32,353.08,227,94,5,4,4,Champions,0,1.607206821892097,-1.3834205330159484
15238,29,3,1071.99,357.33,184,49,4,3,4,Promising Customers,2,0.39396527413837806,-0.11091066854370485
15239,10,2,780.59,390.3,79,48,5,3,3,Promising Customers,0,0.3658848821690404,-0.9730755410653964
15240,45,5,1706.57,341.31,312,58,3,4,4,Loyal Customers,2,0.819154213803659,0.485657793394598
15241,67,8,1756.44,219.56,284,82,3,5,4,Loyal Customers,2,1.0508828580610718,0.8998674103343811
15243,74,1,316.68,316.68,74,22,2,1,2,Hibernating,1,-1.1635745961409714,-0.24159889734186046
15244,65,2,631.57,315.79,248,31,3,3,3,Developing Customers,2,-0.4195146729037615,0.08498426072743426
15245,134,3,2515.84,838.61,261,55,2,3,5,At Risk Valuable,2,0.22496468280449536,1.1535074025624656
15246,238,2,514.15,257.08,359,32,1,3,3,Hibernating,1,-1.0089945820160031,0.8253566133870207
15247,122,1,356.0,356.0,122,6,2,1,2,Hibernating,1,-1.2970815867563872,0.11447749065825283
15249,32,13,6688.46,514.5,257,211,4,5,5,Champions,3,2.363722723800152,1.099972676674404
15251,9,11,10484.99,953.18,242,97,5,5,5,Champions,3,2.894245070611404,0.4483175674865546
15252,36,2,740.78,370.39,183,44,3,3,3,Developing Customers,0,-0.12255032952152398,-0.22355569969976485
15253,16,5,918.2,183.64,170,52,4,4,3,Loyal Customers,2,0.9047840258329995,-0.37127798028818504
15254,127,1,300.36,300.36,127,18,2,1,2,Hibernating,1,-1.3929499078204248,0.0778435397374144
15255,67,1,890.85,890.85,67,47,3,1,3,Developing Customers,1,-0.6348245559803612,0.07333151534194862
15256,149,1,98.45,98.45,149,6,2,1,1,Hibernating,1,-1.9812291788224092,-0.22657586455540715
15257,283,1,317.15,317.15,283,7,1,1,2,Hibernating,1,-1.671694834691132,0.6026170589632194
15258,169,2,623.16,311.58,217,32,2,3,3,Hibernating,1,-0.7874512320105868,0.6796055259035542
15260,100,7,1810.77,258.68,373,62,2,5,4,At Risk Valuable,2,0.8074671049482565,1.1163367095454886
15261,135,1,254.82,254.82,135,19,2,1,2,Hibernating,1,-1.4940940116668016,0.05642055205041966
15262,324,1,178.95000000000002,178.95,324,10,1,1,1,Hibernating,1,-1.9944483507464106,0.4799368332662374
15263,107,1,156.51,156.51,107,12,2,1,1,Hibernating,1,-1.6368315420184028,-0.2667804140280543
15264,64,1,393.74,393.74,64,23,3,1,2,Developing Customers,1,-1.0055195845013087,-0.2529500202159322
15265,151,2,1506.12,753.06,236,76,2,3,4,At Risk Valuable,2,-0.3251036080747704,0.9306622894560036
15266,338,1,119.3,119.3,338,6,1,1,1,Hibernating,1,-2.2022282657276375,0.35958403296618613
15267,22,5,1717.36,343.47,183,8,4,4,4,Champions,2,1.087036632015998,0.04875621392052735
15269,24,1,408.8,408.8,24,2,4,1,2,New Customers,0,-0.6225527246286341,-0.8447202965253738
15270,16,7,2379.49,339.93,310,22,4,5,5,Champions,3,1.6183551475382665,0.08696793060591015
15271,7,15,2507.07,167.14,365,184,5,5,5,Champions,3,2.5593227465583905,-0.10484671097265866
15272,57,2,721.94,360.97,86,63,3,3,3,Developing Customers,2,-0.3065798172193608,0.051882877799059826
15274,4,2,716.57,358.28,18,44,5,3,3,Promising Customers,0,0.6265166691133986,-1.5038824370179886
15275,38,1,615.14,615.14,38,41,3,1,3,Developing Customers,0,-0.5983910433289631,-0.41400755084769303
15276,66,1,135.31,135.31,66,49,3,1,1,Developing Customers,1,-1.5231825213601755,-0.6220993976087531
15277,47,1,255.9,255.9,47,12,3,1,2,Developing Customers,1,-1.094100059213036,-0.601942239275334
15279,355,1,290.51,290.51,355,19,1,1,2,Hibernating,1,-1.7996652135649462,0.7138517262093885
15280,172,1,113.12,113.12,172,16,2,1,1,Hibernating,1,-1.9702555040442358,-0.08592927486578464
15281,59,9,2332.15,259.13,333,121,3,5,5,Loyal Customers,2,1.3290491866944,0.9645971645381589
15286,50,1,240.55,240.55,50,3,3,1,1,Developing Customers,1,-1.1465914372709871,-0.5860305953193591
15287,22,2,486.69,243.34,71,17,4,3,3,Promising Customers,0,-0.14047136210481295,-0.6779699794169443
15288,43,5,2306.52,461.3,365,80,3,4,5,Loyal Customers,2,0.9794526344007918,0.5674643672732373
15289,29,3,939.78,313.26,250,43,4,3,4,Promising Customers,2,0.3313794026015958,-0.15893717521963477
15290,5,18,7943.22,441.29,359,93,5,5,5,Champions,3,3.3737192319130824,0.20008833979150828
15291,26,14,4623.3,330.24,374,61,4,5,5,Champions,3,2.327196810376423,0.8645228053135786
15292,201,1,180.94,180.94,201,24,1,1,1,Hibernating,1,-1.8074807931359638,0.18262386055444144
15296,51,6,3672.86,612.14,327,137,3,5,5,Loyal Customers,2,1.2766433749372987,0.9024944710541972
15297,10,3,641.94,213.98,64,30,5,3,3,Promising Customers,0,0.533612256069177,-0.9336936286149587
15298,2,12,4799.9,399.99,366,115,5,5,5,Champions,3,3.055033340858861,-0.5690942361462961
15299,67,6,3907.01,651.17,372,6,3,5,5,Loyal Customers,2,1.20353413746026,1.0950420243448575
15300,64,1,496.44,496.44,64,28,3,1,3,Developing Customers,1,-0.895455911277686,-0.16849048315020534
15301,51,12,5070.35,422.53,369,167,3,5,5,Loyal Customers,3,1.9909919446268427,1.2584485971953647
15303,290,1,574.02,574.02,290,31,1,1,3,Hibernating,1,-1.3992900880500223,0.8342209354294037
15304,61,8,694.4000000000001,86.8,369,8,3,5,3,Loyal Customers,2,0.644911856263709,0.5027182553336396
15306,64,3,1174.35,391.45,148,57,3,3,4,Developing Customers,2,0.14186040750367407,0.412288365505357
15307,96,1,205.3,205.3,96,12,2,1,1,Hibernating,1,-1.4673480615229872,-0.23628993238473123
15308,274,1,310.47,310.47,274,19,1,1,2,Hibernating,1,-1.669488247935631,0.5744617781720855
15311,1,91,60767.9,667.78,374,567,5,5,5,Champions,3,6.191198625886372,0.8540751610660321
15312,75,4,924.85,231.21,354,42,2,4,3,At Risk Valuable,2,0.17073833853139725,0.5100755489288819
15313,110,1,52.0,52.0,110,1,2,1,1,Hibernating,1,-2.165711748145427,-0.6472314552519263
15314,199,1,327.97,327.97,199,24,1,1,2,Hibernating,1,-1.5217745683215795,0.3926433902084212
15315,64,2,570.5,285.25,116,35,3,3,3,Developing Customers,1,-0.46200234016717656,0.03822934581517736
15316,327,1,165.0,165.0,327,1,1,1,1,Hibernating,1,-2.0363651584786644,0.4562877390266722
15318,4,1,312.62,312.62,4,33,5,1,2,New Customers,0,-0.13482240412193178,-1.962211692680954
15319,284,1,204.5,204.5,284,16,1,1,1,Hibernating,1,-1.8810674092062325,0.44520881250436456
15320,44,1,267.13,267.13,44,36,3,1,2,Developing Customers,1,-1.049073045575947,-0.6272095383301691
15321,71,3,2748.31,916.1,292,83,3,3,5,Developing Customers,2,0.5072345282381145,0.7874659687468611
15322,86,1,679.68,679.68,86,42,2,1,3,Hibernating,1,-0.8575917979566662,0.13077106030502297
15325,104,1,162.29,162.29,104,47,2,1,1,Hibernating,1,-1.6089132304800835,-0.2714678569637724
15326,334,1,311.71,311.71,334,29,1,1,2,Hibernating,1,-1.743017554532374,0.7009667471234159
15327,53,1,208.75,208.75,53,10,3,1,1,Developing Customers,1,-1.235620378146914,-0.6013695428441642
15329,39,3,1049.7,349.9,172,51,3,3,4,Developing Customers,2,0.2740368136605553,0.06370752462232161
15330,32,2,714.96,357.48,61,10,4,3,3,Promising Customers,0,-0.09569107590405189,-0.3089897485056104
15332,366,4,1661.06,415.26,370,29,1,4,4,At Risk Valuable,2,-0.1525195597771675,1.7215138608820335
15333,208,1,1028.56,1028.56,208,16,1,1,4,At Risk Valuable,1,-0.9955677761003595,0.837237092379763
15334,157,3,348.72,116.24,173,66,2,3,2,Hibernating,1,-0.7745140656464735,0.5323551075218603
15335,54,1,173.97,173.97,54,34,3,1,1,Developing Customers,1,-1.3289241221018926,-0.6559605088919712
15339,66,2,574.07,287.04,318,77,3,3,3,Developing Customers,1,-0.4706195338192261,0.05970629005323445
15341,81,1,2020.52,2020.52,81,17,2,1,4,At Risk Valuable,2,-0.3168888878119388,0.4908289668078789
15342,130,1,406.09,406.09,130,24,2,1,2,Hibernating,1,-1.2586695239789958,0.20235940601656952
15343,87,1,364.5,364.5,87,21,2,1,2,Hibernating,1,-1.1579210097846695,-0.08909943612096735
15344,1,3,563.94,187.98,74,21,5,3,3,Promising Customers,0,1.1235209381328817,-2.0611178387432716
15345,46,1,393.54,393.54,46,20,3,1,2,Developing Customers,1,-0.8818534672670604,-0.45858466857318625
15346,333,1,252.42,252.42,333,17,1,1,2,Hibernating,1,-1.8419343931162324,0.6222900009088733
15347,366,1,201.6,201.6,366,5,1,1,1,Hibernating,1,-1.9844665228561575,0.6002468757872034
15348,72,1,158.04,158.04,72,9,3,1,1,Developing Customers,1,-1.482554242047892,-0.5114266604982165
15349,158,2,473.81,236.9,187,65,2,3,2,Hibernating,1,-0.8920579208276141,0.5373303736654421
15350,373,1,115.65,115.65,373,5,1,1,1,Hibernating,1,-2.2544409152124243,0.41058916842681836
15351,12,7,1960.11,280.02,370,157,5,5,4,Champions,3,1.6286333046627548,-0.15379429519648832
15353,255,2,777.02,388.51,368,59,1,3,3,Hibernating,1,-0.8390195967674214,1.019480031194765
15355,29,2,277.05,138.52,53,9,4,3,2,Promising Customers,0,-0.5094387510431163,-0.7148286134327895
15356,31,10,2766.5,276.65,368,215,4,5,5,Champions,3,1.7368894139154076,0.6653202658416719
15358,5,22,8347.2,379.42,366,292,5,5,5,Champions,3,3.570444281317178,0.29172540328065466
15360,40,1,427.93,427.93,40,13,3,1,2,Developing Customers,0,-0.7898843285624153,-0.5145998947160173
15361,362,1,418.92,418.92,362,7,1,1,2,Hibernating,1,-1.633387324713603,0.859496718581751
15363,373,1,326.0,326.0,373,16,1,1,2,Hibernating,1,-1.7638340529449419,0.7870660499878368
15364,96,2,913.19,456.6,254,29,2,3,3,Hibernating,2,-0.3913932984603189,0.4634658969892791
15365,26,7,2314.32,330.62,315,65,4,5,5,Champions,2,1.4283530038626246,0.3699639811205667
15366,75,2,602.51,301.26,358,37,2,3,3,Hibernating,1,-0.4958108699507445,0.15720024223521598
15367,57,4,1877.59,469.4,275,91,3,4,4,Loyal Customers,2,0.6107985909653516,0.597236933102208
15368,21,1,446.94000000000005,446.94,21,4,4,1,2,New Customers,0,-0.5313461973250606,-0.893217763441903
15370,41,7,2386.05,340.86,333,65,3,5,5,Loyal Customers,2,1.274029390790381,0.6610680435331021
15372,137,1,2007.4,2007.4,137,27,2,1,4,At Risk Valuable,2,-0.5189088402367216,0.8182795670987999
15373,8,12,2415.91,201.33,371,74,5,5,5,Champions,3,2.308546594437733,-0.12364037348780774
15374,129,1,168.0,168.0,129,3,2,1,1,Hibernating,1,-1.6741709468121029,-0.12358641850954158
15376,40,3,1233.36,411.12,222,100,3,3,4,Developing Customers,2,0.3412751939524597,0.1381913928483733
15379,169,7,3703.29,529.04,358,145,2,5,5,At Risk Valuable,2,0.9488890594023666,1.7074672428215858
15380,9,5,1690.2600000000002,338.05,365,22,5,4,4,Champions,2,1.3977645901889428,-0.484809984365446
15381,214,2,596.85,298.42,268,8,1,3,3,Hibernating,1,-0.897692483626373,0.8126785840404339
15382,15,6,5955.71,992.62,296,193,4,5,5,Champions,3,1.9570810462443324,0.33216630570070704
15384,170,2,642.41,321.2,360,34,2,3,3,Hibernating,1,-0.7752352154029281,0.694416008402383
15385,40,1,316.88,316.88,40,12,3,1,2,Developing Customers,0,-0.9324901333948797,-0.6240312802610373
15386,186,1,394.14,394.14,186,31,1,1,2,Hibernating,1,-1.408860784679449,0.41699535724244274
15388,270,1,140.54,140.54,270,10,1,1,1,Hibernating,1,-2.0392851765457043,0.2771098405308807
15389,172,1,500.0,500.0,172,1,2,1,3,Hibernating,1,-1.2661474818905016,0.45438194548157884
15392,5,4,1535.53,383.88,360,74,5,4,4,Champions,0,1.382105281923129,-0.9136902002768545
15393,16,2,231.86,115.93,281,10,4,3,1,Promising Customers,0,-0.3768023845247265,-1.139502316172086
15394,10,4,2183.54,545.88,359,54,5,4,5,Champions,2,1.317950818435617,-0.40110332485645817
15395,326,1,107.45,107.45,326,7,1,1,1,Hibernating,1,-2.237812034816124,0.2988733133918169
15396,113,1,288.18,288.18,113,14,2,1,2,Hibernating,1,-1.368321234540845,-0.01061972039238276
15397,290,1,94.0,94.0,290,6,1,1,1,Hibernating,1,-2.2562619899495355,0.17660659281418897
15398,16,2,1345.53,672.76,78,60,4,3,4,Promising Customers,0,0.4584282543548187,-0.49857156184816764
15399,1,3,815.77,271.92,79,45,5,3,3,Promising Customers,0,1.2989763744006593,-1.9264786386437684
15400,92,5,716.2,143.24,279,10,2,4,3,At Risk Valuable,2,0.1372601509476616,0.6148798029914381
15402,149,2,626.35,313.18,196,34,2,3,3,Hibernating,1,-0.7371941164306217,0.6021597076840212
15405,189,1,349.1,349.1,189,8,1,1,2,Hibernating,1,-1.4725436382049222,0.38287882732533973
15406,31,2,510.71,255.36,301,51,4,3,3,Promising Customers,0,-0.24378928927376217,-0.4511575747832618
15407,34,4,1056.44,264.11,305,142,3,4,4,Loyal Customers,2,0.5303014161817757,0.06730182842144353
15408,264,1,267.18,267.18,264,34,1,1,2,Hibernating,1,-1.726557269101934,0.4963358046306342
15410,84,8,3450.84,431.36,262,48,2,5,5,At Risk Valuable,2,1.2869028045905775,1.2878099866850585
15411,26,4,1358.88,339.72,183,86,4,4,4,Champions,2,0.7491975282983928,-0.005260467747695809
15412,171,1,190.53,190.53,171,10,2,1,1,Hibernating,1,-1.7215930730724396,0.09951351010404727
15414,10,3,774.9000000000001,258.3,242,37,5,3,3,Promising Customers,0,0.6230787531100757,-0.8650397421722087
15415,313,1,572.8100000000001,572.81,313,46,1,1,3,Hibernating,1,-1.429362526060524,0.881651996870887
15416,65,4,3984.32,996.08,283,165,3,4,5,Loyal Customers,2,0.9193852585135077,0.9538011959503556
15417,85,1,508.8,508.8,85,28,2,1,3,Hibernating,1,-0.9907602457658166,0.017866085713908745
15419,25,1,135.86,135.86,25,8,4,1,1,New Customers,0,-1.1595267646349605,-1.2204249304685533
15421,59,4,950.36,237.59,310,40,3,4,4,Loyal Customers,2,0.2740103086102549,0.370218559391716
15422,323,2,97.7,48.85,323,6,1,3,1,Hibernating,1,-1.9117311317238772,0.4146558389163253
15423,38,1,43.5,43.5,38,2,3,1,1,Developing Customers,1,-1.8491960338053337,-1.3738375052823004
15424,254,2,383.34,191.67,254,17,1,3,2,Hibernating,1,-1.173179748990017,0.7594279002205635
15426,19,5,1447.39,289.48,369,217,4,4,4,Champions,2,1.0590969729848687,-0.10222682769923921
15427,33,3,1483.14,494.38,47,233,4,3,4,Promising Customers,2,0.5005281040033974,0.08687403722181608
15428,15,1,93.78,93.78,15,6,4,1,1,New Customers,0,-1.1488574852924145,-1.662246668918896
15429,27,2,397.35,198.68,75,77,4,3,2,Promising Customers,0,-0.31195285226802816,-0.6272322331949612
15432,23,1,171.19,171.19,23,10,4,1,1,New Customers,0,-1.0196401364188863,-1.1872703971348675
15433,214,2,533.3,266.65,267,40,1,3,3,Hibernating,1,-0.951181554105275,0.7716326876205922
15434,8,5,1041.48,208.3,200,40,5,4,4,Champions,0,1.207726417322668,-0.7282964241290791
15435,22,1,149.29,149.29,22,29,4,1,1,New Customers,0,-1.0681212111362046,-1.2639210990553025
15436,12,3,1122.53,374.18,234,243,5,3,4,Promising Customers,0,0.7354417568474787,-0.6239761495943051
15437,262,1,200.16,200.16,262,44,1,1,1,Hibernating,1,-1.860527025841789,0.38650958569443256
15438,131,1,156.57999999999998,156.58,131,25,2,1,1,Hibernating,1,-1.713305839391625,-0.13946618965257854
15440,55,3,383.68,127.89,209,50,3,3,2,Developing Customers,0,-0.33278568341813813,-0.09007927174904667
15442,249,1,594.0,594.0,249,2,1,1,3,Hibernating,1,-1.3249992676232714,0.7504708111937411
15443,2,7,3236.91,462.42,320,237,5,5,5,Champions,3,2.4276427005583088,-0.8997817718413118
15444,9,2,1418.26,709.13,40,191,5,3,4,Promising Customers,0,0.6862439458792916,-0.8155830769166321
15445,264,1,113.5,113.5,264,5,1,1,1,Hibernating,1,-2.131635522166024,0.1854909933760209
15447,331,1,155.17,155.17,331,9,1,1,1,Hibernating,1,-2.0700509048334887,0.44167340016452317
15448,313,1,494.64,494.64,313,28,1,1,3,Hibernating,1,-1.4990655422678556,0.8281640084317317
15449,26,3,974.52,324.84,262,47,4,3,4,Promising Customers,2,0.3889014443222025,-0.2124533867734718
15450,30,1,429.84,429.84,30,30,4,1,2,New Customers,0,-0.680927017810442,-0.6901318488194166
15452,30,3,538.73,179.58,264,47,4,3,3,Promising Customers,0,0.054388574978522265,-0.34109923181112534
15453,2,7,1388.37,198.34,188,169,5,5,4,Champions,3,2.02494704511511,-1.208798249676001
15454,362,1,179.1,179.1,362,23,1,1,1,Hibernating,1,-2.03630873166741,0.5503070058592971
15456,283,3,447.22,149.07,359,48,1,3,2,Hibernating,1,-0.8804882203500234,0.9945387570658126
15457,262,1,237.07,237.07,262,56,1,1,1,Hibernating,1,-1.7803455250783211,0.44803844655625835
15458,25,1,161.64,161.64,25,7,4,1,1,New Customers,0,-1.0773859785236912,-1.1573925732340529
15460,354,1,216.76,216.76,354,53,1,1,1,Hibernating,1,-1.9374174412702525,0.6055375610857293
15462,94,3,234.6,78.2,187,9,2,3,1,Hibernating,1,-0.7681101168904705,0.06574702316463252
15463,29,1,126.14,126.14,29,7,4,1,1,New Customers,0,-1.2492758833337694,-1.1566579293335022
15464,338,1,1048.85,1048.85,338,155,1,1,4,At Risk Valuable,1,-1.171110751091569,1.150832456681649
15465,20,18,7354.62,408.59,370,43,4,5,5,Champions,3,2.8583401202832026,0.9657668881059226
15466,85,1,334.53,334.53,85,56,2,1,2,Hibernating,1,-1.1898559902057066,-0.13491397254368093
15467,9,3,524.88,174.96,152,41,5,3,3,Promising Customers,0,0.47437795184591824,-1.0674896449419067
15468,51,2,467.51,233.76,51,24,3,3,2,Developing Customers,0,-0.47130441287965363,-0.17573678484476712
15469,50,2,538.55,269.27,120,24,3,3,3,Developing Customers,0,-0.3966893341344536,-0.13647772492218763
15471,2,1,469.48,469.48,2,67,5,1,2,New Customers,0,0.2534223476104235,-2.1377600727222905
15472,113,1,371.56,371.56,113,76,2,1,2,Hibernating,1,-1.2477383926969798,0.0819119088174696
15473,14,7,1771.2,253.03,61,4,5,5,4,Champions,3,1.5257386347171156,-0.10011479287246886
15475,77,1,454.11,454.11,77,29,2,1,2,Hibernating,1,-1.0074591280484544,-0.0854475856797568
15478,40,2,1441.42,720.71,57,34,3,3,4,Developing Customers,2,0.15474315555761922,0.08437934908047465
15480,116,1,905.5,905.5,116,45,2,1,3,Hibernating,1,-0.834448228886923,0.42313453329669015
15482,16,11,11014.96,1001.36,359,45,4,5,5,Champions,3,2.7149339244550474,0.802550005020974
15483,161,4,233.81,58.45,267,74,2,4,1,At Risk Valuable,1,-0.7714756741551247,0.48857255462237387
15484,1,4,3594.31,898.58,78,135,5,4,5,Champions,3,2.206548872517623,-1.2993223363188777
15485,30,3,2575.0,858.33,373,59,4,3,5,Promising Customers,2,0.7982715172551582,0.22973406036988583
15488,93,1,91.32,91.32,93,2,2,1,1,Hibernating,1,-1.8380446043960037,-0.5498704015458414
15489,23,3,1134.28,378.09,211,47,4,3,4,Promising Customers,2,0.5060972630851794,-0.2316919696285422
15491,95,6,3100.09,516.68,236,108,2,5,5,At Risk Valuable,2,0.9616777360142695,1.229075571416029
15492,28,2,659.4599999999999,329.73,74,32,4,3,3,Promising Customers,0,-0.08471696132839784,-0.4203327232389993
15493,33,5,2001.8,400.36,271,177,4,4,4,Champions,2,1.0105730632615393,0.3523677831091542
15494,21,2,1299.23,649.62,121,120,4,3,4,Promising Customers,0,0.3432459715984414,-0.3479815042878849
15497,18,2,1262.2,631.1,320,13,4,3,4,Promising Customers,0,0.3855183113709302,-0.45142728026908086
15498,3,27,13316.4,493.2,367,360,5,5,5,Champions,3,4.125916349015897,0.28107937644472447
15500,8,4,1131.56,282.89,81,64,5,4,4,Champions,0,1.081969389975322,-0.7681866318412053
15502,16,10,6923.98,692.4,369,163,4,5,5,Champions,3,2.415148596027719,0.5995213560929106
15503,363,1,147.09,147.09,363,66,1,1,1,Hibernating,1,-2.13050082106124,0.48057672915627403
15504,81,1,52.83,52.83,81,13,2,1,1,Hibernating,1,-2.042597459020951,-0.8334276454399824
15505,53,5,3610.96,722.19,155,90,3,4,5,Loyal Customers,2,1.1144559865103054,0.8608823537311184
15506,23,3,979.26,326.42,139,121,4,3,4,Promising Customers,2,0.43621896250120795,-0.2853144660018073
15507,172,1,492.36,492.36,172,41,2,1,3,Hibernating,1,-1.273461482203029,0.4487694026470366
15508,189,6,1000.27,166.71,235,78,1,5,4,At Risk Valuable,2,0.16273420386584606,1.2487512274295698
15510,331,1,250.0,250.0,331,1,1,1,2,Hibernating,1,-1.8442061239529342,0.6149798607178334
15511,12,5,909.23,181.85,85,117,5,4,3,Loyal Customers,2,1.0026329757344332,-0.5448410258179766
15512,156,2,121.0,60.5,360,7,2,3,1,Hibernating,1,-1.5339940197277049,0.03299515363053971
15513,33,19,14758.22,776.75,374,183,4,5,5,Champions,3,3.0521416034486237,1.5451650262897023
15514,12,11,4139.46,376.31,364,96,5,5,5,Champions,3,2.3517092409802265,0.27517298538321
15516,45,3,62.43,20.81,47,15,3,3,1,Developing Customers,1,-1.115511932980099,-0.8730472043830242
15517,233,1,267.03,267.03,233,27,1,1,2,Hibernating,1,-1.6792810999061527,0.41730176885216347
15518,64,8,1942.45,242.81,332,135,3,5,4,Loyal Customers,2,1.116009789078054,0.9080224774043619
15520,2,1,343.5,343.5,2,18,5,1,2,New Customers,0,0.10508623485316346,-2.2515887234175382
15521,40,8,3000.2,375.02,255,116,3,5,5,Loyal Customers,2,1.4989345261395803,0.7747454957739902
15522,33,2,398.84,199.42,88,47,4,3,2,Promising Customers,0,-0.38437209896884106,-0.5028446336291853
15523,84,1,412.0100000000001,412.01,84,10,2,1,2,Hibernating,1,-1.0865015739399702,-0.06644377889167266
15524,25,1,440.0,440.0,25,1,4,1,2,New Customers,0,-0.6026172469078186,-0.7930693945583056
15525,2,3,823.42,274.47,373,132,5,3,3,Promising Customers,0,1.148466093883154,-1.6661568971956338
15526,33,2,148.44,74.22,33,4,4,3,1,Promising Customers,0,-0.8527933810023541,-0.8622969712947032
15527,19,8,2429.78,303.72,354,127,4,5,5,Champions,3,1.6729235830516922,0.24290582107487677
15528,254,1,229.33,229.33,254,26,1,1,1,Hibernating,1,-1.7842719521630972,0.4163935526718267
15529,23,11,3992.68,362.97,367,414,4,5,5,Champions,3,2.1002339479207075,0.6504746586890325
15530,22,4,1502.35,375.59,247,90,4,4,4,Champions,2,0.8582101807719733,-0.0702263552672859
15531,8,2,2007.44,1003.72,30,196,5,3,4,Promising Customers,0,0.8917698778377432,-0.755525575297937
15532,25,4,1571.03,392.76,358,204,4,4,4,Champions,2,0.8326198488955078,0.02377442567055996
15533,19,3,807.57,269.19,89,73,4,3,3,Promising Customers,0,0.41424707173299435,-0.4711658127058472
15535,173,4,536.4,134.1,328,55,2,4,3,At Risk Valuable,2,-0.4047082106716098,0.836252934298801
15537,163,1,110.92,110.92,163,24,2,1,1,Hibernating,1,-1.9591042695358056,-0.12689104204642535
15539,7,1,538.46,538.46,7,41,5,1,3,New Customers,0,-0.056280947302467514,-1.4663029004485515
15540,11,1,213.3,213.3,11,15,5,1,1,New Customers,0,-0.6506269197166747,-1.5465672576914828
15541,114,1,85.13000000000001,85.13,114,29,2,1,1,Hibernating,1,-1.9481325574884838,-0.44745430867741576
15543,288,1,127.86,127.86,288,26,1,1,1,Hibernating,1,-2.108531488376458,0.28357819275889784
15544,9,9,3546.71,394.08,373,122,5,5,5,Champions,3,2.2132303529211264,-0.01766061371402519
15545,54,2,292.72,146.36,371,78,3,3,2,Developing Customers,1,-0.71497718888717,-0.3107355277699314
15547,7,14,4954.84,353.92,362,441,5,5,5,Champions,3,2.8249950327538196,0.11906177096448153
15549,77,3,1689.51,563.17,316,103,2,3,4,At Risk Valuable,2,0.2451796810893161,0.6605632357302696
15550,4,4,575.63,143.91,302,43,5,4,3,Loyal Customers,0,0.9853035960304414,-1.3871746056226237
15551,37,1,436.06,436.06,37,29,3,1,2,Developing Customers,0,-0.7519096111273592,-0.5558893019999556
15552,217,1,90.12,90.12,217,17,1,1,1,Hibernating,1,-2.1657342170847738,-0.021635130024591078
15553,60,1,437.23,437.23,60,51,3,1,2,Developing Customers,1,-0.9315028283218102,-0.25502130459862493
15554,278,1,217.2,217.2,278,14,1,1,1,Hibernating,1,-1.844395117329675,0.45362835875280133
15555,12,16,4802.18,300.14,369,400,5,5,5,Champions,3,2.7379791133846685,0.463433499455035
15556,24,1,279.77,279.77,24,31,4,1,2,New Customers,0,-0.802527552747309,-0.9828275413699389
15557,29,1,473.65,473.65,29,16,4,1,2,New Customers,0,-0.6223044764691391,-0.6755390167414693
15561,12,4,800.59,200.15,216,27,5,4,3,Loyal Customers,0,0.776935618871899,-0.6614224225284844
15562,352,1,134.55,134.55,352,1,1,1,1,Hibernating,1,-2.160886718242508,0.42881734847040776
15563,22,3,1361.44,453.81,359,87,4,3,4,Promising Customers,2,0.6091746611078309,-0.19204127917223168
15565,50,2,173.16,86.58,71,8,3,3,1,Developing Customers,1,-0.934881729745101,-0.5494703068907663
15567,19,1,186.01,186.01,19,7,4,1,1,New Customers,0,-0.910669817898557,-1.2726406490783864
15568,3,3,758.29,252.76,73,27,5,3,3,Promising Customers,0,0.9993597337359424,-1.513928942574707
15569,104,5,1375.71,275.14,332,27,2,4,4,At Risk Valuable,2,0.40125190297797675,0.9299464318006838
15570,7,12,4165.52,347.13,369,231,5,5,5,Champions,3,2.612758509140909,0.000631544663721482
15571,12,4,650.4300000000001,162.61,78,47,5,4,3,Loyal Customers,0,0.678209366297883,-0.7371819655676657
15572,5,7,2552.86,364.69,278,166,5,5,5,Champions,3,2.0498034833776315,-0.5472577173588548
15573,32,2,599.5,299.75,86,87,4,3,3,Promising Customers,0,-0.17939347056293367,-0.3732204369528194
15574,178,4,702.25,175.56,372,131,2,4,3,At Risk Valuable,2,-0.28751689699677635,0.95244107692646
15576,38,1,940.67,940.67,38,43,3,1,4,Developing Customers,0,-0.39649974163533563,-0.2590822664262293
15577,151,3,258.88,86.29,305,39,2,3,2,Hibernating,1,-0.9010368412867936,0.39938152301240365
15578,162,1,127.1,127.1,162,13,2,1,1,Hibernating,1,-1.8925001293903019,-0.08145006531624191
15579,69,2,348.6,174.3,314,45,3,3,2,Developing Customers,1,-0.7242428570058443,-0.09431667095438728
15581,156,10,721.63,72.16,366,133,2,5,3,At Risk Valuable,2,0.4899655831378135,1.182685448859142
15582,25,3,682.9100000000001,227.64,220,39,4,3,3,Promising Customers,0,0.23429076815880426,-0.3660778224865802
15584,24,4,725.11,181.28,162,89,4,4,3,Loyal Customers,2,0.47996934749316844,-0.28319193190427766
15585,177,1,455.3,455.3,177,31,2,1,2,Hibernating,1,-1.3215163580522018,0.43830225715207516
15587,50,4,913.68,228.42,352,3,3,4,3,Loyal Customers,2,0.3174027263413516,0.25288052980112263
15589,256,3,478.53,159.51,311,28,1,3,2,Hibernating,1,-0.810174781422249,0.955901248957637
15592,47,1,388.58,388.58,47,24,3,1,2,Developing Customers,1,-0.8959204295204167,-0.449865179792793
15593,71,1,199.8,199.8,71,5,3,1,1,Developing Customers,1,-1.366312306469036,-0.435010909664877
15594,16,5,1771.78,354.36,235,85,4,4,4,Champions,2,1.2173920970160481,-0.13139199246106462
15596,101,5,1406.59,281.32,365,51,2,4,4,At Risk Valuable,2,0.42288727044092755,0.9196806991125648
15597,35,1,324.57,324.57,35,22,3,1,2,Developing Customers,0,-0.8714136454457073,-0.69770708409799
15598,53,1,240.68,240.68,53,14,3,1,1,Developing Customers,1,-1.1681782869917094,-0.549616519972213
15599,27,2,761.74,380.87,204,50,4,3,3,Promising Customers,0,-0.0027784655559581345,-0.38998115107609754
15601,11,14,6776.56,484.04,373,230,5,5,5,Champions,3,2.8190458421557065,0.4903153246509918
15602,8,9,1297.87,144.21,368,30,5,5,4,Champions,3,1.7752494498730462,-0.45141081259662225
15603,79,1,48.48,48.48,79,2,2,1,1,Hibernating,1,-2.0732664225260757,-0.8798492482326461
15604,52,1,216.39,216.39,52,17,3,1,1,Developing Customers,1,-1.211449130811802,-0.6001466814265136
15605,36,5,1198.23,239.65,373,61,3,4,4,Loyal Customers,2,0.7341578345186138,0.21862990839815943
15606,61,9,2920.16,324.46,325,48,3,5,5,Loyal Customers,2,1.423495211925374,1.0674645252137478
15607,337,1,104.76,104.76,337,13,1,1,1,Hibernating,1,-2.2624101749304617,0.31066404507121814
15608,28,4,1093.68,273.42,121,59,4,4,4,Champions,2,0.6186384770874856,-0.039213427858689025
15609,184,1,298.48,298.48,184,16,1,1,2,Hibernating,1,-1.5366830388998365,0.3089418400498858
15610,52,1,112.46,112.46,52,6,3,1,1,Developing Customers,1,-1.5209359475177848,-0.8376375128820879
15611,10,11,1570.45,142.77,335,22,5,5,4,Champions,3,1.9544385633262087,-0.18452014717542678
15612,36,2,195.15,97.58,62,4,3,3,1,Developing Customers,0,-0.755654038788163,-0.709380355856874
15615,10,23,10399.74,452.16,359,184,5,5,5,Champions,3,3.4820046426388047,0.7724615539592112
15618,33,4,776.85,194.21,137,38,4,4,3,Loyal Customers,2,0.39522597169701695,-0.06321904606451398
15619,11,1,336.40000000000003,336.4,11,3,5,1,2,New Customers,0,-0.43459421446949964,-1.380790287490229
15620,57,3,1553.18,517.73,358,92,3,3,4,Developing Customers,2,0.3183774636460133,0.44212920485456075
15621,4,4,1293.03,323.26,22,11,5,4,4,Champions,0,1.3700262963272967,-1.0919500304830143
15622,43,9,3709.56,412.17,282,169,3,5,5,Loyal Customers,3,1.6684002467903276,0.9375275323185509
15623,141,1,301.03,301.03,141,19,2,1,2,Hibernating,1,-1.4315585800518138,0.14442391196199558
15624,117,4,588.13,147.03,256,26,2,4,3,At Risk Valuable,2,-0.2125510541583002,0.6237342895563373
15625,104,4,1534.26,383.56,235,44,2,4,4,At Risk Valuable,2,0.28792926447384726,0.8995979983600703
15626,75,2,675.8,337.9,330,49,2,3,3,Hibernating,2,-0.44126004156817783,0.1990608995874607
15628,5,9,2870.24,318.92,367,85,5,5,5,Champions,3,2.3077485695201014,-0.41860586135654954
15630,45,2,1186.35,593.17,205,57,3,3,4,Developing Customers,2,0.01814949482791748,0.08621732586222874
15632,16,8,3285.31,410.66,275,107,4,5,5,Champions,3,1.8785557679453055,0.25006568644692867
15634,17,1,243.55,243.55,17,15,4,1,1,New Customers,0,-0.7427277424426356,-1.241423863277879
15636,90,2,724.76,362.38,282,20,2,3,3,Hibernating,1,-0.47685231603382294,0.33870437473849474
15637,53,1,223.36,223.36,53,15,3,1,1,Developing Customers,1,-1.2035716210503453,-0.5767762950574172
15639,134,1,425.32,425.32,134,25,2,1,2,Hibernating,1,-1.2481953481157433,0.2382752589903663
15640,4,15,12515.66,834.38,372,240,5,5,5,Champions,3,3.5040548836586862,0.18447373277046827
15641,105,4,1887.2,471.8,359,102,2,4,4,At Risk Valuable,2,0.3827938047870244,0.9811798682974848
15643,192,3,664.0,221.33,282,31,1,3,3,Hibernating,1,-0.545104832924157,0.8938616521361151
15644,166,4,813.0,203.25,261,166,2,4,3,At Risk Valuable,2,-0.19139137060263667,0.9618866307754803
15645,19,1,611.59,611.59,19,49,4,1,3,New Customers,0,-0.3459320586718422,-0.8392779571853529
15646,158,3,447.64,149.21,372,35,2,3,2,Hibernating,1,-0.658370217045092,0.6273282501610742
15648,204,2,657.35,328.68,267,23,1,3,3,Hibernating,1,-0.8336109162867277,0.8177072056803888
15649,336,2,816.0,408.0,368,1,1,3,3,Hibernating,1,-0.9208060058723709,1.2115248790467166
15651,37,3,646.3,215.43,261,27,3,3,3,Developing Customers,2,0.06308440669710232,-0.14571386924217153
15652,91,1,337.74,337.74,91,21,2,1,2,Hibernating,1,-1.2110966916470018,-0.08870325719513117
15653,93,2,877.4399999999999,438.72,116,4,2,3,3,Hibernating,2,-0.3983739540454365,0.4289900094222426
15654,9,2,922.53,461.26,26,15,5,3,3,Promising Customers,0,0.4817315933344279,-0.9725196765617061
15655,243,1,560.67,560.67,243,34,1,1,3,Hibernating,1,-1.3431532701758067,0.7140234904098962
15656,45,4,748.5,187.12,284,46,3,4,3,Loyal Customers,2,0.26203914131721223,0.11475645607930315
15657,23,1,30.0,30.0,23,1,4,1,1,New Customers,0,-1.8357195168908775,-1.813505054445544
15658,190,5,1024.1,204.82,373,40,1,4,4,At Risk Valuable,2,0.03224569547544557,1.201348537751752
15659,44,1,306.45,306.45,44,11,3,1,2,Developing Customers,1,-0.9839429848895958,-0.577230697777978
15660,25,9,1600.86,177.87,366,55,4,5,4,Champions,2,1.469634104459949,0.29737356683931165
15661,317,2,309.8,154.9,339,4,1,3,2,Hibernating,1,-1.358635778102968,0.8217590771322111
15663,106,1,138.14,138.14,106,9,2,1,1,Hibernating,1,-1.6922991533451808,-0.31796681406438
15664,51,1,386.43,386.43,51,17,3,1,2,Developing Customers,1,-0.9291425005481767,-0.40116855499602116
15665,168,2,2242.01,1121.01,243,92,2,3,5,At Risk Valuable,2,-0.1763694634977421,1.1430628570384762
15667,40,1,301.32,301.32,40,13,3,1,2,Developing Customers,0,-0.9563773579441708,-0.6423616145859613
15668,218,1,76.32000000000001,76.32,218,1,1,1,1,Hibernating,1,-2.2456468772672857,-0.07871565512758996
15669,40,4,684.34,171.08,264,31,3,4,3,Loyal Customers,2,0.26341868994626555,0.009159255402021265
15670,297,1,173.05,173.05,297,12,1,1,1,Hibernating,1,-1.9771707298042835,0.41280500875387705
15671,19,7,2657.13,379.59,271,52,4,5,5,Champions,3,1.6087547693766282,0.23023695027662214
15673,88,4,2881.02,720.26,327,107,2,4,5,At Risk Valuable,2,0.6508604579852052,1.0248644153987931
15674,73,4,2111.89,527.97,255,87,2,4,5,At Risk Valuable,2,0.5736406241177158,0.7945322392255415
15675,81,3,323.69,107.9,280,20,2,3,2,Hibernating,1,-0.5592182925995346,0.08964635392669659
15676,19,3,3435.76,1145.25,284,191,4,4,5,Champions,2,1.1029634490364513,0.05733432446883977
15677,49,1,657.23,657.23,49,33,3,1,3,Developing Customers,0,-0.6618886281294313,-0.2324390275936987
15678,53,1,352.7,352.7,53,12,3,1,2,Developing Customers,1,-0.9869178295481728,-0.4105227220312841
15679,24,4,781.28,195.32,183,98,4,4,3,Loyal Customers,2,0.5154333999308351,-0.2559778896718844
15680,9,3,1333.68,444.56,366,61,5,4,4,Champions,0,0.9176708083419353,-0.7273201017346062
15681,25,5,1426.16,285.23,280,32,4,4,4,Champions,2,0.9518071355103822,0.05862321286077577
15683,117,1,193.75,193.75,117,10,2,1,1,Hibernating,1,-1.5696609429771675,-0.13315707278264058
15687,9,9,2993.1,332.57,330,119,5,5,5,Champions,3,2.1324803216036834,-0.07962574774382794
15689,120,2,254.1,127.05,362,8,2,3,2,Hibernating,1,-1.0833801998109942,0.13737098739654216
15690,4,2,239.76,119.88,101,19,5,3,1,Promising Customers,0,0.10673954280063178,-1.9027436977768926
15691,252,1,136.8,136.8,252,2,1,1,1,Hibernating,1,-2.0257660700677707,0.22377993341051713
15692,28,1,191.04,191.04,28,12,4,1,1,New Customers,0,-1.0400292158215805,-1.0275111369608505
15694,1,13,6464.4,497.26,373,41,5,5,5,Champions,3,3.418804447385048,-0.6887770328677811
15695,267,2,409.98,204.99,267,22,1,3,2,Hibernating,1,-1.1602843031026622,0.815411290880779
15696,33,8,2736.46,342.06,327,140,4,5,5,Champions,2,1.5266976739001665,0.6225268697585938
15699,18,1,309.65,309.65,18,18,4,1,2,New Customers,0,-0.6495183222107584,-1.1197837734921217
15700,172,2,696.68,348.34,173,85,2,3,3,Hibernating,1,-0.7411366973226117,0.7313600134930722
15701,2,4,1542.14,385.54,111,193,5,4,4,Champions,3,1.6490327583647333,-1.3513245732105548
15703,265,1,211.5,211.5,265,5,1,1,1,Hibernating,1,-1.8387593694210078,0.41372639272335504
15704,140,4,2293.62,573.4,216,79,2,4,5,At Risk Valuable,2,0.36654361579541195,1.2331690070370893
15705,201,1,143.1,143.1,201,6,1,1,1,Hibernating,1,-1.918459174317616,0.09746240424122085
15706,64,4,1060.56,265.14,116,50,3,4,4,Loyal Customers,2,0.2955880451980691,0.46096690068080026
15707,35,4,945.58,236.4,86,126,3,4,4,Loyal Customers,2,0.46682354894244915,0.04470194280627813
15708,41,7,3364.24,480.61,370,124,3,5,5,Loyal Customers,2,1.4374921577283133,0.7865044315683274
15709,284,1,133.25,133.25,284,6,1,1,1,Hibernating,1,-2.083701971379241,0.2897131724499371
15712,9,5,1072.36,214.47,288,41,5,4,4,Champions,2,1.1813570076303839,-0.6508746240878832
15713,143,2,356.7,178.35,366,18,2,3,2,Hibernating,1,-0.9889908643181243,0.3711012723423793
15714,12,2,330.88,165.44,78,34,5,3,2,Promising Customers,0,-0.1056376827681105,-1.1800680907662993
15716,146,4,1118.81,279.7,370,101,2,4,4,At Risk Valuable,2,0.009163824557596796,0.9975522748383204
15717,234,1,150.3,150.3,234,7,1,1,1,Hibernating,1,-1.9530786376545282,0.2111504110996901
15719,33,13,5043.96,388.0,338,298,4,5,5,Champions,3,2.2180266623946268,1.0158401305878497
15720,24,1,598.73,598.73,24,128,4,1,3,New Customers,0,-0.4413038048331823,-0.7056353522269551
15721,12,1,507.08,507.08,12,80,5,2,3,New Customers,0,-0.2703403746092735,-1.180556615757499
15722,36,5,2222.56,444.51,291,45,3,4,5,Loyal Customers,2,1.0280272087848072,0.4441363864337342
15723,365,1,203.1,203.1,365,37,1,2,1,Hibernating,1,-1.9799129499669077,0.6012121357301675
15724,201,2,218.25,109.12,285,11,1,3,1,Hibernating,1,-1.351302168565993,0.40678220886744165
15725,15,1,415.25,415.25,15,32,4,2,2,New Customers,0,-0.4445723837365863,-1.121799563189129
15727,17,7,5178.96,739.85,359,213,4,5,5,Champions,3,1.9665636375895117,0.40715177568213107
15729,213,1,85.0,85.0,213,5,1,2,1,Hibernating,1,-2.1861817531102274,-0.05449094492372688
15730,66,3,1120.88,373.63,207,68,3,4,4,Loyal Customers,2,0.10811873177624937,0.4144855413788699
15732,212,2,294.12,147.06,372,13,1,3,2,Hibernating,1,-1.230125786840987,0.548916789666444
15733,283,1,162.3,162.3,283,10,1,2,1,Hibernating,1,-1.9891259961594983,0.3590299773892415
15734,115,2,1339.45,669.72,200,25,2,3,4,At Risk Valuable,2,-0.2775926085047299,0.7165932385427124
15737,15,8,1205.12,150.64,243,60,4,5,4,Champions,3,1.4246456871868354,-0.1544431352004048
15738,19,16,4812.42,300.78,373,46,4,5,5,Champions,3,2.5743701872311355,0.7371703860412419
15739,66,1,449.12,449.12,66,8,3,2,2,Developing Customers,1,-0.9546139209584913,-0.18579703395360395
15740,49,1,154.88,154.88,49,9,3,2,1,Developing Customers,1,-1.3474878479509276,-0.7585471523070855
15743,16,4,784.46,196.12,185,59,4,4,3,Loyal Customers,0,0.6647441501788328,-0.49886539253514156
15744,78,1,34.8,34.8,78,3,2,2,1,Hibernating,1,-2.222488635812455,-1.006016927165272
15745,19,4,1094.59,273.65,236,57,4,4,4,Champions,2,0.7610259971355724,-0.2743455527249111
15746,134,1,196.88,196.88,134,28,2,2,1,Hibernating,1,-1.6135055232752131,-0.04205273094215902
15747,13,3,974.04,324.68,173,52,5,4,4,Champions,0,0.6396537490284501,-0.6287915405954211
15748,40,1,149.31,149.31,40,19,3,2,1,Developing Customers,1,-1.2889687912316903,-0.8975822306598714
15749,235,3,44534.3,14844.77,332,5,1,4,5,At Risk Valuable,2,1.3790672256455083,2.5568479254695453
15750,3,8,2465.48,308.18,367,214,5,5,5,Champions,3,2.2949053643149253,-0.7715650607384602
15752,40,7,2637.38,376.77,373,236,3,5,5,Loyal Customers,2,1.3308846280111897,0.6823614197146178
15753,305,1,79.2,79.2,305,1,1,2,1,Hibernating,1,-2.3560741562939707,0.14660060087144042
15754,51,3,458.57,152.86,247,24,3,4,2,Loyal Customers,2,-0.21980274420425114,-0.07206900997039489
15755,10,6,2364.25,394.04,295,127,5,5,5,Champions,3,1.6606598141084907,-0.24259544135765018
15756,61,4,532.96,133.24,249,160,3,4,3,Loyal Customers,2,-0.01341885367811737,0.180046440190585
15757,66,2,714.42,357.21,218,43,3,3,3,Developing Customers,2,-0.366681230180436,0.13946540358829906
15758,25,1,205.25,205.25,25,9,4,2,1,New Customers,0,-0.9643227217563878,-1.0706312463945602
15759,218,3,253.04,84.35,358,5,1,4,2,At Risk Valuable,1,-1.0514113364843702,0.6224782629036593
15762,65,2,583.75,291.88,77,37,3,3,3,Developing Customers,1,-0.45692789172387943,0.05627448711061387
15763,32,2,1086.92,543.46,78,58,4,3,4,Promising Customers,2,0.10344820663677684,-0.1561762804249401
15764,88,6,3279.97,546.66,277,150,2,5,5,At Risk Valuable,2,1.017447794318898,1.2016958159949542
15766,64,1,315.06,315.06,64,11,3,2,2,Developing Customers,1,-1.11132232214689,-0.3341398440706791
15768,116,3,621.8299999999999,207.28,226,23,2,4,3,At Risk Valuable,2,-0.3850153817204284,0.5527893697606696
15769,7,26,56252.72,2163.57,371,26,5,5,5,Champions,3,4.5138365327678205,1.2325164277259089
15773,6,1,635.6800000000001,635.68,6,10,5,2,3,New Customers,0,0.07361291590795116,-1.4903942746417589
15774,69,1,270.8,270.8,69,25,3,2,2,Developing Customers,1,-1.2114478444137882,-0.3422837125935161
15775,245,1,104.9,104.9,245,7,1,2,1,Hibernating,1,-2.140366845989067,0.10983231673493163
15776,133,1,241.62,241.62,133,18,2,2,1,Hibernating,1,-1.5136474860713134,0.02768395302935187
15777,241,4,1047.11,261.78,361,18,1,4,4,At Risk Valuable,2,-0.21283282299554168,1.289254776983484
15780,184,3,475.28,158.43,358,26,1,4,2,At Risk Valuable,1,-0.6877919654592068,0.7451288490287902
15781,25,3,345.46,115.15,306,20,4,4,2,Loyal Customers,0,-0.0893873090791685,-0.6144585984606857
15782,10,3,2614.74,871.58,89,34,5,4,5,Champions,2,1.201497814541468,-0.4211784323717423
15783,11,1,246.3,246.3,11,14,5,2,1,New Customers,0,-0.5824580056665227,-1.4942564928921716
15785,33,5,2328.9700000000003,465.79,295,58,4,4,5,Champions,2,1.0825895660313618,0.4076310712303286
15786,46,3,4932.2,1644.07,114,257,3,4,5,Loyal Customers,2,0.948489304042612,0.7307387170735463
15787,26,3,948.05,316.02,61,156,4,4,4,Champions,2,0.37580828864554894,-0.22250067880717353
15789,358,1,351.3,351.3,358,25,1,2,2,Hibernating,1,-1.712721838291048,0.7883475314399334
15790,10,1,220.85,220.85,10,34,5,2,1,New Customers,0,-0.6008959821539152,-1.5890546194265427
15791,44,2,1612.69,806.34,204,66,3,3,4,Developing Customers,2,0.1725717326970984,0.18434440643806901
15793,15,3,965.61,321.87,269,6,4,4,4,Champions,0,0.5844921710686316,-0.5473528688674002
15795,150,1,610.01,610.01,150,42,2,2,3,Hibernating,1,-1.1196902643752749,0.44070178027505913
15796,1,8,2710.56,338.82,302,69,5,5,5,Champions,3,2.604878010948402,-1.1761678707518997
15797,113,3,2192.4,730.8,305,7,2,4,5,At Risk Valuable,2,0.22410840175699018,0.9961363144070875
15799,76,3,884.14,294.71,334,94,2,4,3,At Risk Valuable,2,-0.05785168953086394,0.41606616982204636
15800,107,2,699.08,349.54,247,116,2,3,3,Hibernating,1,-0.5594495496489319,0.43407062798977036
15801,46,3,1063.95,354.65,110,61,3,4,4,Loyal Customers,2,0.21882033639111156,0.1708127995198002
15803,51,1,415.8200000000001,415.82,51,8,3,2,2,Developing Customers,1,-0.8943409442748075,-0.37446289230163127
15804,1,13,4206.39,323.57,199,170,5,5,5,Champions,3,3.2143231389700326,-0.845689810185662
15805,23,17,5528.4800000000005,325.2,365,220,4,5,5,Champions,3,2.622496669288173,0.9253439460380487
15806,46,3,784.58,261.53,277,24,3,4,3,Loyal Customers,2,0.07400559743250498,0.05968634467318059
15807,50,3,903.9,301.3,77,48,3,4,3,Loyal Customers,2,0.11009373945515058,0.16308528630991773
15808,306,4,3734.97,933.74,369,142,1,4,5,At Risk Valuable,2,0.30119946903528083,1.9042224192037884
15809,36,5,515.77,103.15,303,31,3,4,3,Loyal Customers,2,0.33348051342339247,-0.0888377606453885
15810,79,4,1391.98,348.0,297,66,2,4,4,At Risk Valuable,2,0.3455592000125123,0.6917706865679686
15811,22,6,2218.62,369.77,365,117,4,5,5,Champions,2,1.3485424284195597,0.2015631511025766
15812,107,5,1801.14,360.23,318,36,2,4,4,At Risk Valuable,2,0.5186510518739961,1.046146102852891
15813,208,2,1303.91,651.95,240,40,1,3,4,At Risk Valuable,2,-0.5153691431444349,1.0798276693216466
15814,17,4,1945.33,486.33,51,63,4,4,4,Champions,2,1.0747984972744353,-0.1312229055436472
15815,64,5,2100.6,420.12,260,33,3,4,5,Loyal Customers,2,0.7858499544241598,0.7805671405951657
15819,49,4,1905.45,476.36,277,96,3,4,4,Loyal Customers,2,0.6745236284508074,0.5085695971804559
15820,320,1,206.98,206.98,320,17,1,2,1,Hibernating,1,-1.920815064610917,0.5249622160990842
15821,44,2,570.96,285.48,61,57,3,3,3,Developing Customers,0,-0.3210943502865595,-0.19448002866084646
15822,3,2,885.47,442.74,359,28,5,3,3,Promising Customers,0,0.812396410958354,-1.5680719409459158
15825,172,1,532.94,532.94,172,20,2,2,3,Hibernating,1,-1.2358398606337373,0.47763909823631984
15826,56,3,1654.31,551.44,211,64,3,4,4,Loyal Customers,2,0.3550280402778105,0.4541336363672996
15827,73,14,1836.09,131.15,372,72,2,5,4,At Risk Valuable,2,1.5025300865213342,1.166208250655358
15829,99,2,636.14,318.07,141,44,2,3,3,Hibernating,1,-0.5748766148316043,0.35089847091803567
15830,38,1,576.0,576.0,38,39,3,2,3,Developing Customers,0,-0.6296289546329471,-0.4379785800743322
15831,58,3,801.76,267.25,324,63,3,4,3,Loyal Customers,2,-0.0025942383034220917,0.21166976199859763
15832,254,1,836.79,836.79,254,54,1,2,3,Hibernating,1,-1.1696917905802724,0.8880037980577161
15834,70,4,2231.25,557.81,277,241,3,4,5,Loyal Customers,2,0.6156112539438394,0.7883799721882294
15835,44,4,954.09,238.52,331,47,3,4,4,Loyal Customers,2,0.3858096810757162,0.1893623497195928
15836,50,1,137.37,137.37,50,10,3,2,1,Developing Customers,1,-1.4117680017746745,-0.7895190781465377
15837,65,1,391.98,391.98,65,24,3,2,2,Developing Customers,1,-1.013480865116788,-0.244908103502884
15838,11,19,33643.08,1770.69,368,54,5,5,5,Champions,3,3.842303411656178,1.186205257866328
15839,33,3,1048.49,349.5,148,56,4,4,4,Champions,2,0.33559455765279067,-0.039690982492527414
15840,59,2,355.56,177.78,173,26,3,3,2,Developing Customers,1,-0.6559521204607927,-0.18479209329144036
15841,73,4,1224.06,306.02,339,36,2,4,4,At Risk Valuable,2,0.3142128350062877,0.5954551929250959
15843,304,1,118.95000000000002,118.95,304,8,1,2,1,Hibernating,1,-2.1632265121927596,0.2915520655698768
15844,46,1,130.73999999999998,130.74,46,11,3,2,1,Developing Customers,1,-1.4039248576015957,-0.8592064782172016
15845,18,8,3711.77,463.97,337,97,4,5,5,Champions,3,1.8941239350262382,0.365105396169162
15847,38,2,389.27,194.64,288,22,3,3,2,Developing Customers,0,-0.4483334887409295,-0.42475726165614924
15850,19,2,238.85,119.42,168,87,4,3,1,Promising Customers,0,-0.4248315404800588,-1.025722379387629
15852,187,2,160.71,80.36,197,22,1,3,1,Hibernating,1,-1.4687389515517186,0.25009070595858085
15853,52,1,110.8,110.8,52,29,3,2,1,Developing Customers,1,-1.5279509622188303,-0.8430206231927514
15854,4,12,2974.65,247.89,362,105,5,5,5,Champions,3,2.6321535112855132,-0.42012376828078035
15855,137,5,712.24,142.45,264,59,2,4,3,At Risk Valuable,2,-0.016191158946810884,0.8629242312265104
15856,4,27,16386.31,606.9,365,294,5,5,5,Champions,3,4.139372929876924,0.4982335511221475
15857,19,1,297.0,297.0,19,14,4,2,2,New Customers,0,-0.688907018814589,-1.1024665780115688
15858,16,5,1438.85,287.77,367,145,4,4,4,Champions,2,1.118388511764186,-0.20736435221713376
15860,41,8,977.21,122.15,369,105,3,5,4,Loyal Customers,2,0.9561586190930234,0.380571280509755
15861,12,8,3165.36,395.67,267,339,5,5,5,Champions,3,1.9633748157390827,0.06650388776096675
15862,8,4,832.88,208.22,374,142,5,4,3,Loyal Customers,0,0.9362572367493783,-0.8800017352796403
15863,26,2,68.84,34.42,193,18,4,3,1,Promising Customers,0,-1.1267533533824177,-1.286194074270591
15864,22,6,1936.32,322.72,316,16,4,5,4,Champions,2,1.28379793938126,0.15188018658237934
15865,41,3,895.13,298.38,214,37,3,4,3,Loyal Customers,2,0.17965463422162717,0.03650427383982761
15866,101,1,230.53,230.53,101,43,2,2,1,Hibernating,1,-1.4316406311193408,-0.1623022807442637
15867,5,15,3806.1,253.74,369,301,5,5,5,Champions,3,2.8679018875255524,-0.13470007234090167
15869,277,2,149.64,74.82,277,13,1,3,1,Hibernating,1,-1.6519778777944045,0.4720560603587698
15870,33,1,354.09000000000003,354.09,33,68,4,2,2,New Customers,0,-0.8082606944224416,-0.7022245892978981
15872,15,2,360.93,180.46,15,101,4,3,2,Promising Customers,0,-0.1437319103135229,-1.016843018252775
15874,64,7,4405.88,629.41,284,110,3,5,5,Loyal Customers,2,1.398951589440053,1.161715803264817
15877,2,2,493.28,246.64,18,122,5,3,3,Promising Customers,0,0.6443060280403216,-1.963707091541626
15880,369,1,343.28000000000003,343.28,369,95,1,2,2,Hibernating,1,-1.7352155009687416,0.7990604803384033
15881,312,5,501.39,100.28,364,26,1,4,3,At Risk Valuable,1,-0.4959451226004021,1.2538460458206553
15882,199,4,514.08,128.52,368,22,1,4,3,At Risk Valuable,1,-0.478117111714468,0.9090008275806913
15883,2,2,396.48,198.24,33,42,5,3,2,Promising Customers,0,0.5405678497863428,-2.043312634903524
15885,93,1,349.35,349.35,93,16,2,2,2,Hibernating,1,-1.2032756103905538,-0.06276785619965508
15886,60,1,181.09,181.09,60,12,3,2,1,Developing Customers,1,-1.3495076832462063,-0.5757855995209892
15888,81,1,162.64,162.64,81,10,2,2,1,Hibernating,1,-1.5134116157508504,-0.427346419588833
15889,157,2,427.57,213.78,369,78,2,3,2,Hibernating,1,-0.9384136346887432,0.495910536855542
15891,227,1,521.97,521.97,227,59,1,2,3,Hibernating,1,-1.3512137219078717,0.6449745205439673
15894,253,2,262.9,131.45,369,34,1,3,2,Hibernating,1,-1.3506172991289624,0.6196257040700593
15895,150,1,179.17,179.17,150,11,2,2,1,Hibernating,1,-1.7009335542265391,-0.005326757075823332
15897,194,2,222.05,111.02,194,17,1,3,1,Hibernating,1,-1.3296460355044213,0.3907110268442156
15898,1,5,1388.88,277.78,369,70,5,4,4,Champions,3,1.9193976177883039,-1.5762854675276154
15899,369,1,56.25,56.25,369,4,1,2,1,Hibernating,1,-2.5890935496210132,0.14382026721894312
15900,24,1,351.11,351.11,24,44,4,2,2,New Customers,0,-0.6947674242617695,-0.9001356749305903
15901,17,3,361.9,120.63,155,101,4,4,2,Loyal Customers,0,0.0732030266285115,-0.8305295959189629
15903,10,7,5126.76,732.39,295,46,5,5,5,Champions,3,2.149941537266371,0.09140227151077482
15904,8,1,164.68,164.68,8,30,5,2,1,New Customers,0,-0.6631623282641302,-1.8228342213203952
15906,20,7,1567.69,223.96,255,113,4,5,4,Champions,2,1.3390991643130092,0.06853416886236044
15907,4,3,966.6,322.2,210,174,5,4,4,Champions,0,1.0294743851339774,-1.283991867919873
15909,174,1,191.94,191.94,174,7,2,2,1,Hibernating,1,-1.72470992877522,0.11314892679159946
15910,1,8,1232.18,154.02,317,215,5,5,4,Champions,3,2.2298590661611177,-1.4639460771293815
15912,178,2,264.62,132.31,233,19,2,3,2,Hibernating,1,-1.2137933903756333,0.4002588999165073
15916,16,8,1528.09,191.01,366,124,4,5,4,Champions,3,1.51440544214379,-0.029372270135176095
15917,248,1,123.1,123.1,248,12,1,2,1,Hibernating,1,-2.069515983500271,0.1754362127431984
15918,191,2,334.23,167.12,271,33,1,3,2,Hibernating,1,-1.1298067675690469,0.5296910730748866
15919,20,2,639.89,319.94,369,103,4,3,3,Promising Customers,0,0.02431388506987854,-0.6358389697373673
15920,154,3,163.55,54.52,154,52,2,4,1,At Risk Valuable,1,-1.126020228362851,0.2448516271070513
15921,173,1,336.03000000000003,336.03,173,24,2,2,2,Hibernating,1,-1.4570352430363145,0.31324272645652407
15922,373,1,369.5,369.5,373,11,1,2,2,Hibernating,1,-1.7043903617022296,0.832681342452562
15923,373,1,127.08,127.08,373,21,1,2,1,Hibernating,1,-2.2099499516104957,0.44473018952278254
15925,194,1,207.15,207.15,194,12,1,2,1,Hibernating,1,-1.729948064588433,0.20943068949823504
15930,67,1,426.63,426.63,67,21,3,2,2,Developing Customers,1,-0.9846710045195228,-0.19513007804565485
15932,4,8,2495.87,311.98,289,93,5,5,5,Champions,3,2.2154601645758345,-0.6257009053040393
15933,21,3,1107.46,369.15,87,63,4,4,4,Champions,2,0.527969441417909,-0.29555730139566966
15935,239,1,108.04,108.04,239,11,1,2,1,Hibernating,1,-2.1170234195821713,0.10485818988207471
15937,64,1,145.35,145.35,64,7,3,2,1,Developing Customers,1,-1.4777755550147433,-0.6153449819491332
15938,112,5,404.58,80.92,324,13,2,4,2,At Risk Valuable,2,-0.20848997623045748,0.530107622579345
15939,90,14,6100.01,435.72,332,27,2,5,5,At Risk Valuable,3,1.994780475597507,1.735620585386747
15940,311,1,35.8,35.8,311,1,1,2,1,Hibernating,1,-2.7342765942336973,-0.12562222507483237
15942,134,1,337.44,337.44,134,14,2,2,2,Hibernating,1,-1.358066634226015,0.15396335398211228
15944,277,1,325.1,325.1,277,6,1,2,2,Hibernating,1,-1.651787673386184,0.5981013614225487
15945,365,1,181.0,181.0,365,2,1,2,1,Hibernating,1,-2.0344591067735247,0.5593550632041467
15947,83,1,1708.24,1708.24,83,29,2,2,4,At Risk Valuable,2,-0.40596352118115153,0.44481139958739424
15948,8,2,955.24,477.62,44,51,5,3,4,Promising Customers,0,0.5385607858542127,-1.0265675596566055
15949,17,2,364.72,182.36,71,12,4,3,2,Promising Customers,0,-0.18378426107832346,-0.9384068690804984
15950,32,4,1765.51,441.38,360,86,4,4,4,Champions,2,0.7970262886141524,0.2174401670643573
15951,9,2,708.22,354.11,286,36,5,3,3,Promising Customers,0,0.3560613813482806,-1.0689551998949736
15952,34,4,806.57,201.64,225,65,3,4,3,Loyal Customers,2,0.4019949208716228,-0.031156699074761564
15953,15,8,1659.38,207.42,369,63,4,5,4,Champions,3,1.5767792314103095,-0.03770045034400706
15955,24,14,4416.26,315.45,373,137,4,5,5,Champions,3,2.3348059104937917,0.7990279054151347
15957,32,1,428.89,428.89,32,40,4,2,2,New Customers,0,-0.705869645153889,-0.6513230009886949
15958,74,1,104.35,104.35,74,7,2,2,1,Hibernating,1,-1.688913995137473,-0.6447284780844804
15963,20,2,470.76,235.38,45,26,4,3,2,Promising Customers,0,-0.12151303286481208,-0.7477421401454786
15965,17,4,845.64,211.41,367,88,4,4,3,Loyal Customers,2,0.6786007825870094,-0.43525305998898295
15967,23,2,418.83,209.42,319,73,4,3,2,Promising Customers,0,-0.22804792211164251,-0.7057257951648015
15969,3,3,666.1,222.03,186,20,5,4,3,Loyal Customers,0,0.9377501801322344,-1.5612062523699468
15970,304,1,314.1,314.1,304,11,1,2,2,Hibernating,1,-1.7035411309991755,0.6443007369013322
15971,18,12,4194.9,349.58,311,9,4,5,5,Champions,3,2.285546438254033,0.5512904515070876
15973,367,1,307.82000000000005,307.82,367,4,1,2,2,Hibernating,1,-1.7848790713852731,0.7559263877806172
15974,39,7,3442.15,491.74,289,141,3,5,5,Loyal Customers,2,1.4670306144037009,0.7639485688683946
15975,84,1,371.01,371.01,84,24,2,2,2,Hibernating,1,-1.1362632731870599,-0.10462940325725206
15976,165,2,430.94,215.47,220,83,2,3,2,Hibernating,1,-0.9535609705130711,0.5300682424455748
15977,17,2,1054.73,527.36,39,48,4,3,4,Promising Customers,0,0.3207859880425723,-0.5512149063762875
15978,77,1,1098.78,1098.78,77,49,2,2,4,At Risk Valuable,1,-0.5875107193463956,0.23680813368371448
15980,89,3,2398.86,799.62,254,40,2,4,5,At Risk Valuable,2,0.357259572634562,0.8792077207106274
15981,25,8,3408.48,426.06,311,53,4,5,5,Champions,3,1.7337003119588343,0.5327250662513706
15983,22,4,1475.02,368.76,374,82,4,4,4,Champions,2,0.8494779724412908,-0.07692718808132873
15984,3,10,2837.67,283.77,368,217,5,5,5,Champions,3,2.5436275861400404,-0.6430125958212776
15985,123,2,1142.42,571.21,237,29,2,3,4,At Risk Valuable,2,-0.3787467747780598,0.700785700181998
15986,30,1,168.12,168.12,30,14,4,2,1,New Customers,0,-1.126006840026599,-1.031672655524063
15987,12,7,1451.28,207.33,369,110,5,5,4,Champions,3,1.4856676191875786,-0.2635018422723033
15988,19,1,158.03,158.03,19,26,4,2,1,New Customers,0,-0.9878076239211915,-1.331833870566648
15990,44,2,792.11,396.06,287,52,3,3,3,Developing Customers,2,-0.16550775981688676,-0.07508758045493799
15992,4,1,41.99,41.99,4,3,5,2,1,New Customers,0,-1.0806488958881257,-2.6880103626632676
15993,9,7,2788.87,398.41,44,334,5,5,5,Champions,3,1.8966621238814676,-0.19129809817500157
15994,55,1,427.07,427.07,55,31,3,2,2,Developing Customers,1,-0.9099853275927536,-0.31777848754017823
15996,88,6,1060.68,176.78,366,103,2,5,4,At Risk Valuable,2,0.4804331471448034,0.7896070025888605
15998,37,5,3089.97,617.99,362,370,3,4,5,Loyal Customers,2,1.1746041959934557,0.5813334866041971
16000,3,3,12393.7,4131.23,3,9,5,4,5,Champions,3,2.328533450159426,-0.49396119589618837
16003,30,5,2735.37,547.07,360,82,4,4,5,Champions,2,1.1944124677376078,0.4078213117312836
16005,12,4,615.39,153.85,271,173,5,4,3,Loyal Customers,0,0.651893732702062,-0.7573757876162769
16006,211,1,101.4,101.4,211,8,1,2,1,Hibernating,1,-2.0995204228344817,0.00330714905047955
16007,48,4,1701.94,425.48,215,221,3,4,4,Loyal Customers,2,0.6285149455586142,0.4545383748573673
16008,24,3,478.78,159.59,205,29,4,4,2,Loyal Customers,0,0.08055312657294397,-0.5204044619376555
16009,22,4,992.71,248.18,160,68,4,4,4,Champions,2,0.6611616674172257,-0.22143543025079943
16010,246,3,407.5,135.83,363,62,1,4,2,At Risk Valuable,1,-0.8713108675012492,0.872201358100131
16011,8,16,3362.71,210.17,366,99,5,5,5,Champions,3,2.7089526431626596,0.10032155516270966
16012,35,3,1415.29,471.76,155,87,3,4,4,Loyal Customers,2,0.4564129526653837,0.10600057463982498
16013,4,47,37130.6,790.01,371,30,5,5,5,Champions,3,5.017076310730639,1.0043949633194336
16014,38,3,662.38,220.79,291,123,3,4,3,Loyal Customers,2,0.06483700329705697,-0.12029273851375757
16015,4,3,705.1,235.03,49,145,5,4,3,Loyal Customers,0,0.8795188093169245,-1.3990632456323016
16016,3,8,1508.76,188.6,367,156,5,5,4,Champions,3,2.061286532152951,-0.9508370933385972
16017,47,1,211.88,211.88,47,26,3,2,1,Developing Customers,1,-1.1835599113540667,-0.6705910266227124
16018,39,2,408.9,204.45,180,26,3,3,2,Developing Customers,0,-0.4346513616529652,-0.3907913607574991
16019,47,9,3786.24,420.69,365,133,3,5,5,Loyal Customers,2,1.6448846217822293,1.0001317327666117
16020,17,3,851.01,283.67,65,42,4,4,3,Loyal Customers,0,0.47941756529064034,-0.5188128334312682
16022,260,1,628.28,628.28,260,68,1,2,3,Hibernating,1,-1.3147937131285012,0.79821336121789
16023,46,3,719.81,239.94,266,90,3,4,3,Loyal Customers,2,0.03305115347141031,0.02825914188747601
16024,12,1,245.96,245.96,12,60,5,2,1,New Customers,0,-0.6137009310981968,-1.4440411315683035
16025,30,1,439.66,439.66,30,28,4,2,2,New Customers,0,-0.6702004892600893,-0.681900634930667
16026,43,1,236.09,236.09,43,30,3,2,1,Developing Customers,1,-1.0990429683057086,-0.6863846588680239
16027,92,6,934.62,155.77,303,11,2,5,4,At Risk Valuable,2,0.4034726786038857,0.7712985435146767
16029,39,62,72882.09,1175.52,374,43,3,5,5,Loyal Customers,3,4.789804122369454,2.6729554644556264
16030,310,1,331.24,331.24,310,28,1,2,2,Hibernating,1,-1.6857755766901688,0.6759902230615527
16031,92,2,548.94,274.47,247,91,2,3,3,Hibernating,1,-0.6171952172241368,0.25115990069609506
16033,6,20,8816.4,440.82,370,538,5,5,5,Champions,3,3.455131387385981,0.3743647247581028
16034,196,3,437.7,145.9,333,18,1,4,2,At Risk Valuable,1,-0.7509279922738771,0.7549328336875195
16036,87,2,758.92,379.46,263,55,2,3,3,Hibernating,2,-0.4421506957713921,0.3342617306546272
16037,270,3,855.02,285.01,359,37,1,4,3,At Risk Valuable,1,-0.5546345275704833,1.2011595371892838
16038,8,3,471.78,157.26,202,24,5,4,2,Loyal Customers,0,0.463979072765399,-1.1731263187693015
16040,65,3,1313.55,437.85,269,57,3,4,4,Loyal Customers,2,0.1892989790335599,0.4628424547514859
16041,31,3,3166.4,1055.47,141,6,4,4,5,Champions,2,0.8845061922523153,0.32533527821659397
16042,22,5,1197.27,239.45,332,68,4,4,4,Champions,2,0.9154585748129707,-0.08290760264646574
16043,38,4,773.99,193.5,318,30,3,4,3,Loyal Customers,2,0.3410417073149104,0.022370996499877588
16045,120,4,1340.7,335.18,290,71,2,4,4,At Risk Valuable,2,0.16958832868118817,0.940246760582146
16048,373,2,256.44,128.22,373,8,1,3,2,Hibernating,1,-1.5102742154484279,0.8557408635811334
16049,40,3,1111.79,370.6,75,248,3,4,4,Loyal Customers,2,0.2919270186284463,0.10032309424601527
16050,174,1,137.9,137.9,174,10,2,2,1,Hibernating,1,-1.8811209429761087,-0.00687615927424148
16052,54,1,362.06,362.06,54,34,3,2,2,Developing Customers,1,-0.98149840532715,-0.38935651191374565
16053,33,2,1511.95,755.98,122,81,4,3,4,Promising Customers,2,0.2490072690311945,-0.01680844528957767
16054,145,1,783.9,783.9,145,70,2,2,3,Hibernating,1,-0.9876223120265272,0.5108356000428305
16055,221,1,134.8,134.8,221,8,1,2,1,Hibernating,1,-1.9827733294664178,0.13561641211374928
16056,45,1,664.85,664.85,45,66,3,2,3,Developing Customers,0,-0.624546312741019,-0.28106867274179465
16057,16,7,2263.12,323.3,285,109,4,5,5,Champions,3,1.594500148847294,0.0686623254308992
16059,66,6,1459.86,243.31,368,126,3,5,4,Loyal Customers,2,0.7408536491569974,0.7262631447144078
16062,10,4,1153.62,288.4,365,50,5,4,4,Champions,0,1.0144651531691198,-0.6339890540326414
16063,260,1,335.32,335.32,260,23,1,2,2,Hibernating,1,-1.6129863805442126,0.5693893186552271
16065,365,1,372.09,372.09,365,71,1,2,2,Hibernating,1,-1.6928117749728657,0.8215249021572529
16066,17,5,1521.87,304.37,124,77,4,4,4,Champions,2,1.1232266029583673,-0.15067257568762424
16070,22,2,852.15,426.08,32,32,4,3,3,Promising Customers,0,0.1257095595801945,-0.47371078323722693
16071,45,1,326.24,326.24,45,21,3,2,2,Developing Customers,1,-0.962651382208447,-0.5405202866160214
16072,288,1,584.3199999999999,584.32,288,23,1,2,3,Hibernating,1,-1.3882045130318124,0.8363353477009744
16073,297,1,122.4,122.4,297,1,1,2,1,Hibernating,1,-2.1408574405298717,0.28719677302285684
16076,3,10,2234.73,223.47,209,71,5,5,5,Champions,3,2.4299846245666634,-0.7302187706121582
16078,284,1,79.2,79.2,284,1,1,2,1,Hibernating,1,-2.3289050387866452,0.10155174776035356
16079,17,3,1352.0,450.67,40,18,4,4,4,Champions,2,0.6995383018298947,-0.34989883154347656
16080,82,2,217.16,108.58,274,10,2,3,1,Hibernating,1,-1.0137820834302418,-0.15861007259614998
16081,56,5,2806.9,561.38,367,175,3,4,5,Loyal Customers,2,0.9739421295687495,0.8031702629709335
16083,101,2,1317.62,658.81,361,31,2,3,4,At Risk Valuable,2,-0.23625684561364993,0.6290997716960606
16084,299,1,436.18,436.18,299,38,1,2,2,Hibernating,1,-1.5413703797900415,0.7534249393955057
16085,23,5,981.51,196.3,321,123,4,4,4,Champions,2,0.8047060480978536,-0.12844795494395853
16086,59,5,1121.39,224.28,367,24,3,4,4,Loyal Customers,2,0.5179001374892012,0.5007603094103087
16091,155,2,315.06,157.53,199,16,2,3,2,Hibernating,1,-1.078484501852086,0.3766167973459363
16092,115,3,817.86,272.62,254,37,2,4,3,At Risk Valuable,2,-0.2514947810173592,0.6472929166600535
16093,107,1,17.0,17.0,107,1,2,2,1,Hibernating,1,-2.6692356785515616,-1.0590161525098176
16094,12,4,1078.23,269.56,219,48,5,4,4,Champions,2,0.9184876884067543,-0.5527996416103975
16096,264,1,320.62,320.62,264,12,1,2,2,Hibernating,1,-1.6400702136880427,0.5627033575978501
16097,240,1,185.05,185.05,240,10,1,2,1,Hibernating,1,-1.8643088341373377,0.3026377161475248
16098,88,7,2005.63,286.52,374,34,2,5,4,At Risk Valuable,2,0.9044227379382912,1.0735015059966442
16099,50,3,731.9,243.97,226,29,3,4,3,Loyal Customers,2,0.009755012691232207,0.08608837930112877
16101,71,1,1290.7,1290.7,71,76,3,2,4,Developing Customers,2,-0.4803655701710522,0.24483784534250636
16102,42,3,1842.14,614.05,129,41,3,4,4,Loyal Customers,2,0.5138935617101487,0.31479914910024576
16103,7,6,1429.64,238.27,234,30,5,5,4,Champions,3,1.5430635999386997,-0.6280046250093066
16104,62,1,302.36,302.36,62,28,3,2,2,Developing Customers,1,-1.1188990778749712,-0.36892147391551355
16105,249,1,336.96,336.96,249,13,1,2,2,Hibernating,1,-1.594216043773696,0.5438819920309064
16106,66,1,108.38,108.38,66,6,3,2,1,Developing Customers,1,-1.6279421513393821,-0.7024887721596437
16107,18,7,3204.1600000000003,457.74,183,16,4,5,5,Champions,3,1.7174263457948558,0.266085343262441
16108,85,1,842.5,842.5,85,48,2,2,3,Hibernating,1,-0.7510967379840545,0.2017766197342417
16109,219,2,611.88,305.94,309,18,1,3,3,Hibernating,1,-0.8946602283493634,0.8363140425339314
16110,45,3,1337.48,445.83,311,283,3,4,4,Loyal Customers,2,0.3358456282795507,0.24068073282453753
16112,143,4,195.74,48.93,339,15,2,4,1,At Risk Valuable,1,-0.8106587615052782,0.34933352447780674
16113,183,1,161.38,161.38,183,30,1,2,1,Hibernating,1,-1.8259483680047321,0.08194459786018357
16114,171,1,135.75000000000003,135.75,171,8,2,2,1,Hibernating,1,-1.8819378642747315,-0.023530237566729142
16115,10,8,1667.97,208.5,293,169,5,5,4,Champions,3,1.7224233543465306,-0.27323460169670744
16116,212,1,612.78,612.78,212,34,1,2,3,Hibernating,1,-1.249000802489656,0.6603320169474818
16117,190,1,232.21,232.21,190,30,1,2,1,Hibernating,1,-1.6679207894719918,0.23781784470385917
16119,8,2,423.36,211.68,73,14,5,3,2,Promising Customers,0,0.15188146402871414,-1.3232935870345597
16120,59,4,1309.14,327.29,59,26,3,4,4,Loyal Customers,2,0.42631464718916745,0.4870923066756275
16121,57,2,867.11,433.56,216,170,3,3,3,Developing Customers,2,-0.2194835972630397,0.11871788522916604
16122,73,4,684.4200000000001,171.1,367,26,2,4,3,At Risk Valuable,2,0.03781890459855381,0.3833588424554509
16123,52,1,307.78,307.78,52,16,3,2,2,Developing Customers,1,-1.0444190340547916,-0.47197283228122733
16124,317,1,249.0,249.0,317,11,1,2,2,Hibernating,1,-1.8296418721199303,0.586222576803471
16125,367,1,289.35,289.35,367,13,1,2,2,Hibernating,1,-1.8142319817641688,0.7334018513052961
16126,29,4,6287.77,1571.94,297,57,4,4,5,Champions,2,1.4377984265944133,0.6208079425673786
16127,39,1,656.25,656.25,39,40,3,2,3,Developing Customers,0,-0.5773240639227861,-0.37437473742625477
16128,18,5,1880.22,376.04,283,76,4,4,4,Champions,2,1.2031457639375567,-0.03923102926398877
16131,52,6,3506.54,584.42,240,55,3,5,5,Loyal Customers,2,1.247314099607064,0.8976435226470568
16133,4,33,14589.04,442.09,318,219,5,5,5,Champions,3,4.260008662400717,0.5305191619727142
16134,22,2,618.09,309.04,359,34,4,3,3,Promising Customers,0,-0.026922228643611677,-0.5908358054841669
16135,263,1,517.55,517.55,263,21,1,2,3,Hibernating,1,-1.4112775951575929,0.7347676113369862
16136,60,3,709.38,236.46,278,35,3,4,3,Loyal Customers,2,-0.07352200982458133,0.18814090007419426
16139,19,3,635.41,211.8,207,25,4,4,3,Loyal Customers,0,0.300291688102929,-0.5586117307426525
16140,66,2,725.18,362.59,371,32,3,3,3,Developing Customers,2,-0.3595760960944282,0.14491766879186796
16141,88,1,620.4,620.4,88,30,2,2,3,Hibernating,1,-0.9096451564616806,0.11189331916989642
16142,250,1,535.34,535.34,250,37,1,2,3,Hibernating,1,-1.3759257550327513,0.7150915008983543
16143,3,6,2424.94,404.16,369,75,5,5,5,Champions,3,2.059298924934838,-0.8743276882342457
16144,247,1,175.2,175.2,247,1,1,2,1,Hibernating,1,-1.9011403795531379,0.3009126462822379
16145,9,11,3799.49,345.41,360,134,5,5,5,Champions,3,2.411192626986752,0.07763771852209342
16146,157,3,734.13,244.71,232,26,2,4,3,At Risk Valuable,2,-0.4209195125555602,0.8036928830869541
16147,134,1,375.0,375.0,134,22,2,2,2,Hibernating,1,-1.3079759308291021,0.19240144619083102
16148,296,1,76.32000000000001,76.32,296,1,1,2,1,Hibernating,1,-2.362072042811911,0.11432779501905474
16149,5,2,280.52,140.26,142,18,5,3,2,Promising Customers,0,0.11150673136908082,-1.7300947196708318
16150,43,5,2053.02,410.6,372,91,3,4,5,Loyal Customers,2,0.9240635009287762,0.5249604199262016
16152,269,1,1829.04,1829.04,269,29,1,2,4,At Risk Valuable,1,-0.8196581782564122,1.2095881868166862
16153,50,5,1824.23,364.85,355,78,3,4,4,Loyal Customers,2,0.8114378108026152,0.5753761903778813
16156,9,9,3122.04,346.89,311,108,5,5,5,Champions,3,2.152548146040273,-0.06422630565554702
16157,16,3,656.69,218.9,73,12,4,4,3,Loyal Customers,0,0.37805238127603685,-0.6495765842565033
16159,282,1,348.2,348.2,282,14,1,2,2,Hibernating,1,-1.6260249744071926,0.6343932972064622
16160,65,2,1025.44,512.72,86,20,3,3,4,Developing Customers,2,-0.18912303021036425,0.26177984564455037
16161,2,19,5575.56,293.45,369,286,5,5,5,Champions,3,3.5166532203978424,-0.3486217641664827
16162,252,1,37.4,37.4,252,2,1,2,1,Hibernating,1,-2.633916776437586,-0.24289654232212535
16163,232,2,856.6,428.3,365,5,1,3,3,Hibernating,1,-0.7566933994303309,0.9953988215333329
16164,17,3,822.48,274.16,43,27,4,4,3,Loyal Customers,0,0.4632069825770957,-0.5312523447745785
16168,11,27,3787.6,140.28,370,57,5,5,5,Champions,3,3.107772363805895,0.5180716826544719
16169,8,4,1822.97,455.74,76,71,5,4,4,Champions,2,1.3087789836479742,-0.5941398031047428
16170,51,6,1885.05,314.18,248,106,3,5,4,Loyal Customers,2,0.9592958790146201,0.6589715918918794
16171,59,1,73.2,73.2,59,3,3,2,1,Developing Customers,1,-1.7704742431922769,-0.9141433490951807
16172,95,5,1140.21,228.04,242,52,2,4,4,At Risk Valuable,2,0.34620405761065476,0.8046443773447971
16173,16,6,1418.32,236.39,98,70,4,5,4,Champions,2,1.2512307092292947,-0.15328997306513747
16174,126,3,1009.55,336.52,152,19,2,4,4,At Risk Valuable,2,-0.18600506026348032,0.7815204866027605
16175,94,4,1037.59,259.4,240,45,2,4,4,At Risk Valuable,2,0.14015532133871747,0.6934350667932487
16177,50,1,331.95,331.95,50,15,3,2,2,Developing Customers,1,-0.9938496492128349,-0.46882116252337924
16178,138,1,197.9,197.9,138,8,2,2,1,Hibernating,1,-1.6222168231783063,-0.021673314337975726
16179,61,1,215.83,215.83,61,11,3,2,1,Developing Customers,1,-1.2726137160986914,-0.5017078895638455
16180,100,8,10254.18,1281.77,253,90,2,5,5,At Risk Valuable,2,1.7392508700153921,1.7947870775412222
16181,73,1,305.54,305.54,73,11,2,2,2,Hibernating,1,-1.1754349056903475,-0.263141712082247
16182,72,4,6617.65,1654.41,295,17,3,4,5,Loyal Customers,2,1.1223029769730657,1.2029483001734302
16183,67,1,338.71000000000004,338.71,67,15,3,2,2,Developing Customers,1,-1.0942198825316543,-0.2791945768215196
16184,64,6,1158.79,193.13,211,26,3,5,4,Loyal Customers,2,0.6425906321273164,0.6227695563713921
16185,17,2,529.41,264.7,233,31,4,3,3,Promising Customers,0,-0.006832289778198518,-0.8026192732175912
16186,23,12,4006.94,333.91,372,87,4,5,5,Champions,3,2.1744578636018552,0.6825781087579171
16187,32,15,6911.4400000000005,460.76,284,160,4,5,5,Champions,3,2.500323187305932,1.1633334477659245
16188,45,4,981.86,245.46,243,65,3,4,4,Loyal Customers,2,0.39105192578944226,0.2137569685367258
16189,16,2,215.48,107.74,85,9,4,3,1,Promising Customers,0,-0.41151825139477116,-1.1661422234076195
16190,40,1,215.08,215.08,40,6,3,2,1,Developing Customers,1,-1.1162211277582477,-0.7650208935826573
16191,3,13,5180.52,398.5,361,65,5,5,5,Champions,3,3.0485594338468704,-0.33042541598219477
16193,237,1,314.45,314.45,237,19,1,2,2,Hibernating,1,-1.6082245041082228,0.4875387136271888
16198,75,1,400.68,400.68,75,14,2,2,2,Hibernating,1,-1.0569716549037909,-0.14751824373645914
16200,4,2,1080.62,540.31,164,149,5,3,4,Promising Customers,0,0.8218226487537833,-1.3540105297531781
16201,3,4,1863.47,465.87,110,74,5,4,4,Champions,3,1.629126461904456,-1.0999523937218096
16202,361,1,365.27,365.27,361,18,1,2,2,Hibernating,1,-1.697393179536569,0.8078236389413196
16203,59,4,592.9,148.22,372,27,3,4,3,Loyal Customers,2,0.04974865076055996,0.1981269396154607
16204,23,1,405.71,405.71,23,45,4,2,2,New Customers,0,-0.6105551396602223,-0.8733509318397954
16205,31,4,754.78,188.7,180,72,4,4,3,Loyal Customers,2,0.40469389248201376,-0.11214559110286454
16206,55,4,537.0600000000001,134.27,328,52,3,4,3,Loyal Customers,2,0.02911778974150126,0.11834710916603713
16207,25,1,394.38,394.38,25,19,4,2,2,New Customers,0,-0.6545904645934133,-0.8329520713487023
16208,45,2,664.26,332.13,289,61,3,3,3,Developing Customers,0,-0.2575723659165453,-0.1253632986555804
16209,89,5,2262.62,452.52,247,37,2,4,5,At Risk Valuable,2,0.696838153248646,1.0138907185658166
16210,2,17,21076.3,1239.78,374,73,5,5,5,Champions,3,4.054027682813614,0.09645823158261865
16211,89,1,547.02,547.02,89,23,2,2,3,Hibernating,1,-0.9737251525527181,0.0730766106828691
16212,19,2,690.34,345.17,283,40,4,3,3,Promising Customers,0,0.07902395559996173,-0.6390788965694744
16213,79,1,159.0,159.0,79,6,2,2,1,Hibernating,1,-1.5146820646162864,-0.4512084905744552
16214,171,3,1062.75,354.25,269,36,2,4,4,At Risk Valuable,2,-0.2774939396562261,0.9924451990573222
16215,81,1,242.35,242.35,81,14,2,2,1,Hibernating,1,-1.3245371564747408,-0.2824098667119487
16216,267,1,914.93,914.93,267,37,1,2,3,Hibernating,1,-1.1462513054779253,0.952079133174743
16217,235,2,304.25,152.12,282,13,1,3,2,Hibernating,1,-1.2532479731971369,0.6262157879830538
16218,30,7,3084.68,440.67,374,56,4,5,5,Champions,2,1.5122652484242785,0.5624049250483902
16221,37,3,864.86,288.29,367,90,3,4,3,Loyal Customers,2,0.20154634177327888,-0.039462364133866036
16222,318,1,846.72,846.72,318,120,1,2,3,Hibernating,1,-1.249656961116701,1.0341956258662914
16224,57,4,1295.3,323.82,250,90,3,4,4,Loyal Customers,2,0.4342154075617073,0.4617323339274899
16225,45,5,1096.32,219.26,278,109,3,4,4,Loyal Customers,2,0.608686291624461,0.324151069570072
16226,203,3,255.12,85.04,235,6,1,4,2,At Risk Valuable,1,-1.0204162082605632,0.580499018115408
16227,225,1,314.22,314.22,225,6,1,2,2,Hibernating,1,-1.5888010078228316,0.4544907921202427
16229,87,2,1010.6,505.3,213,46,2,3,4,At Risk Valuable,2,-0.30599144341484175,0.43874622662347096
16230,190,2,542.03,271.02,220,32,1,3,3,Hibernating,1,-0.8982349775079727,0.7025521354559346
16232,44,4,990.88,247.72,215,24,3,4,4,Loyal Customers,2,0.4037991748015818,0.20316694362085558
16233,71,3,536.6800000000001,178.89,366,22,3,4,3,Loyal Customers,2,-0.26945014785839194,0.19146161719414753
16235,41,4,857.31,214.33,332,41,3,4,3,Loyal Customers,2,0.3613238816581305,0.10662435602683441
16236,78,1,432.2,432.2,78,20,2,2,2,Hibernating,1,-1.0358108025200503,-0.09539621543960597
16239,57,2,414.2,207.1,190,18,3,3,2,Developing Customers,1,-0.5705287319938982,-0.15066354372154925
16240,24,2,3718.8,1859.4,77,126,4,3,5,Promising Customers,2,0.7946857156566508,0.11692631426701092
16241,10,13,2607.87,200.61,370,347,5,5,5,Champions,3,2.3353868054352973,0.05994331367897491
16242,8,7,3603.21,514.74,277,184,5,5,5,Champions,3,2.0588212928436516,-0.16451894007717097
16243,34,2,409.1,204.55,55,49,3,3,2,Developing Customers,0,-0.38339052125427686,-0.4752233406223342
16244,212,2,1522.75,761.38,373,88,1,3,4,At Risk Valuable,2,-0.44882149934497345,1.148466091417514
16245,24,3,1413.66,471.22,257,80,4,4,4,Champions,2,0.5952122589803474,-0.12547059505260458
16247,170,1,114.56,114.56,170,16,2,2,1,Hibernating,1,-1.9598437029021252,-0.08871740594220315
16248,62,1,152.94,152.94,62,7,3,2,1,Developing Customers,1,-1.4417672422681969,-0.616680747245491
16249,53,5,1800.07,360.01,239,67,3,4,4,Loyal Customers,2,0.7832527273278117,0.6067269805193004
16250,261,2,389.44,194.72,374,22,1,3,2,Hibernating,1,-1.1760339158242143,0.782338583462254
16253,67,2,3683.86,1841.93,255,114,3,3,5,Developing Customers,2,0.40780513000699925,0.7475146875437643
16255,17,8,2619.91,327.49,365,146,4,5,5,Champions,3,1.749030774039009,0.2036512914855745
16256,267,1,752.4300000000001,752.43,267,13,1,2,3,Hibernating,1,-1.2392073160649606,0.880747499478433
16257,177,1,46.95,46.95,177,2,2,2,1,Hibernating,1,-2.3938410563673824,-0.38456731417172707
16258,45,5,5203.51,1040.7,219,111,3,4,5,Loyal Customers,2,1.3495852955914218,0.8926945776571452
16260,51,1,1035.45,1035.45,51,18,3,2,4,Developing Customers,0,-0.4607916545030013,-0.04177026777960726
16261,17,4,746.83,186.71,246,98,4,4,3,Loyal Customers,0,0.6195347045125271,-0.4805785835186496
16265,9,9,5447.0,605.22,365,164,5,5,5,Champions,3,2.417389850867995,0.1390052159746656
16266,74,7,861.89,123.13,206,44,2,5,3,At Risk Valuable,2,0.5681556175225917,0.6568258412645699
16268,71,2,667.65,333.82,71,45,3,3,3,Developing Customers,2,-0.42636462814786763,0.16037719257006905
16270,353,1,1141.24,1141.24,353,54,1,2,4,At Risk Valuable,1,-1.1475125092592875,1.2090721147618675
16271,16,4,1414.24,353.56,358,88,4,4,4,Champions,2,0.9449797878382035,-0.2838210320044836
16272,117,1,411.7,411.7,117,25,2,2,2,Hibernating,1,-1.2122160341672878,0.14113534941596642
16274,373,1,337.75,337.75,373,63,1,2,2,Hibernating,1,-1.747031761760121,0.7999596205324999
16275,197,1,559.87,559.87,197,33,1,2,3,Hibernating,1,-1.2640006325051563,0.5811358323570085
16276,177,1,810.6000000000001,810.6,177,6,2,2,3,Hibernating,1,-1.0474337610466689,0.648624960209846
16278,100,1,566.38,566.38,100,23,2,2,3,Hibernating,1,-1.001266891380165,0.15882159492580428
16279,21,3,1509.58,503.19,177,102,4,4,4,Champions,2,0.6752882739686733,-0.18250928079198878
16281,72,1,2062.06,2062.06,72,17,3,2,5,Developing Customers,2,-0.2627792766339254,0.42459179032989414
16282,340,1,168.3,168.3,340,11,1,2,1,Hibernating,1,-2.041849839025377,0.4881058611379854
16283,6,5,1569.11,313.82,208,116,5,4,4,Champions,3,1.4986900583265519,-0.7379588307456458
16284,31,2,823.97,411.98,50,87,4,3,3,Promising Customers,0,-0.016478001584254616,-0.2767257612178253
16287,170,1,142.5,142.5,170,8,2,2,1,Hibernating,1,-1.8567777553790503,-0.00962771213057503
16292,122,1,302.25,302.25,122,17,2,2,2,Hibernating,1,-1.374747230858995,0.05487922217696898
16293,22,10,2248.99,224.9,367,102,4,5,5,Champions,3,1.764558665003675,0.38045735304052086
16295,10,4,1328.55,332.14,65,70,5,4,4,Champions,2,1.0816078975095602,-0.5824657408610533
16297,269,1,301.9,301.9,269,20,1,2,2,Hibernating,1,-1.6757554894218303,0.5526449787035299
16298,23,3,598.2,199.4,187,22,4,4,3,Loyal Customers,0,0.20194279944614593,-0.46509091446689904
16302,127,1,233.22,233.22,127,11,2,2,1,Hibernating,1,-1.512912080172759,-0.014211806459249712
16303,26,3,5360.63,1786.88,333,119,4,4,5,Champions,2,1.199955366470685,0.40992488567274293
16305,139,1,361.22,361.22,139,22,2,2,2,Hibernating,1,-1.3396446765399934,0.20180836479914846
16306,214,6,632.27,105.38,367,36,1,5,3,At Risk Valuable,2,-0.10255307837842621,1.1597534779250291
16308,38,4,2560.0,640.0,261,1,3,4,5,Loyal Customers,2,0.9099532100802743,0.45893649306752093
16309,106,2,706.57,353.28,241,39,2,3,3,Hibernating,1,-0.5508295659142914,0.43206311188498203
16311,18,2,616.26,308.13,49,35,4,3,3,Promising Customers,0,0.04468003624760943,-0.712976273575058
16313,3,2,274.15000000000003,137.08,50,16,5,3,2,Promising Customers,0,0.2555608993456477,-1.9953706868001697
16315,331,1,226.37,226.37,331,14,1,2,1,Hibernating,1,-1.8912659274384283,0.5788675895172041
16316,64,8,2938.91,367.36,358,120,3,5,5,Loyal Customers,2,1.3130147085766704,1.0591980997799448
16317,120,3,1341.65,447.22,297,64,2,4,4,At Risk Valuable,2,-0.03226732518337646,0.8546362400697648
16318,35,1,328.15,328.15,35,19,3,2,2,Developing Customers,0,-0.8662085528142535,-0.6937128532935753
16319,218,1,404.4,404.4,218,3,1,2,2,Hibernating,1,-1.4570252664445198,0.5264487394387284
16320,172,2,1038.46,519.23,213,56,2,3,4,At Risk Valuable,1,-0.5513749427791985,0.8769774499469094
16321,72,5,373.65,74.73,324,7,3,4,2,Loyal Customers,2,-0.07927458127464126,0.22428205463222567
16322,1,2,326.75,163.38,36,28,5,3,2,Promising Customers,0,0.6037064647510361,-2.3706807524094424
16323,196,1,207.50000000000003,207.5,196,1,1,2,1,Hibernating,1,-1.7330479230042337,0.21651002536704758
16324,128,3,428.68,142.89,177,100,2,4,2,At Risk Valuable,1,-0.5990181367049119,0.47906957576837084
16325,47,3,594.24,198.08,246,14,3,4,3,Loyal Customers,2,-0.0660974963277293,-0.028310485463004787
16326,6,14,3110.96,222.21,335,158,5,5,5,Champions,3,2.6545547883553313,-0.13549692228829216
16327,14,6,3813.62,635.6,370,141,5,5,5,Champions,3,1.7696215456263715,0.12849588059254588
16330,18,3,251.91,83.97,112,39,4,4,2,Loyal Customers,0,-0.11932325916072531,-0.9281544529304956
16332,28,7,1593.2,227.6,305,125,4,5,4,Champions,2,1.2234298944796824,0.2789462898082269
16333,8,22,26626.8,1210.31,310,9,5,5,5,Champions,3,3.9675628042657585,0.9722809409480905
16337,37,1,151.05,151.05,37,10,3,2,1,Developing Customers,1,-1.2544529234247868,-0.9415258546332725
16338,157,1,214.8,214.8,157,11,2,2,1,Hibernating,1,-1.6323638201982054,0.08929347736048973
16339,284,1,109.95,109.95,284,17,1,2,1,Hibernating,1,-2.1744306298973517,0.22009074142798765
16340,107,1,549.07,549.07,107,124,2,2,3,Hibernating,1,-1.041621745665656,0.18996559838968333
16341,25,4,1971.87,492.97,201,60,4,4,4,Champions,2,0.9407196954892345,0.1067269815209557
16342,75,4,322.41,80.6,180,10,2,4,2,At Risk Valuable,2,-0.3298679736569724,0.12592539164941516
16343,16,2,370.48,185.24,16,29,4,3,2,Promising Customers,0,-0.15450355573534313,-0.9689169121064062
16344,158,1,101.1,101.1,158,1,2,2,1,Hibernating,1,-1.990979932116473,-0.18004982800183614
16345,44,1,575.41,575.41,44,35,3,2,3,Developing Customers,0,-0.6848014900267374,-0.3476785537028526
16347,11,2,887.65,443.82,36,61,5,3,3,Promising Customers,0,0.3937336749637453,-0.8710558384610418
16348,32,7,1467.11,209.59,240,156,4,5,4,Champions,2,1.1348350244772563,0.3307254422737785
16349,291,1,53.5,53.5,291,9,1,2,1,Hibernating,1,-2.5220503239706975,-0.02417163822613302
16350,21,4,1116.47,279.12,334,40,4,4,4,Champions,2,0.7340150985012502,-0.2067314990214634
16351,333,1,153.9,153.9,333,8,1,2,1,Hibernating,1,-2.0762324661119007,0.4424967394174071
16352,18,2,494.44,247.22,38,28,4,3,3,Promising Customers,0,-0.05995604828234729,-0.7932708430813358
16353,4,23,6675.71,290.25,370,51,5,5,5,Champions,3,3.572343307676317,0.11097686195935183
16354,63,2,395.8,197.9,73,38,3,3,2,Developing Customers,1,-0.6297214527310192,-0.10484380273094876
16356,198,3,211.77,70.59,278,20,1,4,1,At Risk Valuable,1,-1.0991917144394054,0.49704831251428194
16357,33,3,658.88,219.63,214,31,4,4,3,Loyal Customers,2,0.11475025093796778,-0.20916023026911382
16358,1,4,2027.5,506.88,184,82,5,4,4,Champions,3,1.9341433086920643,-1.5083581347888222
16359,7,9,1750.92,194.55,332,39,5,5,4,Champions,3,1.9626743427156184,-0.4167577260971199
16360,5,6,3512.53,585.42,88,365,5,5,5,Champions,3,2.080646603188508,-0.48212734221343523
16361,10,4,896.66,224.16,71,87,5,4,3,Loyal Customers,0,0.8946503042720514,-0.7259313486613701
16362,32,5,734.77,146.95,91,58,4,4,3,Loyal Customers,2,0.5453667078625783,-0.03228772597676431
16363,53,1,109.36,109.36,53,5,3,2,1,Developing Customers,1,-1.5412643137485051,-0.8359114634595918
16364,12,2,707.04,353.52,137,48,5,3,3,Promising Customers,0,0.2550070202271967,-0.903320243197164
16365,18,9,1540.42,171.16,367,45,4,5,4,Champions,3,1.571191583792842,0.08458179679856528
16366,19,1,327.3,327.3,19,18,4,2,2,New Customers,0,-0.6428181437858403,-1.067099367970347
16367,37,2,804.49,402.24,363,123,3,3,3,Developing Customers,0,-0.09352367427375885,-0.17656317228753568
16368,2,2,497.43,248.72,28,58,5,3,3,Promising Customers,0,0.6482854953863805,-1.9606533685468153
16369,18,3,1551.58,517.19,197,90,4,4,4,Champions,2,0.7443651977129812,-0.265386028980522
16370,82,4,1320.56,330.14,225,143,2,4,4,At Risk Valuable,2,0.3064400982527359,0.6958741218614994
16372,33,2,367.93,183.96,34,86,4,3,2,Promising Customers,0,-0.42266634167379125,-0.5322304783535509
16374,66,2,465.08,232.54,262,100,3,3,2,Developing Customers,1,-0.5706342801977243,-0.017042004197416135
16376,9,2,987.01,493.5,17,104,5,3,4,Promising Customers,0,0.5138536360455225,-0.9478701916088246
16377,267,1,676.2,676.2,267,5,1,2,3,Hibernating,1,-1.2899772772468916,0.8417881653704513
16378,247,3,362.95,120.98,311,22,1,4,2,At Risk Valuable,1,-0.9278161067560194,0.8325859324809063
16379,4,4,2157.4,539.35,79,87,5,4,5,Champions,3,1.6135281108579445,-0.9050940958447272
16380,61,1,1780.59,1780.59,61,28,3,2,4,Developing Customers,2,-0.2701802010936608,0.2675292995718963
16383,75,2,668.36,334.18,268,80,2,3,3,Hibernating,1,-0.4465211516786265,0.19502368266233142
16384,90,2,584.5,292.25,264,33,2,3,3,Hibernating,1,-0.5790653691459501,0.26026916632613395
16385,60,3,555.89,185.3,366,52,3,4,3,Loyal Customers,2,-0.18938505262036415,0.09923110203687019
16386,29,2,317.2,158.6,254,76,4,3,2,Promising Customers,0,-0.44524221722974877,-0.6655661331947812
16387,323,1,94.36,94.36,323,4,1,2,1,Hibernating,1,-2.2955121388523696,0.2460532346074826
16389,53,4,1382.07,345.52,283,33,3,4,4,Loyal Customers,2,0.4923612117363178,0.4401175563555376
16392,270,1,221.19,221.19,270,41,1,2,1,Hibernating,1,-1.8246526186709102,0.4418123799464673
16393,2,13,3046.21,234.32,369,120,5,5,5,Champions,3,2.9058246946781128,-0.7066034117297636
16394,57,5,1555.34,311.07,290,61,3,4,4,Loyal Customers,2,0.6864343595062007,0.5986656013075856
16395,61,5,1486.9,297.38,331,150,3,4,4,Loyal Customers,2,0.6395441288085068,0.6244985674280444
16398,154,2,1705.8,852.9,254,75,2,3,4,At Risk Valuable,2,-0.273354219471365,0.9884887636430194
16399,19,2,406.77,203.38,235,67,4,3,2,Promising Customers,0,-0.17224670944486747,-0.8318964123429597
16400,95,1,303.93,303.93,95,28,2,2,2,Hibernating,1,-1.2774077886882316,-0.10014059923628504
16401,1,12,4098.32,341.53,328,66,5,5,5,Champions,3,3.134788148430785,-0.8837115895327009
16402,265,2,299.6,149.8,369,55,1,3,2,Hibernating,1,-1.3062836709556358,0.6964328100943673
16403,312,1,177.5,177.5,312,10,1,2,1,Hibernating,1,-1.9839218960884475,0.4531433256640397
16404,70,1,443.05,443.05,70,23,3,2,2,Developing Customers,1,-0.9832356721782295,-0.1540130880705186
16405,302,2,167.25,83.62,310,3,1,3,1,Hibernating,1,-1.6322644588828172,0.566999019830852
16406,19,1,163.07,163.07,19,54,4,2,1,New Customers,0,-0.9729576557595899,-1.3204384537171543
16407,13,10,2126.93,212.69,312,99,5,5,5,Champions,3,1.9277237395724847,0.0455263084323683
16409,36,5,2028.88,405.78,317,145,3,4,4,Loyal Customers,2,0.9846519967890525,0.41085155940596485
16411,19,2,214.65,107.32,369,41,4,3,1,Promising Customers,0,-0.4754527850333057,-1.064567592848491
16412,54,1,151.83,151.83,54,25,3,2,1,Developing Customers,1,-1.3933154055758765,-0.7053724341348354
16413,57,1,262.2,262.2,57,30,3,2,2,Developing Customers,1,-1.1548872621037145,-0.4731832783661514
16414,22,2,126.25,63.12,280,5,4,3,1,Promising Customers,0,-0.7799306400736767,-1.1686717069515344
16415,44,1,210.35,210.35,44,45,3,2,1,Developing Customers,1,-1.162329804415344,-0.7141193528127837
16416,27,3,1051.4,350.47,56,59,4,4,4,Champions,2,0.4111086550636658,-0.16170368713972003
16418,45,3,675.27,225.09,226,76,3,4,3,Loyal Customers,2,0.0109117137805963,-0.008663734716329516
16419,113,6,972.23,162.04,312,36,2,5,4,At Risk Valuable,2,0.3444257892980709,0.9147001889341191
16422,17,51,34684.4,680.09,369,68,4,5,5,Champions,3,4.567662159134473,1.8219504003073477
16423,25,1,346.12,346.12,25,18,4,2,2,New Customers,0,-0.7165488747832379,-0.8804970831468172
16424,191,1,133.56,133.56,191,5,1,2,1,Hibernating,1,-1.931658362796892,0.040273732191460666
16425,302,1,302.7,302.7,302,21,1,2,2,Hibernating,1,-1.7185658159273116,0.6266733101293794
16426,2,10,1908.25,190.82,276,211,5,5,4,Champions,3,2.4647884488754848,-0.9701590373847487
16427,263,2,241.06,120.53,284,8,1,3,1,Hibernating,1,-1.4064891233953225,0.6125427959270476
16429,106,1,284.55,284.55,106,2,2,2,2,Hibernating,1,-1.3501170687641098,-0.055386621986074656
16430,57,1,300.85,300.85,57,6,3,2,2,Developing Customers,1,-1.0896736849972897,-0.42314034983679016
16431,213,3,642.81,214.27,297,51,1,4,3,At Risk Valuable,1,-0.5999883021545248,0.9474796296814209
16432,64,1,287.4,287.4,64,8,3,2,2,Developing Customers,1,-1.1549121076718019,-0.3675893283410099
16433,28,1,184.26,184.26,28,17,4,2,1,New Customers,0,-1.0571367082764542,-1.0406389097379627
16434,29,7,1522.25,217.46,300,88,4,5,4,Champions,2,1.1888062176072387,0.28379990391392423
16438,6,5,798.35,159.67,82,74,5,4,3,Loyal Customers,0,1.1773712450107765,-0.9845291788751364
16440,8,5,3640.67,728.13,215,186,5,4,5,Champions,3,1.8030710440105955,-0.2714469469862577
16441,67,2,381.2,190.6,291,22,3,3,2,Developing Customers,1,-0.6707317893520265,-0.08012195449597806
16442,2,3,616.79,205.6,361,161,5,4,3,Loyal Customers,0,1.0111378154371418,-1.7715384684613658
16444,46,4,654.67,163.67,265,68,3,4,3,Loyal Customers,2,0.1901621166526107,0.07953393880840613
16445,34,1,230.51,230.51,34,62,3,2,1,Developing Customers,0,-1.0229274908990094,-0.8400853424531273
16446,1,2,168472.5,84236.25,206,3,5,3,5,Promising Customers,3,3.5747577434099354,-0.09078577666907753
16447,136,1,259.01,259.01,136,34,2,2,2,Hibernating,1,-1.4891612494260316,0.0669961879709721
16448,198,1,188.89,188.89,198,19,1,2,1,Hibernating,1,-1.7814070914468536,0.18876319658098192
16449,198,2,707.69,353.84,281,40,1,3,3,Hibernating,1,-0.787190029915441,0.82579598364729
16450,150,1,311.92,311.92,150,11,2,2,2,Hibernating,1,-1.4381836590601733,0.19629957302794596
16451,88,1,266.97,266.97,88,14,2,2,2,Hibernating,1,-1.309971650985815,-0.1953051361638366
16454,64,1,5.9,5.9,64,1,3,2,1,Developing Customers,1,-2.931573159640075,-1.7309453347053483
16455,64,7,1841.18,263.03,371,69,3,5,4,Loyal Customers,2,0.9838146131121617,0.8431522317194505
16456,99,5,2158.37,431.67,373,80,2,4,5,At Risk Valuable,2,0.6341341675465434,1.0634304628897402
16457,218,1,208.36,208.36,218,9,1,2,1,Hibernating,1,-1.7715459604509602,0.28509506265017565
16458,3,18,3482.74,193.49,361,52,5,5,5,Champions,3,3.136318015211635,-0.35790496319918674
16460,28,3,814.72,271.57,82,128,4,4,3,Loyal Customers,2,0.2764453160593059,-0.23251471082559022
16461,178,1,151.42,151.42,178,31,2,2,1,Hibernating,1,-1.8455479500238858,0.04136888435790507
16462,74,3,136.0,45.33,284,1,2,4,1,At Risk Valuable,1,-0.9358164219723989,-0.2820505066491507
16463,21,4,1422.4,355.6,204,74,4,4,4,Champions,2,0.849187467468652,-0.11835170321012314
16464,20,3,1314.68,438.23,142,152,4,4,4,Champions,2,0.627317206093806,-0.26243944808695957
16466,34,7,1603.46,229.07,293,103,3,5,4,Loyal Customers,2,1.1546195903346141,0.40044578919142254
16468,74,1,74.9,74.9,74,2,2,2,1,Hibernating,1,-1.844966350798399,-0.7644783404242481
16469,24,4,650.43,162.61,246,148,4,4,3,Loyal Customers,2,0.4283131048335932,-0.3228313716376609
16470,52,4,762.39,190.6,359,120,3,4,3,Loyal Customers,2,0.21664761934984994,0.21121785331494325
16471,275,1,223.95,223.95,275,13,1,2,1,Hibernating,1,-1.825763242881923,0.45790544007186795
16473,165,3,316.11,105.37,337,18,2,4,2,At Risk Valuable,1,-0.8399778995830315,0.5279014528614219
16474,7,7,1871.34,267.33,145,236,5,5,4,Champions,3,1.7921217612816203,-0.47834721470327946
16475,88,4,544.3,136.07,274,23,2,4,3,At Risk Valuable,2,-0.14156358101140776,0.4167821523488723
16477,64,7,2494.46,356.35,372,111,3,5,5,Loyal Customers,2,1.128278381139743,0.954009362078801
16478,25,3,331.0,110.33,66,15,4,4,2,Loyal Customers,0,-0.10967845302204385,-0.6300294091901014
16479,10,2,300.83,150.42,10,35,5,3,2,Promising Customers,0,-0.08697115144118364,-1.3205835774220436
16480,76,1,769.29,769.29,76,51,2,2,3,Hibernating,1,-0.7520668403266456,0.09857279007769837
16482,16,1,220.62,220.62,16,18,4,2,1,New Customers,0,-0.7677453229005354,-1.3136007701098602
16483,192,1,139.35,139.35,192,19,1,2,1,Hibernating,1,-1.9135919511869328,0.058952338862515476
16484,174,2,404.3,202.15,191,25,2,3,2,Hibernating,1,-1.0040366080704775,0.5402725127493159
16485,77,1,363.65,363.65,77,41,2,2,2,Hibernating,1,-1.1129315081262567,-0.16638390311932105
16488,33,3,498.8,166.27,149,28,4,4,3,Loyal Customers,0,-0.017494088797825345,-0.3106405405887095
16491,47,1,731.5,731.5,47,39,3,2,3,Developing Customers,0,-0.5954046764703976,-0.21925847151045144
16493,80,4,1351.63,337.91,330,40,2,4,4,At Risk Valuable,2,0.3268214850631652,0.6889061549647896
16494,297,1,826.53,826.53,297,47,1,2,3,Hibernating,1,-1.2351065704872266,0.9822426218494104
16495,3,3,684.41,228.14,276,78,5,4,3,Loyal Customers,0,0.9506377522434746,-1.551316718952277
16496,9,3,1599.52,533.17,317,92,5,4,4,Champions,0,1.004122017672414,-0.6609800559686488
16497,50,6,2965.69,494.28,333,128,3,5,5,Loyal Customers,2,1.182306463090354,0.8121048785757867
16498,161,2,100.97,50.48,162,15,2,3,1,Hibernating,1,-1.6313336121486464,-0.01264202993750432
16499,360,2,365.45,182.72,365,18,1,3,2,Hibernating,1,-1.3287063450625325,0.9622794374586475
16500,5,6,400.86,66.81,331,8,5,5,2,Loyal Customers,0,1.0486443878975793,-1.2740546584786627
16503,107,4,1431.93,357.98,360,71,2,4,4,At Risk Valuable,2,0.24433313869425088,0.8922547603795662
16504,25,1,484.38,484.38,25,76,4,2,2,New Customers,0,-0.5569791612052345,-0.7580481066245959
16505,32,1,777.6,777.6,32,4,4,2,3,New Customers,0,-0.42316703304215497,-0.4343855588072342
16506,20,2,90.3,45.15,40,3,4,3,1,Promising Customers,0,-0.9031847424154669,-1.3475733904789815
16509,297,1,363.7,363.7,297,13,1,2,2,Hibernating,1,-1.6250906857540124,0.6829805958447172
16510,372,1,248.1,248.1,372,13,1,2,1,Hibernating,1,-1.8923212381305907,0.6859872501584469
16511,22,3,948.26,316.09,267,134,4,4,4,Champions,2,0.43718811117283024,-0.32401856071841967
16513,5,4,874.59,218.65,43,33,5,4,3,Loyal Customers,0,1.1144353143132837,-1.1190920453051698
16515,52,5,1627.13,325.43,311,89,3,4,4,Loyal Customers,2,0.7423486912602377,0.5580130358170533
16516,30,1,101.7,101.7,30,6,4,2,1,New Customers,0,-1.3634119347251683,-1.2138501515862488
16517,277,1,162.7,162.7,277,17,1,2,1,Hibernating,1,-1.9798015376987688,0.34639343346076357
16518,61,2,484.32,242.16,284,36,3,3,2,Developing Customers,1,-0.5217426319453365,-0.05141145241381861
16519,25,2,212.98,106.49,365,12,4,3,1,Promising Customers,0,-0.5794147536724491,-0.9011638463016015
16520,186,3,1046.57,348.86,365,129,1,4,4,At Risk Valuable,2,-0.3167419345568029,1.0398280124951265
16523,2,21,9418.47,448.5,316,151,5,5,5,Champions,3,3.8525139861774127,-0.1204867426629295
16525,2,26,13027.45,501.06,367,75,5,5,5,Champions,3,4.1924596331613735,0.07678738336810895
16526,172,1,290.36,290.36,172,15,2,2,2,Hibernating,1,-1.5241377075401081,0.25640804194324474
16527,81,1,228.06,228.06,81,14,2,2,1,Hibernating,1,-1.3533404649749545,-0.30451265531274974
16528,4,1,244.41,244.41,4,17,5,2,1,New Customers,0,-0.25155143748894493,-2.051786025715223
16529,190,1,455.25,455.25,190,30,1,2,2,Hibernating,1,-1.3485060341762194,0.4829270762432374
16531,22,7,1244.59,177.8,360,68,4,5,4,Champions,2,1.1945640866988603,0.04194252740930946
16532,18,3,6748.8,2249.6,339,2,4,4,5,Champions,2,1.4438275269735046,0.27136022701831464
16533,19,3,1095.56,365.19,68,112,4,4,4,Champions,2,0.5592546681912576,-0.3598913648415172
16535,5,1,593.75,593.75,5,31,5,2,3,New Customers,0,0.10009620439241688,-1.6129514693354572
16536,110,1,548.97,548.97,110,49,2,2,3,Hibernating,1,-1.0521787251194832,0.2072601392734261
16539,3,4,1388.81,347.2,373,36,5,4,4,Champions,0,1.489285960468268,-1.2072617689989982
16542,54,1,119.62,119.62,54,5,3,2,1,Developing Customers,1,-1.5059651654753765,-0.7918164559725057
16545,165,1,339.3,339.3,165,3,2,2,2,Hibernating,1,-1.434452862673479,0.2869456793382081
16546,291,2,787.15,393.58,373,25,1,3,3,Hibernating,1,-0.8831440931666675,1.1075761369309673
16549,10,10,4154.64,415.46,334,445,5,5,5,Champions,3,2.338448448677125,0.13717498888349786
16550,109,5,2298.97,459.79,368,162,2,4,5,At Risk Valuable,2,0.6277347280333299,1.1468611275114968
16551,96,3,922.12,307.37,337,26,2,4,3,At Risk Valuable,2,-0.12609510259170584,0.5777207099455602
16552,243,2,379.73,189.86,374,17,1,3,2,Hibernating,1,-1.1608204903253783,0.728040812215511
16553,163,12,5719.82,476.65,360,62,2,5,5,At Risk Valuable,2,1.609403941943912,2.0302685466616377
16554,42,3,837.1,279.03,332,51,3,4,3,Loyal Customers,2,0.13879818950145598,0.026962294628962807
16555,35,2,285.89,142.94,110,15,3,3,2,Developing Customers,0,-0.5642160226728029,-0.5878722548429366
16556,67,7,3313.79,473.4,360,144,3,5,5,Loyal Customers,2,1.2461696948825185,1.0862969658216037
16557,24,2,281.85,140.93,137,11,4,3,2,Promising Customers,0,-0.4316187017712354,-0.824102640737787
16558,1,20,8338.49,416.92,367,264,5,5,5,Champions,3,3.9073487934785898,-0.4397822078443856
16560,27,2,841.41,420.7,358,52,4,3,3,Promising Customers,0,0.044507572098460645,-0.3536952746102958
16561,6,2,511.12,255.56,60,29,5,3,3,Promising Customers,0,0.3373892828824313,-1.4138796050373497
16563,54,1,1077.74,1077.74,54,19,3,2,4,Developing Customers,0,-0.4631915328256383,0.008376520496687388
16565,364,1,173.7,173.7,364,3,1,2,1,Hibernating,1,-2.0528975139749823,0.5426700530319446
16566,15,5,614.66,122.93,293,14,4,4,3,Loyal Customers,0,0.7371842183940839,-0.5560809495549596
16567,194,2,865.6,432.8,337,34,1,3,3,Hibernating,1,-0.6836874630056995,0.886400116613485
16569,3,1,124.2,124.2,3,5,5,2,1,New Customers,0,-0.48660452961424394,-2.4389866672113065
16570,15,10,3738.4,373.84,312,68,4,5,5,Champions,3,2.145027348805343,0.33604653180063565
16571,27,3,1421.69,473.9,282,73,4,4,4,Champions,2,0.5545980212018566,-0.05159428334703325
16572,127,3,1009.6,336.53,276,40,2,4,4,At Risk Valuable,2,-0.18897876091695287,0.7865082677272387
16573,85,2,663.61,331.8,290,40,2,3,3,Hibernating,1,-0.4971494780352596,0.2707487296107727
16574,71,1,451.44,451.44,71,28,3,2,2,Developing Customers,1,-0.9796715399909447,-0.13831446849550627
16581,183,1,105.84,105.84,183,9,1,2,1,Hibernating,1,-2.025186784245598,-0.07094494242639751
16582,113,1,313.62,313.62,113,6,2,2,2,Hibernating,1,-1.3281904270394564,0.02017544866175722
16583,374,1,233.45,233.45,374,14,1,2,1,Hibernating,1,-1.923213487541403,0.6672380777021515
16584,80,2,936.08,468.04,254,25,2,3,4,At Risk Valuable,2,-0.31073622251206073,0.3582780500382657
16586,249,1,463.95,463.95,249,8,1,2,2,Hibernating,1,-1.442385002060637,0.6603925456014532
16587,232,1,225.15,225.15,232,13,1,2,1,Hibernating,1,-1.7585095996770856,0.35253468503811725
16589,71,3,459.24,153.08,161,31,3,4,2,Loyal Customers,2,-0.34346866615349136,0.13466204285327063
16591,69,1,213.5,213.5,69,10,3,2,1,Developing Customers,1,-1.324133624100333,-0.42875537492736393
16592,4,16,4113.68,257.1,288,142,5,5,5,Champions,3,3.029486739940461,-0.19851982890134037
16593,51,3,330.03,110.01,328,24,3,4,2,Loyal Customers,0,-0.37595543524101066,-0.19189586664576858
16594,75,1,181.09,181.09,75,53,2,2,1,Hibernating,1,-1.4335263976836716,-0.43647497508664157
16595,61,1,360.16,360.16,61,83,3,2,2,Developing Customers,1,-1.0297774733908456,-0.31536269463096184
16596,16,2,250.15,125.08,366,12,4,3,2,Promising Customers,0,-0.34081395177956786,-1.1118858803367901
16597,4,1,90.04,90.04,4,7,5,2,1,New Customers,0,-0.7235242159885565,-2.4139636744541573
16598,286,1,145.04999999999998,145.05,286,10,1,2,1,Hibernating,1,-2.046277295426706,0.32491346479428773
16600,4,6,813.52,135.59,339,50,5,5,3,Loyal Customers,3,1.4545786552864757,-1.1315437493447207
16601,41,1,243.63,243.63,41,28,3,2,1,Developing Customers,1,-1.0663646930858968,-0.7044269572328702
16602,36,1,528.08,528.08,36,29,3,2,3,Developing Customers,0,-0.6507779145534396,-0.5030022431861083
16603,75,2,482.47,241.24,91,34,2,3,2,Hibernating,1,-0.6013652031940903,0.07620103641277179
16607,18,14,3347.71,239.12,359,140,4,5,5,Champions,3,2.307867900258786,0.5239855981449659
16609,15,7,5493.46,784.78,253,155,4,5,5,Champions,3,2.0396283699080118,0.3540483305874081
16610,219,1,75.66,75.66,219,6,1,2,1,Hibernating,1,-2.251468047372092,-0.07895993551831418
16611,186,1,129.49,129.49,186,9,1,2,1,Hibernating,1,-1.936193054096987,0.012336507956779295
16612,33,4,1187.66,296.92,312,48,4,4,4,Champions,2,0.5970542156063287,0.09165784971866689
16613,70,1,618.59,618.59,70,30,3,2,3,Developing Customers,1,-0.8246848600431201,-0.03234598572768792
16614,183,1,506.19,506.19,183,26,1,2,3,Hibernating,1,-1.2838600936233477,0.4979267594766458
16616,15,2,500.42,250.21,157,31,4,3,3,Promising Customers,0,0.011426502315153443,-0.8977791407839059
16617,236,1,151.85,151.85,236,5,1,2,1,Hibernating,1,-1.9514660477542223,0.22024285295134857
16618,31,5,2647.59,529.52,323,79,4,4,5,Champions,2,1.1667613391858327,0.41603000519296424
16619,264,1,226.21,226.21,264,14,1,2,1,Hibernating,1,-1.8054629986741533,0.43578593203131827
16620,4,2,178.96,89.48,261,9,5,3,1,Promising Customers,0,-0.031795030563081216,-2.0090509433121606
16621,52,4,813.48,203.37,278,22,3,4,3,Loyal Customers,2,0.24748043884075924,0.23487802732478547
16623,246,1,129.45,129.45,246,5,1,2,1,Hibernating,1,-2.042682829789182,0.188552259342983
16624,81,2,810.5699999999999,405.28,197,44,2,3,3,Hibernating,2,-0.38386671985097237,0.31353285840500844
16625,275,1,333.08,333.08,275,23,1,2,2,Hibernating,1,-1.637521573289196,0.60235640926657
16626,1,17,4413.1,259.59,267,86,5,5,5,Champions,3,3.46486912265098,-0.7314630278178148
16627,79,1,322.8,322.8,79,20,2,2,2,Hibernating,1,-1.1791558895410679,-0.19373584233101276
16628,30,5,2188.05,437.61,235,79,4,4,5,Champions,2,1.0881959752312007,0.3263139848986646
16629,74,2,417.73,208.86,96,58,2,3,2,Hibernating,1,-0.6647283974694033,0.015301258061447252
16633,17,6,2883.1,480.52,234,115,4,5,5,Champions,3,1.5668571731497132,0.141891409681102
16634,223,2,217.9,108.95,372,9,1,3,1,Hibernating,1,-1.3915683318275718,0.47170282828351995
16637,32,4,1154.47,288.62,226,66,4,4,4,Champions,2,0.5949836439785882,0.062398746642342524
16638,23,10,1680.72,168.07,369,92,4,5,4,Champions,3,1.6097397201017118,0.3011017629702173
16639,31,3,1257.51,419.17,236,48,4,4,4,Champions,2,0.44520718235384216,-0.011769507792800418
16641,106,1,231.1,231.1,106,12,2,2,1,Hibernating,1,-1.4487583741848986,-0.13108097914669584
16642,5,2,688.33,344.16,208,32,5,3,3,Promising Customers,0,0.5377331543572641,-1.4030214418453528
16643,246,1,487.51,487.51,246,27,1,2,3,Hibernating,1,-1.4142449638940153,0.6707964882834293
16644,178,2,833.78,416.89,212,62,2,3,3,Hibernating,1,-0.6687755685084398,0.8184891077521865
16647,170,2,214.06,107.03,205,12,2,3,1,Hibernating,1,-1.29681868051636,0.29416861782952997
16648,43,1,290.66,290.66,43,19,3,2,2,Developing Customers,1,-1.0004492144162596,-0.6107267913157003
16650,72,1,518.42,518.42,72,24,3,2,3,Developing Customers,1,-0.9192332690904708,-0.079151167577568
16652,59,7,6773.97,967.71,273,74,3,5,5,Loyal Customers,2,1.6342330935397331,1.268073481828827
16653,16,2,1212.66,606.33,71,67,4,3,4,Promising Customers,0,0.40898104041065336,-0.5365158596950054
16654,141,4,601.27,150.32,368,29,2,4,3,At Risk Valuable,2,-0.27280364234528554,0.7491036784585822
16655,18,6,3794.52,632.42,332,208,4,5,5,Champions,3,1.6768970802667942,0.2764467065400137
16656,22,15,8625.8,575.05,365,14,4,5,5,Champions,3,2.743731960757811,1.01550079309635
16657,10,4,933.62,233.4,255,158,5,4,4,Champions,0,0.9138544835245033,-0.7111946417908493
16658,368,1,123.24,123.24,368,8,1,2,1,Hibernating,1,-2.2192946172577668,0.4250843127900852
16659,189,1,39.12,39.12,189,2,1,2,1,Hibernating,1,-2.5036277940643603,-0.4083439978729311
16660,16,4,1267.65,316.91,320,16,4,4,4,Champions,2,0.8929360156992708,-0.3237578501504457
16665,362,1,135.39999999999998,135.4,362,9,1,2,1,Hibernating,1,-2.1685866381295074,0.4488009374482127
16666,19,1,118.98,118.98,19,32,4,2,1,New Customers,0,-1.1219166730018884,-1.4347451024920737
16667,68,2,570.13,285.06,284,52,3,3,3,Developing Customers,1,-0.4851321297049417,0.07583299751515517
16668,15,6,306.72,51.12,285,9,4,5,2,Loyal Customers,0,0.5467840436373029,-0.7500529995133143
16669,24,2,1370.47,685.24,78,140,4,3,4,Promising Customers,2,0.3197832214042364,-0.2474995098141469
16670,17,11,4095.9,372.35,359,179,4,5,5,Champions,3,2.222316081899399,0.47750912949056645
16671,28,3,1692.27,564.09,165,3,4,4,4,Champions,2,0.6240576606658109,0.034232498711444105
16672,2,20,8134.94,406.75,267,22,5,5,5,Champions,3,3.7406401387369965,-0.1918906093136529
16674,55,2,319.61,159.8,98,89,3,3,2,Developing Customers,1,-0.6801698901409261,-0.26732440906266397
16676,34,4,1592.12,398.03,337,75,3,4,4,Loyal Customers,2,0.7253688336460246,0.21699067028086008
16678,3,12,3109.99,259.17,283,92,5,5,5,Champions,3,2.7385970315433625,-0.545270228350505
16679,366,1,129.75,129.75,366,3,1,2,1,Hibernating,1,-2.1929097405331497,0.44029384901768787
16680,43,1,183.7,183.7,43,10,3,2,1,Developing Customers,1,-1.2178924556588555,-0.777586164218032
16681,73,6,1770.34,295.06,253,18,2,5,4,At Risk Valuable,2,0.7946006699151128,0.8596136574470287
16682,5,5,1028.0,205.6,188,15,5,4,4,Champions,0,1.3564792488923476,-0.9899667787953869
16684,4,28,66653.56,2380.48,358,119,5,5,5,Champions,3,4.838943364532565,1.0241666990102227
16685,61,2,324.24,162.12,61,60,3,3,2,Developing Customers,1,-0.7122416489656959,-0.19759464181479117
16686,47,7,3062.83,437.55,355,406,3,5,5,Loyal Customers,2,1.3418028750236306,0.8368433672905081
16688,1,4,1260.86,315.21,61,52,5,4,4,Champions,0,1.7082023851513197,-1.6817383723144437
16689,76,2,422.6,211.3,82,12,2,3,2,Hibernating,1,-0.6692818693410437,0.03620013137132189
16690,72,2,225.58,112.79,202,10,3,3,1,Developing Customers,1,-0.9466974234698438,-0.22612567371918474
16692,256,2,1126.0,563.0,289,1,1,3,4,At Risk Valuable,1,-0.6641381447657869,1.157292357280855
16693,69,2,482.01,241.0,272,58,3,3,2,Developing Customers,1,-0.5703911987781908,0.023744442673002884
16696,135,4,657.9000000000001,164.48,248,7,2,4,3,At Risk Valuable,2,-0.21353329239337407,0.7545703947470557
16697,241,1,112.75,112.75,241,20,1,2,1,Hibernating,1,-2.1000674329693676,0.12556172227435144
16698,227,2,1998.0,999.0,253,4,1,3,4,At Risk Valuable,2,-0.34561893672975397,1.2907382289389688
16700,9,13,5076.55,390.5,366,159,5,5,5,Champions,3,2.6887539360649346,0.2427651709852953
16701,9,13,5398.3,415.25,362,99,5,5,5,Champions,3,2.71799688286391,0.2652053247321268
16705,1,20,14034.99,701.75,359,133,5,5,5,Champions,3,4.155142233447887,-0.24963300952343528
16706,37,3,531.35,177.12,114,108,3,4,3,Loyal Customers,0,-0.029969112595986384,-0.21712032817311105
16708,46,1,656.63,656.63,46,27,3,2,3,Developing Customers,0,-0.6386771556065969,-0.2719785150018411
16709,85,5,3029.87,605.97,282,64,2,4,5,At Risk Valuable,2,0.8531355850942787,1.0916903357820062
16710,19,10,2483.04,248.3,368,268,4,5,5,Champions,3,1.8650691519342504,0.3280430720863048
16711,3,5,1651.03,330.21,358,18,5,4,4,Champions,3,1.7367524590594097,-1.0739753907185874
16712,9,11,3637.78,330.71,276,258,5,5,5,Champions,3,2.390497328789522,0.06175677203011252
16713,19,15,6923.13,461.54,366,338,4,5,5,Champions,3,2.6924973674275248,0.8466419227925283
16714,317,2,1146.53,573.26,317,76,1,3,4,At Risk Valuable,1,-0.7369338608497659,1.2988343426232645
16715,78,1,301.72,301.72,78,19,2,2,2,Hibernating,1,-1.2063892245726848,-0.22629294219790907
16716,267,2,901.2,450.6,311,1,1,3,3,Hibernating,1,-0.7860441376609316,1.1025918855206607
16717,24,6,3858.38,643.06,366,176,4,5,5,Champions,2,1.5799631528575537,0.4564334318688906
16718,369,1,623.75,623.75,369,41,1,2,3,Hibernating,1,-1.4515951427003164,1.0167021731892059
16719,15,7,1790.42,255.77,369,107,4,5,4,Champions,3,1.5062094938347885,-0.05528119672837963
16720,26,1,155.24,155.24,26,25,4,2,1,New Customers,0,-1.1109160145310077,-1.148141635040599
16721,262,1,292.47,292.47,262,37,1,2,2,Hibernating,1,-1.680770470567445,0.5244493345537532
16722,17,13,4730.81,363.91,368,96,4,5,5,Champions,3,2.4305679052562157,0.5894505769183321
16723,91,2,589.15,294.58,108,37,2,3,3,Hibernating,1,-0.5794768072071784,0.2700834126779691
16725,302,6,779.57,129.93,371,109,1,5,3,At Risk Valuable,2,-0.13413034296314932,1.4535308124721644
16726,26,5,1382.02,276.4,361,121,4,4,4,Champions,2,0.9224316905688303,0.07106225869987368
16727,364,1,272.82,272.82,364,41,1,2,2,Hibernating,1,-1.8390025782739354,0.70680656347994
16728,46,4,1054.67,263.67,264,218,3,4,4,Loyal Customers,2,0.4168472073004526,0.2534852276857056
16729,38,21,7236.6,344.6,241,233,3,5,5,Loyal Customers,3,2.746916182891622,1.4085192897162178
16730,52,3,743.11,247.7,319,75,3,4,3,Loyal Customers,2,0.002280049037606863,0.11600606619001767
16732,32,1,603.75,603.75,32,28,4,2,3,New Customers,0,-0.5434326591335222,-0.5266737662338477
16734,52,3,650.51,216.84,114,44,3,4,3,Loyal Customers,2,-0.0609726477734274,0.06746785794791683
16735,79,5,2300.56,460.11,334,88,2,4,5,At Risk Valuable,2,0.7497598959678605,0.9453301519082066
16737,53,1,417.6,417.6,53,1,3,2,2,Developing Customers,1,-0.9067351022321476,-0.3489929199500884
16738,298,1,3.75,3.75,298,1,1,2,1,Hibernating,1,-3.6924624098285004,-0.9003528568273645
16739,177,1,323.0,323.0,177,13,2,2,2,Hibernating,1,-1.4844869785322112,0.3132435274375953
16743,29,7,2238.09,319.73,359,89,4,5,5,Champions,2,1.3721555332161786,0.4244966284924866
16744,11,7,1304.76,186.39,173,198,5,5,4,Champions,3,1.4656380600630168,-0.35306215895697335
16745,87,17,7194.3,423.19,312,148,2,5,5,At Risk Valuable,3,2.2513146247545675,1.8447935858133435
16746,5,18,6697.66,372.09,359,234,5,5,5,Champions,3,3.292551085479958,0.13780235685601003
16747,38,2,836.06,418.03,68,34,3,3,3,Developing Customers,2,-0.08515202941619468,-0.14606278393233355
16748,18,5,1515.9,303.18,334,42,4,4,4,Champions,2,1.1006954347614917,-0.11784831615810473
16750,45,5,623.93,124.79,232,74,3,4,3,Loyal Customers,2,0.34072955225609053,0.11852916455957416
16751,31,1,1764.72,1764.72,31,24,4,2,4,New Customers,0,-0.021687232438799907,-0.154823823621328
16752,373,1,207.5,207.5,373,9,1,2,1,Hibernating,1,-1.9780242672123578,0.6227029516903678
16753,58,1,223.92,223.92,58,34,3,2,1,Developing Customers,1,-1.2362255661015555,-0.5197552925756311
16754,372,1,2002.4,2002.4,372,2,1,2,4,At Risk Valuable,1,-0.900073785257208,1.4474079630040162
16755,114,3,1496.83,498.94,316,133,2,4,4,At Risk Valuable,2,0.03922439067857878,0.8623570118321441
16756,215,1,239.4,239.4,215,13,1,2,1,Hibernating,1,-1.7004744775219967,0.32684837302409186
16757,319,1,106.83,106.83,319,7,1,2,1,Hibernating,1,-2.2322714911609345,0.2830679720631163
16758,65,1,369.34,369.34,65,22,3,2,2,Developing Customers,1,-1.0417227641453273,-0.26658008343908957
16759,8,3,789.79,263.26,31,40,5,4,3,Loyal Customers,0,0.708811876589621,-0.9852490231652914
16761,97,1,316.62,316.62,97,13,2,2,2,Hibernating,1,-1.2658810265501608,-0.07218364008588829
16762,20,3,1501.38,500.46,144,51,4,4,4,Champions,2,0.6904750674451826,-0.2139740137109811
16763,199,1,611.85,611.85,199,23,1,2,3,Hibernating,1,-1.2256568660895233,0.6198751671878434
16764,4,13,2799.25,215.33,143,209,5,5,5,Champions,3,2.6703873328032146,-0.41379525805393347
16765,294,1,34.0,34.0,294,1,1,2,1,Hibernating,1,-2.736734793057966,-0.17943982634637093
16766,273,2,1145.6,572.8,273,17,1,3,4,At Risk Valuable,1,-0.6804091149427296,1.2041752468423657
16767,31,11,5580.6,507.33,316,148,4,5,5,Champions,3,2.149629131713152,0.9550267000584751
16768,48,3,478.09,159.36,272,47,3,4,2,Loyal Customers,2,-0.17729580830013691,-0.09452903983257163
16769,260,1,380.39,380.39,260,33,1,2,2,Hibernating,1,-1.5531304581313985,0.6153209448636038
16770,58,5,770.1,154.02,372,116,3,4,3,Loyal Customers,2,0.34565025108768604,0.3530027163937092
16771,33,5,2234.81,446.96,338,199,4,4,5,Champions,2,1.0629555218103566,0.3925644989720607
16773,57,1,171.59,171.59,57,23,3,2,1,Developing Customers,1,-1.3557384457517554,-0.6273104076284151
16774,68,4,661.52,165.38,179,36,3,4,3,Loyal Customers,2,0.04837991521553567,0.3266196048418081
16775,10,11,1695.66,154.15,367,84,5,5,4,Champions,3,1.9909267007547036,-0.15652025306558817
16776,60,1,388.28,388.28,60,61,3,2,2,Developing Customers,1,-0.9878774292022002,-0.29828146985722853
16777,80,2,226.35,113.18,257,45,2,3,1,Hibernating,1,-0.9848220896071301,-0.1589950756889185
16778,74,2,245.94,122.97,274,16,2,3,1,Hibernating,1,-0.9160716340573426,-0.17757194692134504
16779,2,22,10629.72,483.17,367,161,5,5,5,Champions,3,3.9503681169826943,-0.05919897796692499
16780,100,2,425.19,212.6,259,51,2,3,2,Hibernating,1,-0.7700629547234031,0.2103411657372571
16781,372,1,311.25,311.25,372,17,1,2,2,Hibernating,1,-1.7847791313403676,0.768511813336716
16782,10,13,2279.9,175.38,366,103,5,5,5,Champions,3,2.271443521475418,0.010875169726147247
16784,20,1,107.6,107.6,20,3,4,2,1,New Customers,0,-1.1879924500336159,-1.4402268753946594
16788,123,2,595.83,297.92,254,137,2,3,3,Hibernating,1,-0.688187952583918,0.46332989063932023
16789,8,1,80.8,80.8,8,5,5,2,1,New Customers,0,-0.9990829505913613,-2.08060955646612
16790,4,6,1545.62,257.6,38,88,5,5,4,Champions,3,1.7597750043355649,-0.8973452931250739
16791,29,7,1709.03,244.15,332,217,4,5,4,Champions,2,1.2438575165708292,0.3260446072674541
16792,282,2,110.38,55.19,282,11,1,3,1,Hibernating,1,-1.8025025101843901,0.37307042487968267
16793,57,1,243.84,243.84,57,16,3,2,1,Developing Customers,1,-1.189303283074884,-0.49959309291925547
16794,1,10,1220.69,122.07,180,141,5,5,4,Champions,3,2.4072332833790386,-1.3901439150432116
16795,365,1,414.88,414.88,365,64,1,2,2,Hibernating,1,-1.6411338726824316,0.8611809628368738
16796,89,1,305.62,305.62,89,18,2,2,2,Hibernating,1,-1.2501139780642248,-0.13901582244366428
16800,11,1,1201.49,1201.49,11,148,5,2,4,New Customers,0,0.17028887224134703,-0.9166212843470448
16801,163,4,1619.73,404.93,273,72,2,4,4,At Risk Valuable,2,0.1433132657533963,1.2019268874218827
16803,65,1,332.3,332.3,65,24,3,2,2,Developing Customers,1,-1.0918782917667542,-0.3050679197989232
16804,23,3,536.99,179.0,270,59,4,4,3,Loyal Customers,0,0.15065595211015514,-0.5044468913908883
16805,174,2,460.59,230.3,360,94,2,3,2,Hibernating,1,-0.9421387721847095,0.5877710416568559
16806,103,4,775.54,193.88,239,67,2,4,3,At Risk Valuable,2,-0.03282861137652566,0.6445883336446336
16807,143,3,1121.59,373.86,271,57,2,4,4,At Risk Valuable,2,-0.18396898140163365,0.8995237340455249
16808,99,2,288.42,144.21,274,21,2,3,2,Hibernating,1,-0.9504584132857942,0.06268834764417666
16809,23,5,914.69,182.94,262,79,4,4,3,Loyal Customers,2,0.7711832160247347,-0.15417236332596088
16810,192,1,309.54,309.54,192,15,1,2,2,Hibernating,1,-1.5356004244360266,0.34901161481712617
16811,5,2,547.07,273.54,17,26,5,3,3,Promising Customers,0,0.42858832859371365,-1.4867758831348008
16812,361,1,479.35,479.35,361,15,1,2,2,Hibernating,1,-1.5683404779728731,0.9068547825685686
16813,8,10,1692.98,169.3,204,248,5,5,4,Champions,3,1.988018218165167,-0.317732870525289
16814,14,21,6499.2,309.49,370,121,5,5,5,Champions,3,3.060917684329318,0.7638270812525069
16816,103,4,417.06,104.26,358,28,2,4,2,At Risk Valuable,2,-0.3275515462354073,0.4184268590020537
16817,3,9,1604.75,178.31,368,73,5,5,4,Champions,3,2.1860927543460424,-0.8877796406645501
16818,11,11,3349.57,304.51,206,172,5,5,5,Champions,3,2.2815487105488303,0.14714367611251275
16820,96,1,497.61,497.61,96,26,2,2,3,Hibernating,1,-1.0473203984719417,0.08602660437134413
16823,227,1,358.38,358.38,227,34,1,2,2,Hibernating,1,-1.5297656177715038,0.5079591909155393
16824,16,2,460.64,230.32,164,23,4,3,2,Promising Customers,0,-0.051082935370247044,-0.8895550530728703
16825,39,2,775.1800000000001,387.59,186,27,3,3,3,Developing Customers,0,-0.13076721183297224,-0.15759984657586987
16826,51,1,341.7,341.7,51,22,3,2,2,Developing Customers,1,-0.9875326560616255,-0.4459753959765312
16828,112,1,113.5,113.5,112,7,2,2,1,Hibernating,1,-1.8059152895052886,-0.3545825998308998
16829,157,1,197.22,197.22,157,11,2,2,1,Hibernating,1,-1.672807948544601,0.0582578753574278
16830,39,1,325.91,325.91,39,23,3,2,2,Developing Customers,0,-0.9097219397733781,-0.6294468233717426
16832,184,3,199.15,66.38,217,11,1,4,1,At Risk Valuable,1,-1.1004166218625937,0.42849315587935505
16833,1,4,1106.53,276.63,334,46,5,4,4,Champions,0,1.6461117896043544,-1.729384819161417
16834,228,1,413.46,413.46,228,24,1,2,2,Hibernating,1,-1.4635685610376306,0.5628131999346649
16835,128,2,180.85,90.42,373,10,2,3,1,Hibernating,1,-1.2689444221314587,0.054315393429624305
16836,40,2,251.87,125.94,117,11,3,3,2,Developing Customers,0,-0.6739922261260309,-0.5515671411368521
16837,31,11,3170.98,288.27,246,123,4,5,5,Champions,3,1.8806571802366534,0.7486257519526064
16838,197,2,588.85,294.42,288,24,1,3,3,Hibernating,1,-0.87262652254606,0.7555651543391952
16839,9,34,16594.35,488.07,370,114,5,5,5,Champions,3,4.082685433025986,1.0279123227833968
16841,37,6,1869.82,311.64,288,101,3,5,4,Loyal Customers,2,1.0753002987775473,0.4572659673976086
16842,101,3,1264.19,421.4,302,45,2,4,4,At Risk Valuable,2,0.004727506343188005,0.7246968755196965
16843,43,16,10196.57,637.29,327,226,3,5,5,Loyal Customers,3,2.630383203689846,1.510960936149684
16846,50,1,214.32,214.32,50,11,3,2,1,Developing Customers,1,-1.2013031384755795,-0.6280147016141732
16847,43,1,193.44,193.44,43,12,3,2,1,Developing Customers,1,-1.1934327271005913,-0.7588165076158303
16848,53,1,281.42,281.42,53,14,3,2,2,Developing Customers,1,-1.09403350118548,-0.4927200517586882
16849,187,1,124.57,124.57,187,8,1,2,1,Hibernating,1,-1.9565236977661862,0.0016787749297503022
16850,334,1,332.41,332.41,334,19,1,2,2,Hibernating,1,-1.7125103419421734,0.7243770602364353
16851,4,3,342.45,114.15,52,17,5,4,2,Loyal Customers,0,0.5364900918737671,-1.6622931181864817
16852,10,2,144.91000000000005,72.46,176,9,5,3,1,Promising Customers,0,-0.4329311013159366,-1.5860627891719237
16855,24,2,328.4,164.2,43,19,4,3,2,Promising Customers,0,-0.3591039181605506,-0.7684569869557607
16856,15,1,35.400000000000006,35.4,15,2,4,2,1,New Customers,0,-1.6043423568697925,-2.0117719960966074
16858,369,1,375.69000000000005,375.69,369,9,1,2,2,Hibernating,1,-1.6923950388272602,0.8319196090907389
16859,145,2,747.81,373.9,261,50,2,3,3,Hibernating,1,-0.6426301807518162,0.6496727930950986
16861,60,2,173.76,86.88,158,6,3,3,1,Developing Customers,1,-1.0016676340678965,-0.43476300032431203
16863,31,2,502.8,251.4,367,25,4,3,3,Promising Customers,0,-0.2512040608747881,-0.4568474464596174
16866,141,3,207.74,69.25,162,10,2,4,1,At Risk Valuable,1,-0.9793268598848909,0.27622651899366846
16869,23,4,825.42,206.36,175,113,4,4,3,Loyal Customers,2,0.5571588200779197,-0.26179628254864346
16871,22,6,2812.34,468.72,271,131,4,5,5,Champions,2,1.4613612930852322,0.28813693882801195
16872,77,3,680.02,226.67,184,5,2,4,3,At Risk Valuable,2,-0.18755650738064897,0.3284945605780028
16873,5,6,7123.62,1187.27,364,179,5,5,5,Champions,3,2.417116568021143,-0.22393045822840665
16875,67,5,2095.53,419.11,340,93,3,4,5,Loyal Customers,2,0.7674576940559034,0.8082748476113347
16877,12,6,853.72,142.29,208,111,5,5,3,Loyal Customers,2,1.1123616468361515,-0.5085032683816854
16878,84,1,13.3,13.3,84,3,2,2,1,Hibernating,1,-2.6872423146219213,-1.2948038541142874
16880,31,7,1519.08,217.01,189,121,4,5,4,Champions,2,1.163151460484593,0.3239328872513844
16881,67,1,432.0,432.0,67,1,3,2,2,Developing Customers,1,-0.9787313640640012,-0.19057217743669577
16882,67,3,705.12,235.04,317,39,3,4,3,Loyal Customers,2,-0.11789894366907792,0.2547782603662833
16883,187,2,276.73,138.36,372,33,1,3,2,Hibernating,1,-1.2113206697241814,0.4476257170901404
16884,38,2,429.84,214.92,38,26,3,3,2,Developing Customers,0,-0.4012624091169449,-0.3886363374875704
16885,15,3,471.51,157.17,357,82,4,4,2,Loyal Customers,0,0.24383330266381073,-0.8087641908786878
16887,35,1,194.88,194.88,35,35,3,2,1,Developing Customers,0,-1.11323506848613,-0.8832735370826413
16889,195,3,1578.67,526.22,337,112,1,4,4,At Risk Valuable,2,-0.13920972258606437,1.2196299768571688
16891,2,5,809.7,161.94,372,166,5,4,3,Loyal Customers,0,1.5078744557510337,-1.516257124397749
16892,1,5,525.54,105.11,184,87,5,4,3,Loyal Customers,0,1.4574132125590702,-1.930798340435002
16893,367,1,145.93,145.93,367,44,1,2,1,Hibernating,1,-2.138420212702663,0.4846295987965953
16895,65,1,219.14,219.14,65,57,3,2,1,Developing Customers,1,-1.2892949384820682,-0.45655948919954314
16897,299,2,289.78,144.89,314,37,1,3,2,Hibernating,1,-1.3680588756785286,0.7605196067926765
16898,26,3,508.81,169.6,369,150,4,4,3,Loyal Customers,0,0.08003816254885307,-0.4494657363629401
16899,8,6,1281.56,213.59,360,80,5,5,4,Champions,3,1.446048367429326,-0.5932800700548738
16900,17,3,882.16,294.05,63,77,4,4,3,Loyal Customers,0,0.4965082474377762,-0.5056979603763612
16902,116,1,1706.88,1706.88,116,43,2,2,4,At Risk Valuable,2,-0.5329696270677647,0.6544801026303123
16903,29,1,373.24,373.24,29,50,4,2,2,New Customers,0,-0.7354298605210048,-0.7623480181818508
16904,4,15,3735.47,249.03,367,385,5,5,5,Champions,3,2.928662631391928,-0.25706489513738184
16905,5,7,3102.43,443.2,372,117,5,5,5,Champions,3,2.142568246654797,-0.4760728410692674
16906,82,4,579.77,144.94,249,74,2,4,3,At Risk Valuable,2,-0.08489719017411071,0.3955737116622656
16907,29,5,981.65,196.33,365,89,4,4,4,Champions,2,0.7195001482180123,0.012995613272064114
16909,72,1,379.14,379.14,72,18,3,2,2,Developing Customers,1,-1.0678139464757597,-0.19316748977841786
16910,4,8,1510.06,188.76,91,318,5,5,4,Champions,3,1.976422469263617,-0.8091312097452602
16912,29,11,2575.38,234.13,323,88,4,5,5,Champions,3,1.8063355285250295,0.631773893437501
16913,290,1,113.44,113.44,290,8,1,2,1,Hibernating,1,-2.167651481533615,0.24460361945132167
16914,36,1,208.46,208.46,36,25,3,2,1,Developing Customers,0,-1.0918019210960563,-0.8414307394964325
16915,9,6,621.6800000000001,103.61,284,46,5,5,3,Loyal Customers,0,1.0618686148154906,-0.7904311153073519
16916,24,2,576.26,288.13,372,129,4,3,3,Promising Customers,0,-0.09208315801026873,-0.5635533241149775
16917,277,1,391.52,391.52,277,9,1,2,2,Hibernating,1,-1.5635533453056467,0.665809718637254
16918,50,6,1068.82,178.14,317,97,3,5,4,Loyal Customers,2,0.696852170588857,0.4395819233592926
16919,156,11,2596.45,236.04,368,141,2,5,5,At Risk Valuable,2,1.1777397768410038,1.683445029238826
16921,61,1,169.79,169.79,61,50,3,2,1,Developing Customers,1,-1.3862143503339228,-0.5888815836344276
16923,12,19,7247.61,381.45,363,313,5,5,5,Champions,3,3.081109954364211,0.6762786377705772
16924,21,3,846.75,282.25,84,69,4,4,3,Loyal Customers,0,0.40034607156667174,-0.3934916190565314
16926,371,1,230.25,230.25,371,14,1,2,1,Hibernating,1,-1.9266850617987552,0.657129211790451
16927,116,3,543.05,181.02,362,5,2,4,3,At Risk Valuable,1,-0.4493800667997505,0.503397855322152
16928,80,17,2839.65,167.04,373,68,2,5,5,At Risk Valuable,3,1.8406388201715125,1.452826206185085
16929,4,7,1295.39,185.06,156,51,5,5,4,Champions,3,1.796768387073809,-0.9104199860126797
16930,26,3,380.55,126.85,68,47,4,4,2,Loyal Customers,0,-0.057892051926336556,-0.5553092151489147
16931,5,21,4604.22,219.25,370,448,5,5,5,Champions,3,3.2470411175652436,0.05735812605927602
16932,53,1,161.94,161.94,53,44,3,2,1,Developing Customers,1,-1.3558155745577865,-0.6936037046621218
16933,1,2,563.23,281.62,239,42,5,3,3,Promising Customers,0,0.8622508753891306,-2.17228158405661
16934,55,2,950.93,475.46,55,59,3,3,4,Developing Customers,2,-0.16220322665264092,0.13014755723102842
16936,26,1,262.68,262.68,26,56,4,2,2,New Customers,0,-0.8618278420366713,-0.9569988981025382
16938,9,4,2736.38,684.1,309,212,5,4,5,Champions,2,1.4617470885514934,-0.3790998133588924
16940,52,3,3049.88,1016.63,290,226,3,4,5,Loyal Customers,2,0.6738521559781968,0.631350208332307
16942,13,9,1920.59,213.4,228,159,5,5,4,Champions,3,1.7928163247688356,-0.0284031836886702
16943,212,3,816.73,272.24,318,23,1,4,3,At Risk Valuable,2,-0.4843837325890914,1.0318497020959174
16945,22,19,4345.5,228.71,358,137,4,5,5,Champions,3,2.619655434631015,0.8510008072933265
16947,236,1,406.48,406.48,236,21,1,2,2,Hibernating,1,-1.484774717520197,0.5783676778794539
16948,139,3,435.02,145.01,326,15,2,4,2,At Risk Valuable,1,-0.6233177592609283,0.5362696459971321
16949,4,6,1286.27,214.38,317,57,5,5,4,Champions,3,1.6724141508483135,-0.9643833723304519
16950,57,3,1178.56,392.85,367,39,3,4,4,Loyal Customers,2,0.18710568941724726,0.3413952119172926
16951,135,3,1277.75,425.92,304,73,2,4,4,At Risk Valuable,2,-0.10013539573746075,0.9108759229675606
16952,109,2,167.61,83.8,109,16,2,3,1,Hibernating,1,-1.2440354300526917,-0.07425238294657346
16953,30,1,20.8,20.8,30,1,4,2,1,New Customers,1,-2.1010970146264736,-1.7799273914596658
16954,1,9,2085.08,231.68,360,40,5,5,5,Champions,3,2.5755327540866575,-1.231401605148413
16955,185,4,518.67,129.67,373,18,1,4,3,At Risk Valuable,2,-0.4461618447535862,0.8662577803859012
16956,18,1,308.74,308.74,18,16,4,2,2,New Customers,0,-0.6509146057893028,-1.1208552393191502
16957,239,2,416.64,208.32,282,15,1,3,2,Hibernating,1,-1.1104639686043074,0.7513621536627403
16959,87,1,117.35,117.35,87,7,2,2,1,Hibernating,1,-1.694618380941326,-0.500944781498328
16960,39,3,505.1,168.37,253,91,3,4,3,Loyal Customers,0,-0.07363831841535792,-0.20308786612150356
16961,116,1,234.17,234.17,116,14,2,2,1,Hibernating,1,-1.4766471426787164,-0.06966950798553542
16963,187,1,110.55,110.55,187,7,1,2,1,Hibernating,1,-2.0128723321344366,-0.04156146441206101
16965,227,1,192.07,192.07,227,25,1,2,1,Hibernating,1,-1.8254901140110997,0.2810291483333254
16966,8,7,2154.97,307.85,240,8,5,5,5,Champions,3,1.8142457019855167,-0.35219885822314445
16967,189,1,319.02,319.02,189,21,1,2,2,Hibernating,1,-1.5153012960031917,0.350067892728242
16968,4,2,439.43,219.72,108,31,5,3,2,Promising Customers,0,0.3941935573073109,-1.6821601729694713
16969,39,3,650.41,216.8,192,42,3,4,3,Loyal Customers,2,0.04649531575970773,-0.11090094530309372
16971,38,1,357.21,357.21,38,40,3,2,2,Developing Customers,0,-0.8565280150994475,-0.6120940629249986
16976,267,1,251.52,251.52,267,2,1,2,2,Hibernating,1,-1.7594964487445137,0.48149334050482373
16978,78,1,344.33,344.33,78,39,2,2,2,Hibernating,1,-1.1437095463040172,-0.1781944510704644
16979,4,6,1852.0,308.67,298,64,5,5,4,Champions,3,1.8457964392396493,-0.8313350432675469
16980,255,2,1078.96,539.48,291,71,1,3,4,At Risk Valuable,1,-0.6829407799772107,1.1392501990055763
16982,61,1,384.06,384.06,61,22,3,2,2,Developing Customers,1,-0.9992791266790845,-0.291959184925159
16983,13,7,1931.25,275.89,370,112,5,5,4,Champions,3,1.5932568498635726,-0.11225168585073989
16984,88,2,4481.35,2240.68,130,354,2,3,5,At Risk Valuable,2,0.398205193787442,0.9895988150206859
16985,17,10,5464.12,546.41,359,62,4,5,5,Champions,3,2.2806235351194797,0.5492700608000208
16986,30,2,1873.2,936.6,30,3,4,3,4,Promising Customers,2,0.38621941111070446,0.002864731093587123
16987,3,7,1625.05,232.15,205,74,5,5,4,Champions,3,1.9898795660305786,-0.9690603036115008
16988,5,1,126.12,126.12,5,7,5,2,1,New Customers,0,-0.634308339823022,-2.1765113252506545
16989,7,6,1133.25,188.88,151,7,5,5,4,Champions,3,1.432570314135745,-0.7127938337869185
16990,219,1,179.0,179.0,219,1,1,2,1,Hibernating,1,-1.84520313291476,0.23279548383242707
16992,11,5,1614.31,322.86,285,84,5,4,4,Champions,2,1.3062221817669395,-0.386066080827209
16996,30,6,1456.96,242.83,353,13,4,5,4,Champions,2,1.0344309006494878,0.2371915821465112
16997,288,3,702.0,234.0,326,7,1,4,3,At Risk Valuable,1,-0.6729428641892344,1.1699791740897436
16998,150,4,295.0,73.75,304,1,2,4,2,At Risk Valuable,1,-0.6343812204492727,0.5285995172281306
16999,23,2,484.82,242.41,74,21,4,3,2,Promising Customers,0,-0.15856392026530866,-0.6524058717283745
17001,1,11,3989.57,362.69,359,75,5,5,5,Champions,3,3.049463633844934,-0.9243333037770752
17002,86,3,1493.73,497.91,291,41,2,4,4,At Risk Valuable,2,0.14486658632269903,0.6848009833171149
17004,46,2,1412.94,706.47,93,38,3,3,4,Developing Customers,2,0.09305960577424693,0.163634821029536
17006,5,4,781.78,195.44,76,37,5,4,3,Loyal Customers,0,1.0611062356713379,-1.1600151688237639
17007,51,6,889.9300000000001,148.32,357,50,3,5,3,Loyal Customers,2,0.6023412709470337,0.3850554116676151
17010,18,1,195.36,195.36,18,11,4,2,1,New Customers,0,-0.8678474669577231,-1.2873229619745845
17011,30,1,270.9,270.9,30,15,4,2,2,New Customers,0,-0.9000106823771948,-0.8582500330124511
17014,8,3,586.33,195.44,67,63,5,4,3,Loyal Customers,0,0.5672408851051937,-1.0938863242157202
17015,29,3,1842.56,614.19,185,182,4,4,4,Champions,2,0.6515760943471018,0.08677209072369377
17017,3,20,8694.26,434.71,373,88,5,5,5,Champions,3,3.6623479680576945,0.014678014530556036
17018,41,2,920.1,460.05,326,15,3,3,3,Developing Customers,2,-0.067936133438878,-0.06416239377041585
17019,11,4,1272.61,318.15,368,166,5,4,4,Champions,2,1.0278976944566571,-0.543031947222674
17022,31,1,71.0,71.0,31,7,4,2,1,New Customers,1,-1.5445784504312803,-1.3234445274913127
17024,45,3,95.85,31.95,158,2,3,4,1,Loyal Customers,1,-0.9140748027300368,-0.7184704374037691
17025,61,3,357.77,119.26,373,8,3,4,2,Loyal Customers,1,-0.4048702200740838,-0.05105410115286512
17026,185,2,154.82999999999998,77.41,370,4,1,3,1,Hibernating,1,-1.4822806765805858,0.22978591192890838
17027,79,6,890.29,148.38,317,110,2,5,3,At Risk Valuable,2,0.43791100621018697,0.6581620278431659
17029,111,2,716.0,358.0,237,1,2,3,3,Hibernating,1,-0.5619809374854461,0.4658366745947367
17030,64,1,146.87,146.87,64,11,3,2,1,Developing Customers,1,-1.4728577424070346,-0.6115712011542729
17031,12,2,380.35,190.18,155,19,5,3,2,Promising Customers,0,-0.03950640317046996,-1.1293209450751622
17033,86,3,1030.14,343.38,359,24,2,4,4,At Risk Valuable,2,-0.0318466089045096,0.5491966169975278
17034,16,3,745.52,248.51,288,28,4,4,3,Loyal Customers,0,0.43835062221139276,-0.6033055361793547
17035,246,2,433.53,216.76,312,27,1,3,2,Hibernating,1,-1.1025811277976225,0.7840585546884933
17037,88,1,1267.32,1267.32,88,75,2,2,4,At Risk Valuable,1,-0.5700632439732111,0.37247821775307977
17038,30,1,112.4,112.4,30,22,4,2,1,New Customers,0,-1.3162402903026362,-1.1776520570300057
17040,138,1,449.73,449.73,138,15,2,2,2,Hibernating,1,-1.2328533343319166,0.27711246170501647
17041,27,3,1081.57,360.52,361,59,4,4,4,Champions,2,0.42456134585533123,-0.15138049872273948
17042,3,5,1044.38,208.88,247,74,5,4,4,Champions,0,1.5189434333384544,-1.2411154555767954
17043,32,4,1735.18,433.8,266,100,4,4,4,Champions,2,0.7887834218891572,0.21111484021220786
17044,25,1,948.48,948.48,25,6,4,2,4,New Customers,0,-0.23762113637537025,-0.5129824083305455
17045,113,3,339.44,113.15,248,20,2,4,2,At Risk Valuable,1,-0.6625828058714996,0.31571627459617496
17046,157,1,642.02,642.02,157,22,2,2,3,Hibernating,1,-1.112703846643984,0.4880648386324611
17047,85,3,1100.9,366.97,205,59,2,4,4,At Risk Valuable,2,0.004160986726396955,0.566112226192743
17048,118,3,925.35,308.45,331,41,2,4,3,At Risk Valuable,2,-0.20254833721546653,0.7085193264122169
17049,3,9,5659.9800000000005,628.89,276,201,5,5,5,Champions,3,2.7858000914617027,-0.4275823513664003
17050,96,6,3228.84,538.14,300,169,2,5,5,At Risk Valuable,2,0.9770790051728183,1.250499132839983
17051,194,1,247.14,247.14,194,40,1,2,1,Hibernating,1,-1.6463063679124754,0.2736148001474436
17052,28,1,413.75,413.75,28,72,4,2,2,New Customers,0,-0.6735563785371378,-0.7462909552454874
17053,131,1,498.48,498.48,131,13,2,2,3,Hibernating,1,-1.1642267855812656,0.28188048485907113
17054,28,5,1356.33,271.27,245,64,4,4,4,Champions,2,0.8861996741251539,0.10949301481318266
17058,82,3,1179.89,393.3,240,51,2,4,4,At Risk Valuable,2,0.0506813567645543,0.5689000006826737
17059,30,5,3095.04,619.01,370,292,4,4,5,Champions,2,1.2531890483154686,0.4529246836297155
17060,266,1,234.24,234.24,266,5,1,2,1,Hibernating,1,-1.791805604824402,0.45323528257622603
17061,74,11,5232.2300000000005,475.66,232,57,2,5,5,At Risk Valuable,3,1.793460455381483,1.4711884051638946
17062,314,4,533.33,133.33,370,51,1,4,3,At Risk Valuable,1,-0.634246069476145,1.21023374768637
17063,21,7,1461.14,208.73,289,66,4,5,4,Champions,2,1.2878430397334764,0.07232038699071655
17064,59,3,859.35,286.45,327,53,3,4,3,Loyal Customers,2,0.023958853812502304,0.24762403756349186
17068,12,21,4545.89,216.47,368,115,5,5,5,Champions,3,2.945501665954134,0.5426225533497528
17069,28,9,2709.7000000000003,301.08,373,111,4,5,5,Champions,3,1.6782764199727056,0.558694360647325
17070,114,1,312.14,312.14,114,62,2,2,2,Hibernating,1,-1.3337722004919876,0.023987265310704418
17071,28,9,2429.03,269.89,310,102,4,5,5,Champions,3,1.6262528682909445,0.5187730590691996
17073,18,4,1444.84,361.21,109,141,4,4,4,Champions,2,0.9126565413785238,-0.20553174591062742
17075,18,4,834.12,208.53,317,62,4,4,3,Loyal Customers,2,0.6514184714852136,-0.40599794698229436
17076,36,3,841.0799999999999,280.36,365,17,3,4,3,Loyal Customers,2,0.1984830209977794,-0.06653141319956715
17078,36,2,375.86,187.93,36,27,3,3,2,Developing Customers,0,-0.4448576439399861,-0.4708845937061702
17079,78,1,118.8,118.8,78,2,2,2,1,Hibernating,1,-1.6475930193507853,-0.5648594025675282
17080,22,2,287.62,143.81,270,8,4,3,2,Promising Customers,0,-0.3901430822108135,-0.869560513159286
17081,25,2,290.16,145.08,46,55,4,3,2,Promising Customers,0,-0.43282490797732165,-0.7886752281833255
17082,33,2,2003.85,1001.92,318,75,4,3,4,Promising Customers,2,0.3829925963327578,0.08600784628101057
17083,109,3,1405.78,468.59,304,24,2,4,4,At Risk Valuable,2,0.026362420101401253,0.8112855338672122
17084,35,2,2949.75,1474.88,35,146,3,3,5,Developing Customers,2,0.5451019203598179,0.263384814661542
17085,123,5,1566.65,313.33,363,115,2,4,4,At Risk Valuable,2,0.3995103633657746,1.0827703615418387
17086,7,6,2050.08,341.68,64,76,5,5,5,Champions,3,1.7145241385964243,-0.496430988622951
17088,28,4,1991.01,497.75,254,96,4,4,4,Champions,2,0.9035847562591303,0.1794457366282289
17090,4,7,2043.95,291.99,354,45,5,5,5,Champions,3,2.013704262962666,-0.7439499499518772
17091,3,9,3827.76,425.31,368,119,5,5,5,Champions,3,2.5996746640611668,-0.5704093802487683
17092,50,4,1777.78,444.44,277,99,3,4,4,Loyal Customers,2,0.6339651578628053,0.4958009742640322
17094,322,1,302.0,302.0,322,14,1,2,2,Hibernating,1,-1.7440907896545141,0.6663321414696938
17095,23,3,1324.16,441.39,335,69,4,4,4,Champions,2,0.5797056954942027,-0.17520708280517905
17096,15,4,1022.13,255.53,262,46,4,4,4,Champions,2,0.813731727395196,-0.4407287690581115
17097,2,8,954.42,119.3,365,153,5,5,4,Champions,3,1.9534474945834097,-1.3002371821134864
17100,18,2,971.74,485.87,18,65,4,3,4,Promising Customers,0,0.2611573961890828,-0.5468580887974176
17101,10,4,1621.73,405.43,178,28,5,4,4,Champions,2,1.1764513342719536,-0.5096857533496514
17102,262,1,25.5,25.5,262,1,1,2,1,Hibernating,1,-2.8252686463423973,-0.3538039825250262
17105,159,2,665.78,332.89,306,80,2,3,3,Hibernating,1,-0.7328451830296484,0.6653166165154044
17107,33,6,10815.43,1802.57,278,269,4,5,5,Champions,3,1.9529596794965285,1.0276620874269065
17109,29,6,885.04,147.51,232,107,4,5,3,Loyal Customers,2,0.8099204673536355,0.03451672484514493
17110,165,1,163.29999999999998,163.3,165,12,2,2,1,Hibernating,1,-1.7810123288759387,0.021006416873878473
17111,47,1,248.61,248.61,47,29,3,2,2,Developing Customers,1,-1.1078014991126652,-0.6124563102413773
17114,6,8,808.62,101.08,335,85,5,5,3,Loyal Customers,3,1.5508432191658812,-0.8238374149646388
17115,8,3,837.5,279.17,233,33,5,4,3,Loyal Customers,0,0.736694389923821,-0.9638528249514555
17117,288,1,116.2,116.2,288,9,1,2,1,Hibernating,1,-2.153673367535894,0.2489376787326528
17118,318,1,157.02,157.02,318,10,1,2,1,Hibernating,1,-2.049181391731255,0.4206647368394939
17119,3,2,606.91,303.46,60,35,5,3,3,Promising Customers,0,0.6328561151922496,-1.7058457387932722
17120,233,1,307.46,307.46,233,18,1,2,2,Hibernating,1,-1.612412502766688,0.4686147097455594
17122,119,1,138.32,138.32,119,7,2,2,1,Hibernating,1,-1.7355019513053378,-0.24484021637483835
17123,162,1,345.29999999999995,345.3,162,9,2,2,2,Hibernating,1,-1.4191647216691199,0.2817732239131042
17124,185,1,298.89,298.89,185,31,1,2,2,Hibernating,1,-1.5380919804903905,0.312857347692799
17125,50,1,259.35,259.35,50,34,3,2,2,Developing Customers,1,-1.110918357192136,-0.5586561515912561
17126,152,5,1004.75,200.95,363,187,2,4,4,At Risk Valuable,2,0.10794942583206915,1.0538256963429704
17128,335,1,157.09,157.09,335,14,1,2,1,Hibernating,1,-2.0688117104184185,0.45372485037878874
17131,5,5,2463.17,492.63,76,78,5,4,5,Champions,3,1.7721161106623387,-0.6710196102666649
17133,16,7,4892.240000000001,698.89,266,13,4,5,5,Champions,3,1.9613043718060792,0.3501368024993559
17134,107,2,425.0,212.5,265,21,2,3,2,Hibernating,1,-0.7958831530292928,0.2526386250098711
17135,16,7,1139.73,162.82,372,34,4,5,4,Champions,2,1.2682239254369227,-0.18171218940838157
17138,276,1,380.5,380.5,276,24,1,2,2,Hibernating,1,-1.575729861545557,0.6531257048806092
17139,16,12,10668.47,889.04,289,309,4,5,5,Champions,3,2.772250448870143,0.8216792339186412
17140,247,1,465.32,465.32,247,16,1,2,2,Hibernating,1,-1.4379151616237218,0.6563776813624219
17142,239,1,579.0,579.0,239,15,1,2,3,Hibernating,1,-1.3215519767937913,0.7152789385191711
17144,1,2,984.57,492.28,85,42,5,3,4,Promising Customers,0,1.1277191770161228,-1.9685692309763538
17146,106,3,749.78,249.93,359,33,2,4,3,At Risk Valuable,2,-0.26194523617901944,0.564417211274316
17147,23,4,1714.59,428.65,312,68,4,4,4,Champions,2,0.9048013945893737,0.004974124503999287
17148,52,1,124.88,124.88,52,9,3,2,1,Developing Customers,1,-1.47149425713472,-0.7996974536491347
17152,195,3,1689.5,563.17,263,9,1,4,4,At Risk Valuable,2,-0.10693592429999357,1.2443959144527272
17153,24,1,213.78,213.78,24,14,4,2,1,New Customers,0,-0.930046411157012,-1.0806816601085631
17154,75,1,329.34,329.34,75,23,2,2,2,Hibernating,1,-1.1500368954880766,-0.21893369723208406
17155,18,2,251.7,125.85,178,19,4,3,2,Promising Customers,0,-0.3803901452724292,-1.039162286635738
17157,8,2,319.0,159.5,176,11,5,3,2,Promising Customers,0,0.01753760002951924,-1.426385008833098
17158,32,3,1266.97,422.32,360,53,4,4,4,Champions,2,0.4370121728629871,0.010463621934303145
17159,22,3,1538.88,512.96,172,96,4,4,4,Champions,2,0.667444648697324,-0.1473266514254815
17160,31,6,3518.03,586.34,242,111,4,5,5,Champions,2,1.441685426341452,0.5791337332410565
17162,29,10,1715.46,171.55,306,81,4,5,4,Champions,3,1.5341978522316726,0.4499612173349593
17163,22,2,293.1,146.55,78,3,4,3,2,Promising Customers,0,-0.3811908744408815,-0.8626908594232304
17164,33,7,2467.35,352.48,273,92,4,5,5,Champions,2,1.3707211323368655,0.53940752270972
17165,284,1,158.68,158.68,284,10,1,2,1,Hibernating,1,-2.001138814677958,0.35306964411254904
17166,39,2,206.34,103.17,204,11,3,3,1,Developing Customers,0,-0.759040665249391,-0.6397179103481351
17169,58,2,835.78,417.89,183,51,3,3,3,Developing Customers,2,-0.2435110160748836,0.11612451256294758
17171,289,1,224.91,224.91,289,16,1,2,1,Hibernating,1,-1.842645040570167,0.49081309073004903
17172,79,1,317.76,317.76,79,15,2,2,2,Hibernating,1,-1.186622482417485,-0.19946548008823323
17173,5,8,3766.6,470.82,131,36,5,5,5,Champions,3,2.3415948430866056,-0.35991818274688314
17174,218,1,59.9,59.9,218,4,1,2,1,Hibernating,1,-2.3592668233559135,-0.16590416853092674
17175,44,4,1443.69,360.92,296,42,3,4,4,Loyal Customers,2,0.5827813994807934,0.3405124945792227
17176,202,1,306.13,306.13,202,15,1,2,2,Hibernating,1,-1.560160217348282,0.3769874073085672
17179,178,3,711.79,237.26,361,56,2,4,3,At Risk Valuable,2,-0.48329621547309637,0.8714933525839333
17180,56,4,796.03,199.01,316,91,3,4,3,Loyal Customers,2,0.20936760446981406,0.273070810470444
17181,57,2,239.92,119.96,374,23,3,3,1,Developing Customers,1,-0.8295893437182003,-0.34945882919002025
17183,8,6,3347.31,557.88,105,42,5,5,5,Champions,3,1.9027745407860779,-0.24280220539977174
17186,47,2,144.0,72.0,60,1,3,3,1,Developing Customers,1,-0.9989286728121862,-0.6548099370692203
17187,227,1,203.95,203.95,227,10,1,2,1,Hibernating,1,-1.7970692497919587,0.30283846074905285
17188,11,7,2474.23,353.46,362,71,5,5,5,Champions,3,1.7700347428663998,-0.11947734245096961
17189,106,2,384.4,192.2,359,52,2,3,2,Hibernating,1,-0.8399988649782361,0.21016332953863334
17190,59,2,444.74,222.37,207,19,3,3,2,Developing Customers,1,-0.5497029159912791,-0.10325966428678252
17191,28,7,2095.13,299.3,368,163,4,5,5,Champions,2,1.3537088992504824,0.37891846146171476
17193,36,7,1699.3000000000002,242.76,177,17,3,5,4,Loyal Customers,2,1.1609974696052372,0.45684674055367
17194,361,1,226.78,226.78,361,25,1,2,1,Hibernating,1,-1.9234677204536468,0.6343408674785823
17197,30,1,1013.01,1013.01,30,29,4,2,4,New Customers,0,-0.2735414824911981,-0.3775164988807606
17198,24,3,692.22,230.74,371,89,4,4,3,Loyal Customers,0,0.25571429689769865,-0.38599107263106897
17201,54,1,342.63,342.63,54,38,3,2,2,Developing Customers,1,-1.007677223678081,-0.40944534607753985
17203,36,6,3563.85,593.98,60,116,3,5,5,Loyal Customers,2,1.3923617553678433,0.6758509993532648
17204,175,4,1564.56,391.14,264,44,2,4,4,At Risk Valuable,2,0.09984313234083678,1.234023454785913
17205,54,1,384.08,384.08,54,13,3,2,2,Developing Customers,1,-0.953472696099895,-0.3678504294984934
17206,53,1,204.24,204.24,53,7,3,2,1,Developing Customers,1,-1.245965907669319,-0.6093083895914181
17211,27,8,2317.2200000000003,289.65,370,150,4,5,5,Champions,2,1.5217753319669807,0.4387896720862428
17212,253,1,226.85,226.85,253,4,1,2,1,Hibernating,1,-1.7879228712789592,0.4099499659019118
17213,40,7,2781.23,397.32,366,85,3,5,5,Loyal Customers,2,1.3561520189982967,0.7017508520597826
17214,60,6,1069.12,178.19,359,79,3,5,4,Loyal Customers,2,0.6285628141519723,0.5531355262028258
17217,234,1,113.5,113.5,234,9,1,2,1,Hibernating,1,-2.085722692724208,0.10936337131096649
17218,4,10,1960.72,196.07,368,146,5,5,4,Champions,3,2.282481503867443,-0.6365802072336156
17219,32,1,114.23,114.23,32,24,4,2,1,New Customers,0,-1.332512824336299,-1.1321900415753645
17220,24,14,3198.25,228.45,364,303,4,5,5,Champions,3,2.181261018489669,0.6812021949182049
17221,7,2,335.13,167.56,36,59,5,3,2,Promising Customers,0,0.08595415481174715,-1.4830553249163552
17222,65,1,354.15,354.15,65,27,3,2,2,Developing Customers,1,-1.0616564005833626,-0.2818765537120045
17223,310,2,391.79,195.9,368,42,1,3,2,Hibernating,1,-1.2386963486452032,0.8931659694354191
17226,309,1,393.49,393.49,309,21,1,2,2,Hibernating,1,-1.602805972522045,0.7366734566815951
17227,19,6,939.32,156.55,369,28,4,5,4,Champions,2,0.993167336723524,-0.20068394751086907
17228,16,8,1906.09,238.26,372,140,4,5,4,Champions,3,1.6195468302487737,0.05131005406594744
17229,96,2,318.76,159.38,143,39,2,3,2,Hibernating,1,-0.891369609972248,0.07979918319234233
17230,264,8,3638.41,454.8,360,51,1,5,5,At Risk Valuable,2,0.877556057644003,2.0276286457941173
17231,12,10,3174.32,317.43,361,292,5,5,5,Champions,3,2.146549414468117,0.14475708735010887
17232,3,2,421.52,210.76,15,30,5,3,2,Promising Customers,0,0.4597080869401974,-1.83871430370387
17233,35,1,190.88,190.88,35,25,3,2,1,Developing Customers,0,-1.1230550146218214,-0.8908090670203507
17234,183,1,149.89,149.89,183,14,1,2,1,Hibernating,1,-1.8608779022955986,0.05514072870224571
17235,25,2,550.06,275.03,372,24,4,3,3,Promising Customers,0,-0.12917896106642124,-0.555666503716417
17236,13,6,916.13,152.69,363,88,5,5,3,Loyal Customers,2,1.117584616959967,-0.435805887132548
17237,11,2,314.69,157.34,22,18,5,3,2,Promising Customers,0,-0.09885343295489943,-1.249052300698182
17238,3,17,3744.65,220.27,371,297,5,5,5,Champions,3,3.121828623655556,-0.3522354885040312
17239,313,1,382.5,382.5,313,15,1,2,2,Hibernating,1,-1.621153103888995,0.7344777027325348
17242,108,2,1135.04,567.52,180,30,2,3,4,At Risk Valuable,2,-0.332557039292474,0.6167238469402319
17243,1,26,8668.45,333.4,370,179,5,5,5,Champions,3,4.153535891304328,-0.3289003027704779
17244,53,1,954.9,954.9,53,31,3,2,4,Developing Customers,0,-0.5137204650542715,-0.04740536300333604
17245,205,1,171.45,171.45,205,9,1,2,1,Hibernating,1,-1.8404708967884802,0.17548301389051676
17247,15,1,282.19,282.19,15,53,4,2,2,New Customers,0,-0.62789536358887,-1.2624760785038143
17248,120,1,318.65,318.65,120,68,2,2,2,Hibernating,1,-1.3434142111337808,0.06372808843743152
17250,4,2,384.52,192.26,261,55,5,3,2,Promising Customers,0,0.33081600661899696,-1.7307941903043187
17251,363,1,283.28000000000003,283.28,363,37,1,2,2,Hibernating,1,-1.8201111886625834,0.7187603540942539
17252,117,2,353.86,176.93,186,86,2,3,2,Hibernating,1,-0.9166883580598434,0.24201501422776253
17253,18,1,178.26,178.26,18,18,4,2,1,New Customers,0,-0.9112129723935171,-1.3206003404815405
17254,5,2,272.44,136.22,15,100,5,3,2,Promising Customers,0,0.09764628920112747,-1.7407308041730558
17255,41,2,298.41,149.21,299,69,3,3,2,Developing Customers,0,-0.6027938365944622,-0.4745960335125346
17256,107,2,240.0,120.0,312,12,2,3,1,Hibernating,1,-1.0670078234230982,0.04458574545502245
17259,148,2,603.37,301.68,368,104,2,3,3,Hibernating,1,-0.7523996624592985,0.5842915206144643
17262,52,5,1253.36,250.67,366,9,3,4,4,Loyal Customers,2,0.6182162333145761,0.4627575384685313
17263,208,1,63.440000000000005,63.44,208,23,1,2,1,Hibernating,1,-2.3145140532264734,-0.1748824264218918
17265,139,2,562.9,281.45,181,106,2,3,3,Hibernating,1,-0.7615787421435086,0.5194993516351081
17266,2,3,310.64,103.55,148,60,5,4,2,Loyal Customers,0,0.6854412281204666,-2.021468188077061
17267,127,2,317.62,158.81,127,37,2,3,2,Hibernating,1,-0.9990463353954696,0.25421389478377565
17268,108,4,763.64,190.91,245,3,2,4,3,At Risk Valuable,2,-0.05812329405072026,0.668701595596663
17272,42,4,2148.63,537.16,263,70,3,4,5,Loyal Customers,2,0.7893000627775336,0.4568503672887875
17274,35,1,111.98,111.98,35,24,3,2,1,Developing Customers,1,-1.3751495171795642,-1.084258770807557
17277,228,2,1065.35,532.68,323,67,1,3,4,At Risk Valuable,1,-0.6463846432817605,1.0639961018331983
17278,241,1,246.04,246.04,241,15,1,2,1,Hibernating,1,-1.7309411588376464,0.4088180712480885
17279,58,1,187.83,187.83,58,8,3,2,1,Developing Customers,1,-1.3194691326385277,-0.5836338901863796
17282,130,3,1703.41,567.8,300,79,2,4,4,At Risk Valuable,2,0.050938164734786386,0.9920864241990511
17284,60,6,1652.58,275.43,336,229,3,5,4,Loyal Customers,2,0.8356854226324683,0.7120751573794629
17286,22,1,153.92,153.92,22,44,4,2,1,New Customers,0,-1.053679712453741,-1.2528391293414805
17287,26,7,1064.11,152.02,373,88,4,5,4,Champions,2,1.0587876043837257,0.08637066062434479
17288,9,7,1419.73,202.82,358,118,5,5,4,Champions,3,1.5754755722530187,-0.4377669526821556
17289,32,3,944.41,314.8,180,86,4,4,4,Champions,2,0.29729351788814196,-0.09675225205025435
17290,4,2,525.24,262.62,16,92,5,3,3,Promising Customers,0,0.4789164976006981,-1.6171463486399114
17291,308,1,550.8000000000001,550.8,308,1,1,2,3,Hibernating,1,-1.4418443140533783,0.8571957910694696
17293,8,9,1875.11,208.35,361,93,5,5,4,Champions,3,1.9502612104690915,-0.3171120758011715
17295,29,3,556.95,185.65,65,53,4,4,3,Loyal Customers,0,0.08272101561002133,-0.3497501077495954
17297,17,1,131.78,131.78,17,49,4,2,1,New Customers,0,-1.0334064667054428,-1.4644819329119163
17298,101,2,498.42,249.21,125,30,2,3,3,Hibernating,1,-0.6983593829555993,0.27449624777494397
17299,12,4,669.11,167.28,173,50,5,4,3,Loyal Customers,0,0.6916655590938908,-0.726856089818372
17301,21,1,197.63,197.63,21,59,4,2,1,New Customers,0,-0.9184009157067236,-1.1902318587937952
17302,15,5,1135.63,227.13,306,68,4,4,4,Champions,2,1.0290061869466838,-0.33214558879805756
17303,361,1,250.04,250.04,361,53,1,2,2,Hibernating,1,-1.8771895576963664,0.66985333120302
17306,11,19,8631.31,454.28,353,13,5,5,5,Champions,3,3.194848707935839,0.6893680822058073
17309,95,1,82.75,82.75,95,11,2,2,1,Hibernating,1,-1.8924599377326268,-0.5721130335382584
17311,78,2,1384.85,692.42,317,55,2,3,4,At Risk Valuable,2,-0.11494035684005757,0.4853525949183992
17312,139,3,644.3,214.77,159,11,2,4,3,At Risk Valuable,2,-0.4367300930223807,0.6794513829964363
17313,31,1,2328.84,2328.84,31,24,4,2,5,New Customers,2,0.11026728564258129,-0.053565913681860554
17314,25,8,2527.92,315.99,313,120,4,5,5,Champions,3,1.5915001783908138,0.4236049805766192
17315,2,36,6252.18,173.67,358,254,5,5,5,Champions,3,4.1285844365193425,-0.07006306408688392
17317,46,3,2600.34,866.78,90,8,3,4,5,Loyal Customers,2,0.6438960069127804,0.4970030246744712
17320,100,3,1200.62,400.21,368,57,2,4,4,At Risk Valuable,2,-0.0160437828043865,0.6996256881569155
17321,8,2,700.86,350.43,68,94,5,3,3,Promising Customers,0,0.3913595357259961,-1.1395253510621817
17323,15,7,917.67,131.1,292,124,4,5,3,Loyal Customers,2,1.1883485733013472,-0.29919806242297553
17324,18,4,990.23,247.56,367,43,4,4,4,Champions,2,0.7329835914536893,-0.343407338551016
17325,280,1,96.8,96.8,280,6,1,2,1,Hibernating,1,-2.229073415801203,0.1650584784184975
17329,14,2,523.11,261.56,315,29,5,3,3,Promising Customers,0,0.05715435117161411,-0.922508640068355
17330,23,2,363.9,181.95,68,5,4,3,2,Promising Customers,0,-0.29478956431548503,-0.756941314676766
17331,124,1,175.2,175.2,124,1,2,2,1,Hibernating,1,-1.639325499866693,-0.1332000941890457
17333,86,1,494.25,494.25,86,28,2,2,3,Hibernating,1,-1.0089598703567462,0.014615775395830175
17334,302,2,307.02,153.51,309,11,1,3,2,Hibernating,1,-1.344447379659112,0.7878611495314846
17337,151,4,2026.42,506.6,310,420,2,4,4,At Risk Valuable,2,0.278911600604445,1.2355508942749054
17338,17,8,6635.14,829.39,361,388,4,5,5,Champions,3,2.19119803838777,0.542957089290803
17339,94,2,243.36,121.68,365,9,2,3,1,Hibernating,1,-1.011405868099545,-0.03162377860220519
17340,30,11,12353.29,1123.03,366,229,4,5,5,Champions,3,2.5399220573175123,1.2250983637998
17341,157,3,781.36,260.45,367,147,2,4,3,At Risk Valuable,2,-0.3912828623613769,0.8264351529228328
17343,355,1,193.64,193.64,355,17,1,2,1,Hibernating,1,-1.991914566138396,0.5663253821944197
17344,46,1,160.57,160.57,46,31,3,2,1,Developing Customers,1,-1.3067783534593964,-0.7846591863897391
17345,15,4,537.74,134.44,197,70,4,4,3,Loyal Customers,0,0.5084589615597369,-0.6749858652105517
17346,4,15,2676.56,178.44,373,299,5,5,5,Champions,3,2.770057282736334,-0.3787738471581164
17347,86,1,228.96,228.96,86,1,2,2,1,Hibernating,1,-1.3740929200464442,-0.26557629380334746
17348,15,5,1159.52,231.9,298,180,4,4,4,Champions,2,1.0389062775324527,-0.32454855843106334
17349,179,1,110.75,110.75,179,8,2,2,1,Hibernating,1,-1.995402026366883,-0.06846089785613921
17350,8,4,1286.07,321.52,51,66,5,4,4,Champions,0,1.1428383246309446,-0.7214776506476313
17351,36,3,587.15,195.72,273,22,3,4,3,Loyal Customers,2,0.027665776201260976,-0.1976114053150805
17353,129,2,1740.0,870.0,154,5,2,3,4,At Risk Valuable,2,-0.19669539468112682,0.8842843317437054
17354,51,1,1393.06,1393.06,51,15,3,2,4,Developing Customers,2,-0.3197093092390968,0.06649206092649104
17356,312,1,178.22,178.22,312,19,1,2,1,Hibernating,1,-1.9820059354782906,0.45461357594217844
17357,24,2,388.14,194.07,24,41,4,3,2,Promising Customers,0,-0.2797780806771455,-0.707584736239695
17358,303,2,365.85,182.92,355,55,1,3,2,Hibernating,1,-1.2625149778567148,0.8537875824819714
17359,11,1,127.86,127.86,11,13,5,2,1,New Customers,0,-0.8927220618150866,-1.7323437544103357
17360,17,3,585.79,195.26,184,113,4,4,3,Loyal Customers,0,0.3019187300721244,-0.6550200761407003
17361,49,3,488.2,162.73,292,26,3,4,3,Loyal Customers,2,-0.1750768641045756,-0.07410073980185744
17362,239,2,312.23,156.12,310,30,1,3,2,Hibernating,1,-1.2473879498985074,0.6462908278147645
17364,1,11,4481.18,407.38,331,288,5,5,5,Champions,3,3.1047580288576877,-0.8819020558609892
17365,13,8,4796.52,599.57,333,277,5,5,5,Champions,3,2.1328221615488263,0.2652220925852032
17367,238,1,168.4,168.4,238,33,1,2,1,Hibernating,1,-1.9057463926933276,0.26311571474339035
17368,23,8,1912.67,239.08,338,93,4,5,4,Champions,2,1.489406310975992,0.2710709934263805
17370,73,4,446.18,111.54,170,31,2,4,2,At Risk Valuable,2,-0.16544786522822355,0.22737806535077937
17371,17,3,423.89,141.3,361,83,4,4,2,Loyal Customers,0,0.14826269968952147,-0.7729310708710356
17372,41,8,1342.68,167.84,363,215,3,5,4,Loyal Customers,2,1.1072475022604567,0.4965123240380051
17373,40,4,646.92,161.73,313,47,3,4,3,Loyal Customers,2,0.23669479698848322,-0.011347852544689539
17374,219,2,495.77,247.88,281,24,1,3,3,Hibernating,1,-0.9946309662165965,0.7595995190850318
17375,199,3,400.1,133.37,361,63,1,4,2,At Risk Valuable,1,-0.7993516745534957,0.7317825395635033
17376,71,2,203.2,101.6,311,23,3,3,1,Developing Customers,1,-0.9909248889240453,-0.27284929237544764
17377,24,20,4100.92,205.05,374,190,4,5,5,Champions,3,2.604435264671848,0.9014566802598002
17379,11,1,404.66,404.66,11,71,5,2,2,New Customers,0,-0.3469011474066874,-1.3134972776253788
17381,9,29,20275.61,699.16,372,40,5,5,5,Champions,3,4.038363614561933,1.0417658076789835
17382,65,1,65.4,65.4,65,2,3,2,1,Developing Customers,1,-1.8597598142324894,-0.8943169972580421
17383,4,1,199.29,199.29,4,49,5,2,1,New Customers,0,-0.3482485263850502,-2.1259884498626995
17384,19,2,336.4,168.2,219,12,4,3,2,Promising Customers,0,-0.2624089974930909,-0.9010842277801904
17385,15,1,261.11,261.11,15,42,4,2,2,New Customers,0,-0.6647123555556126,-1.29072832564939
17386,8,6,2686.42,447.74,166,23,5,5,5,Champions,3,1.798124157108458,-0.32310774763989253
17387,20,2,784.11,392.06,34,71,4,3,3,Promising Customers,0,0.12091675139993398,-0.5617088491399782
17388,78,4,1259.56,314.89,288,13,2,4,4,At Risk Valuable,2,0.30282325999790577,0.6473173560754067
17389,1,34,31833.68,936.28,331,45,5,5,5,Champions,3,5.007781582494136,0.2460422480005758
17391,164,2,508.8,254.4,165,2,2,3,3,Hibernating,1,-0.8723708860991348,0.5867705403765043
17392,307,2,451.91,225.96,358,52,1,3,2,Hibernating,1,-1.1672073082707064,0.9390401005736669
17394,219,1,203.87,203.87,219,4,1,2,1,Hibernating,1,-1.7836054999318283,0.28006364610348583
17396,39,7,7312.8,1044.69,372,23,3,5,5,Loyal Customers,3,1.8256044775151146,1.0391073164846731
17397,22,2,696.41,348.2,22,88,4,3,3,Promising Customers,0,0.029774978730845548,-0.5473280817501347
17398,115,3,653.38,217.79,255,30,2,4,3,At Risk Valuable,2,-0.35821594947520374,0.5653983167519666
17400,126,5,2129.96,425.99,353,175,2,4,5,At Risk Valuable,2,0.5364909675768423,1.2100427629400419
17402,5,12,2598.85,216.57,369,32,5,5,5,Champions,3,2.49822160038533,-0.3539082880714593
17403,36,1,281.62,281.62,36,32,3,2,2,Developing Customers,0,-0.9492195968673675,-0.7320173722572426
17404,4,13,31781.82,2444.76,360,109,5,5,5,Champions,3,3.8265876017401994,0.4734378917182106
17405,1,3,1031.41,343.8,150,77,5,4,4,Champions,0,1.4104898047921526,-1.840906601734362
17406,333,3,2200.42,733.47,367,99,1,4,5,At Risk Valuable,2,-0.184940911979289,1.6785903793285613
17408,163,1,32.65,32.65,163,2,2,2,1,Hibernating,1,-2.531094404601147,-0.565818988014821
17409,185,2,771.85,385.92,248,13,1,3,3,Hibernating,1,-0.7201232938280147,0.8146424575370221
17410,16,5,1214.72,242.94,215,57,4,4,4,Champions,2,1.0378556075899295,-0.26916286943813106
17411,12,3,778.94,259.65,261,39,5,4,3,Loyal Customers,0,0.561711283195104,-0.7572916655055056
17412,3,7,1258.06,179.72,372,48,5,5,4,Champions,3,1.8681355902085053,-1.0624829519505394
17414,44,2,778.0,389.0,185,5,3,3,3,Developing Customers,2,-0.17405158710948768,-0.08164385535261895
17415,80,1,507.84,507.84,80,14,2,2,3,Hibernating,1,-0.968767443577499,-0.02077588149667547
17416,30,7,6893.42,984.77,281,186,4,5,5,Champions,3,1.8949053982247441,0.8560314138649702
17418,42,2,463.46,231.73,324,29,3,3,2,Developing Customers,0,-0.40281200704396636,-0.2993259983971016
17419,11,12,4226.57,352.21,367,155,5,5,5,Champions,3,2.4647344478698052,0.2628611356360895
17420,50,3,598.83,199.61,374,28,3,4,3,Loyal Customers,2,-0.08560893335915004,0.012908968690221154
17422,16,6,1979.37,329.9,296,93,4,5,4,Champions,2,1.4097743877349378,-0.03162834485400403
17423,46,2,698.41,349.2,218,26,3,3,3,Developing Customers,0,-0.2419649423496121,-0.09345289384896754
17425,19,2,759.17,379.58,61,42,4,3,3,Promising Customers,0,0.12419709679661917,-0.6044143930005026
17426,8,6,5037.26,839.54,282,179,5,5,5,Champions,3,2.0972525242375095,-0.09356567739101332
17427,72,1,100.8,100.8,72,2,3,2,1,Developing Customers,1,-1.6948998935506017,-0.6743742970667348
17428,1,28,17256.85,616.32,369,252,5,5,5,Champions,3,4.54596299317873,-0.04995203886711699
17429,128,3,524.9200000000001,174.97,219,36,2,4,3,At Risk Valuable,1,-0.5028234671534603,0.5528864584922379
17430,33,2,265.76,132.88,365,14,4,3,2,Promising Customers,0,-0.5769986357829059,-0.6506604174331218
17431,313,1,403.3,403.3,313,41,1,2,2,Hibernating,1,-1.5960142762723608,0.7537684794319656
17432,18,2,365.76,182.88,37,44,4,3,2,Promising Customers,0,-0.2030943483311098,-0.9031108493650701
17433,88,1,303.16,303.16,88,53,2,2,2,Hibernating,1,-1.249678106702514,-0.14903769215555734
17434,2,7,2373.82,339.12,85,100,5,5,5,Champions,3,2.280093316689945,-1.0130067105596081
17436,2,2,216.3,108.15,227,7,5,3,1,Promising Customers,0,0.2531543889308344,-2.2638650400644367
17438,254,1,388.4500000000001,388.45,254,17,1,2,2,Hibernating,1,-1.5342892376794917,0.6082227341023044
17440,157,3,186.42,62.14,248,3,2,4,1,At Risk Valuable,1,-1.0714061957453551,0.30452905799812663
17442,37,6,2248.56,374.76,290,96,3,5,5,Loyal Customers,2,1.1630464843720387,0.5245997388186
17443,220,1,534.24,534.24,220,1,1,2,3,Hibernating,1,-1.328259287414376,0.6336861294828604
17444,152,2,2389.1,1194.55,173,131,2,3,5,At Risk Valuable,2,-0.10812973603024248,1.1032394267923342
17446,177,2,120.9,60.45,310,6,2,3,1,Hibernating,1,-1.5823582230615363,0.1122407477880801
17447,40,2,541.53,270.76,72,33,3,3,3,Developing Customers,0,-0.3106627847230418,-0.272759106437721
17449,2,7,2517.86,359.69,360,177,5,5,5,Champions,3,2.3081198721799288,-0.9914999787479087
17450,8,46,194550.79,4229.36,368,124,5,5,5,Champions,3,5.561670969415271,1.9736472225707455
17451,1,7,1721.4,245.91,106,83,5,5,4,Champions,3,2.282162275794981,-1.387237836645935
17453,18,2,486.72,243.36,64,19,4,3,3,Promising Customers,0,-0.06743083389426346,-0.7990067676962204
17454,192,4,517.53,129.38,360,57,1,4,3,At Risk Valuable,2,-0.46132496219384006,0.8888643845372474
17455,204,1,131.7,131.7,204,8,1,2,1,Hibernating,1,-1.9633195473381315,0.07670228227880979
17456,365,1,249.86,249.86,365,17,1,2,2,Hibernating,1,-1.8817304122796978,0.6765544483945086
17457,127,5,1737.7,347.54,339,14,2,4,4,At Risk Valuable,2,0.43666768807973644,1.1407111037390607
17458,15,1,316.5,316.5,15,52,4,2,2,New Customers,0,-0.5734651567173109,-1.2207079824543272
17459,43,2,657.3,328.65,60,88,3,3,3,Developing Customers,0,-0.24559096036120023,-0.1573707204624064
17460,94,6,622.4300000000001,103.74,373,18,2,5,3,At Risk Valuable,2,0.20211636774553723,0.6365054573148198
17461,23,3,757.46,252.49,30,104,4,4,3,Loyal Customers,0,0.3141230502702994,-0.37900717970661296
17462,60,2,675.69,337.84,284,25,3,3,3,Developing Customers,2,-0.3573186903173216,0.05969090898137303
17463,16,5,1896.41,379.28,313,162,4,4,4,Champions,2,1.2497289517077634,-0.10657766728517384
17464,158,1,289.96000000000004,289.96,158,9,2,2,2,Hibernating,1,-1.4925431653778198,0.20243548565612243
17466,10,2,763.28,381.64,79,41,5,3,3,Promising Customers,0,0.35522532982252697,-0.9812553594391228
17468,10,2,137.0,68.5,14,5,5,3,1,Promising Customers,0,-0.4594591263166443,-1.606419593966868
17469,16,5,1870.97,374.19,205,61,4,4,4,Champions,2,1.2433042865965296,-0.11150776115905955
17470,45,5,1125.07,225.01,368,67,3,4,4,Loyal Customers,2,0.6209958684547624,0.33359706687428625
17472,191,3,710.29,236.76,299,142,1,4,3,At Risk Valuable,1,-0.5110910599836518,0.9151478053953672
17475,79,1,194.37,194.37,79,14,2,2,1,Hibernating,1,-1.4196234936957692,-0.3782634156107634
17480,78,1,511.82,511.82,78,29,2,2,3,Hibernating,1,-0.9555049561304227,-0.03377193550158567
17481,4,4,1255.59,313.9,94,69,5,4,4,Champions,0,1.3560523847881332,-1.1026731879520297
17483,65,3,414.04,138.01,183,18,3,4,2,Loyal Customers,2,-0.3594185806339022,0.04177317992191868
17486,261,1,396.87,396.87,261,24,1,2,2,Hibernating,1,-1.53445753746059,0.6331944705623799
17489,59,2,376.64,188.32,213,28,3,3,2,Developing Customers,1,-0.628613769056939,-0.16381346850014938
17490,1,7,2092.32,298.9,177,63,5,5,5,Champions,3,2.37498921985182,-1.3160052447049269
17491,1,10,3558.87,355.89,368,72,5,5,5,Champions,3,2.9162628322993966,-0.9995300204184236
17492,248,1,374.57,374.57,248,12,1,2,2,Hibernating,1,-1.5424627942938358,0.5798809043077578
17495,8,2,497.56,248.78,39,21,5,3,3,Promising Customers,0,0.22857785139038742,-1.264439096888484
17496,359,1,271.05,271.05,359,10,1,2,2,Hibernating,1,-1.836818110563859,0.6956980599163382
17498,76,1,272.22,272.22,76,17,2,2,2,Hibernating,1,-1.2453902511149355,-0.27998868873293026
17499,290,1,622.88,622.88,290,40,1,2,3,Hibernating,1,-1.3604743516711764,0.864006958641275
17500,17,3,1138.0,379.33,30,3,4,4,4,Champions,2,0.6175912293305464,-0.41278253880558385
17501,221,2,288.6,144.3,221,18,1,3,2,Hibernating,1,-1.2549277475973604,0.5682437745665655
17502,9,4,689.1,172.28,29,25,5,4,3,Loyal Customers,0,0.8059179163149939,-0.8823633031095254
17503,3,2,558.96,279.48,39,36,5,3,3,Promising Customers,0,0.5937508678276301,-1.735853923987546
17504,206,9,2997.03,333.0,323,112,1,5,5,At Risk Valuable,2,0.9751471029902287,1.8408516262593828
17505,162,2,1145.84,572.92,206,48,2,3,4,At Risk Valuable,2,-0.4818306147216166,0.8751557504495228
17506,76,1,302.2,302.2,76,14,2,2,2,Hibernating,1,-1.1958359486074353,-0.24196221435845738
17507,262,2,605.58,302.79,309,79,1,3,3,Hibernating,1,-0.9678014810557695,0.94566084955373
17508,281,1,387.31,387.31,281,22,1,2,2,Hibernating,1,-1.5741451571893204,0.6709232955194394
17509,58,8,6115.14,764.39,63,75,3,5,5,Loyal Customers,2,1.6986881625857395,1.2653837813258577
17510,25,1,308.48,308.48,25,20,4,2,2,New Customers,0,-0.7711776999283678,-0.9224175928578445
17511,3,31,91062.38,2937.5,374,453,5,5,5,Champions,3,5.161928194710045,1.034621264942122
17512,29,10,2924.99,292.5,302,61,4,5,5,Champions,3,1.788057908370736,0.6447657535911865
17513,72,1,513.2,513.2,72,6,3,2,3,Developing Customers,1,-0.9240406662946993,-0.08284021892819164
17514,128,1,208.65,208.65,128,40,2,2,1,Hibernating,1,-1.5686320904421178,-0.049756523697490194
17515,31,4,639.02,159.76,318,49,4,4,3,Loyal Customers,2,0.3255657935576942,-0.1728661032237038
17516,15,5,768.08,153.62,286,113,4,4,3,Loyal Customers,2,0.8430844702934617,-0.47481629620841265
17517,309,1,153.94,153.94,309,11,1,2,1,Hibernating,1,-2.0476133465632143,0.39534171847393673
17519,17,6,1844.02,307.34,368,60,4,5,4,Champions,2,1.3542368300970804,-0.021267016882542646
17520,54,1,546.81,546.81,54,30,3,2,3,Developing Customers,1,-0.7857089928727362,-0.2391136329152159
17521,30,3,723.2099999999999,241.07,199,38,4,4,3,Loyal Customers,2,0.194325508798003,-0.23371585723687094
17522,2,5,1066.15,213.23,218,58,5,4,4,Champions,3,1.6386903416729652,-1.4158729663716842
17523,11,4,652.74,163.18,19,25,5,4,3,Loyal Customers,0,0.7104822498991707,-0.7866069681141569
17524,361,1,145.0,145.0,361,6,1,2,1,Hibernating,1,-2.135160355859124,0.4718943357310583
17525,360,1,422.7000000000001,422.7,360,9,1,2,2,Hibernating,1,-1.6270107574430344,0.8592689891348425
17526,5,4,1195.9,298.97,366,17,5,4,4,Champions,0,1.2632154250776133,-1.004922683955472
17527,54,4,939.37,234.84,218,45,3,4,4,Loyal Customers,2,0.3017312839144414,0.31084141768887125
17528,1,8,3628.5,453.56,71,183,5,5,5,Champions,3,2.743652846857291,-1.0696762549994157
17530,1,10,2380.41,238.04,365,305,5,5,5,Champions,3,2.7249136712828537,-1.1463655846334824
17531,190,1,296.7,296.7,190,14,1,2,2,Hibernating,1,-1.5517176149838456,0.3269886495242299
17534,54,1,223.36,223.36,54,9,3,2,1,Developing Customers,1,-1.2105836956226697,-0.5651496414744491
17535,280,1,164.4,164.4,280,13,1,2,1,Hibernating,1,-1.9789860950634515,0.35696793152754625
17536,177,1,76.5,76.5,177,3,2,2,1,Hibernating,1,-2.1653255186992015,-0.20921139556117266
17537,30,2,897.62,448.81,303,74,4,3,3,Promising Customers,0,0.03635520647960005,-0.2656104877824419
17538,26,1,98.42,98.42,26,9,4,2,1,New Customers,0,-1.3260671153499028,-1.3132420886428082
17540,25,2,578.9,289.45,316,20,4,3,3,Promising Customers,0,-0.10489950853505589,-0.5370351854899026
17542,270,1,170.75,170.75,270,24,1,2,1,Hibernating,1,-1.9472079043730732,0.3477671569205927
17545,43,3,645.96,215.32,43,122,3,4,3,Loyal Customers,2,0.006810212995951054,-0.05301269287536482
17548,234,1,103.3,103.3,234,5,1,2,1,Hibernating,1,-2.130131025986223,0.07528575824103198
17549,24,2,148.86,74.43,52,5,4,3,1,Promising Customers,0,-0.7339531259862516,-1.0561049423178228
17550,197,3,267.16,89.05,243,42,1,4,2,At Risk Valuable,1,-0.9871436426009158,0.5783611706388155
17551,359,1,306.84,306.84,359,39,1,2,2,Hibernating,1,-1.7779926761870202,0.7408389207439027
17552,60,4,930.41,232.6,372,43,3,4,4,Loyal Customers,2,0.257606759245976,0.3729517029827397
17553,130,1,1487.6,1487.6,130,2,2,2,4,At Risk Valuable,1,-0.6415655302904019,0.6759063638984318
17554,1,5,1952.45,390.49,148,58,5,4,4,Champions,3,2.0814033116705724,-1.4519671933273002
17555,20,2,483.26,241.63,335,101,4,3,2,Promising Customers,0,-0.10906603826975,-0.7381906926009048
17556,206,1,157.9,157.9,206,6,1,2,1,Hibernating,1,-1.8812700430491107,0.1486635289696083
17557,14,3,541.46,180.49,81,27,5,4,3,Loyal Customers,0,0.3342048285789221,-0.799235481374988
17560,95,4,854.95,213.74,311,22,2,4,3,At Risk Valuable,2,0.044100376379418306,0.6294310760642595
17561,19,1,167.62,167.62,19,44,4,2,1,New Customers,0,-0.9599381216233822,-1.310447656628987
17562,14,7,1122.38,160.34,173,48,5,5,4,Champions,2,1.308759992267354,-0.2666176466998431
17564,24,3,454.01,151.34,80,38,4,4,2,Loyal Customers,0,0.05532352801056795,-0.5397648935180461
17566,8,2,901.21,450.6,25,113,5,3,3,Promising Customers,0,0.5108784199881927,-1.0478101707511653
17567,7,8,4331.48,541.43,372,110,5,5,5,Champions,3,2.29814986343998,-0.1266088774729255
17569,332,1,344.14,344.14,332,29,1,2,2,Hibernating,1,-1.6937648203842939,0.7332115918729193
17571,50,4,1497.26,374.32,298,246,3,4,4,Loyal Customers,2,0.552280034099944,0.4331182785470666
17572,71,4,226.75000000000003,56.69,373,7,3,4,1,Loyal Customers,1,-0.47611089606113766,-0.03641100520348008
17573,29,3,380.6,126.87,94,24,4,4,2,Loyal Customers,0,-0.09809292566867372,-0.48850126267789057
17574,243,1,185.65,185.65,243,8,1,2,1,Hibernating,1,-1.8675040311212212,0.3116525606342554
17576,8,19,3622.68,190.67,365,245,5,5,5,Champions,3,2.891645423566905,0.1900513737089282
17578,218,1,143.45999999999998,143.46,218,5,1,2,1,Hibernating,1,-1.9481506393425978,0.14957396848749524
17579,5,3,448.9,149.63,179,46,5,4,2,Loyal Customers,0,0.5953167752456637,-1.4481605172702903
17580,253,3,212.77,70.92,358,42,1,4,1,At Risk Valuable,1,-1.1902152072785972,0.653386416421691
17581,1,25,11045.04,441.8,372,229,5,5,5,Champions,3,4.23464725219111,-0.2549392975237421
17582,236,1,175.27,175.27,236,28,1,2,1,Hibernating,1,-1.8836138395007036,0.27231058729214197
17584,7,2,1242.3,621.15,127,30,5,3,4,Promising Customers,0,0.7085170559136981,-1.0053193664359026
17585,109,4,1133.07,283.27,338,176,2,4,4,At Risk Valuable,2,0.1259909953618627,0.818450083228495
17588,100,3,1240.2,413.4,233,19,2,4,4,At Risk Valuable,2,-0.0006190003778503083,0.7114622001043034
17589,60,4,2402.92,600.73,240,171,3,4,5,Loyal Customers,2,0.7088874210778144,0.719250846639263
17590,2,3,1477.97,492.66,40,161,5,4,4,Champions,0,1.426624753333003,-1.4527063469834394
17591,73,7,2225.9700000000003,318.0,367,81,2,5,5,At Risk Valuable,2,1.0245437309877004,0.9946027174017361
17593,4,5,3927.34,785.47,353,190,5,4,5,Champions,3,2.0637575132197505,-0.6162135920459135
17594,85,2,993.18,496.59,255,42,2,3,4,At Risk Valuable,2,-0.3054735274916603,0.417835062234378
17595,12,2,388.79,194.4,37,68,5,3,2,Promising Customers,0,-0.02908746950134008,-1.1213257702037465
17596,23,7,2827.93,403.99,369,168,4,5,5,Champions,3,1.5687215488152757,0.368507448139066
17597,214,1,2044.37,2044.37,214,55,1,2,5,At Risk Valuable,1,-0.6796654018259652,1.105885322493337
17600,18,1,161.67000000000002,161.67,18,13,4,2,1,New Customers,0,-0.9574347910206186,-1.3560695674230154
17601,239,1,116.01,116.01,239,9,1,2,1,Hibernating,1,-2.083447294021521,0.1306234940760532
17602,2,6,5102.97,850.5,324,335,5,5,5,Champions,3,2.52325167174372,-0.7849520393643687
17603,78,1,394.72,394.72,78,11,2,2,2,Hibernating,1,-1.0788813016381462,-0.1284472150124916
17604,217,2,309.36,154.68,312,57,1,3,2,Hibernating,1,-1.215027922773876,0.5820088090305048
17608,33,2,193.42,96.71,33,54,4,3,1,Promising Customers,0,-0.7275571059724026,-0.7661944380694576
17609,41,5,1104.72,220.94,327,198,3,4,4,Loyal Customers,2,0.6470804894450292,0.2692934071015568
17611,7,15,3984.22,265.61,361,440,5,5,5,Champions,3,2.7797279240355977,0.06428556229603807
17612,53,6,2048.45,341.41,298,116,3,5,5,Loyal Customers,2,0.9844191515873023,0.7132313067774844
17613,23,14,4559.150000000001,325.65,306,211,4,5,5,Champions,3,2.3655584229297406,0.7847892347264175
17614,57,1,390.07,390.07,57,97,3,2,2,Developing Customers,1,-0.9664218729232463,-0.32856063351989506
17615,130,3,329.6,109.87,222,13,2,4,2,At Risk Valuable,1,-0.7296605066521454,0.39307859092866737
17616,174,3,571.1999999999999,190.4,368,1,2,4,3,At Risk Valuable,1,-0.5792264370320092,0.776931995518072
17618,6,3,971.58,323.86,362,56,5,4,4,Champions,0,0.9033357603070884,-1.0689163854277834
17619,312,1,218.52,218.52,312,71,1,2,1,Hibernating,1,-1.8854681594225522,0.5286937482298731
17620,60,1,81.44,81.44,60,4,3,2,1,Developing Customers,1,-1.726669571056576,-0.8652082356216216
17621,21,3,1379.9,459.97,354,24,4,4,4,Champions,2,0.632567317887891,-0.21529205160009324
17623,33,1,527.0500000000001,527.05,33,33,4,2,3,New Customers,0,-0.6193920158673112,-0.5572924723716185
17624,15,2,843.48,421.74,218,49,4,3,3,Promising Customers,0,0.25953135939015426,-0.7073909703860508
17625,18,4,2047.0,511.75,258,223,4,4,5,Champions,2,1.0783716509236474,-0.07836697821710822
17628,81,1,75.75,75.75,81,5,2,2,1,Hibernating,1,-1.8737652122711432,-0.7038708808453326
17629,6,8,1814.12,226.76,360,106,5,5,4,Champions,3,1.935102344455278,-0.5289685732780247
17630,170,2,503.6,251.8,232,24,2,3,3,Hibernating,1,-0.8909001732844323,0.6056582147427948
17631,2,3,528.33,176.11,232,39,5,4,3,Loyal Customers,0,0.9375852375603787,-1.8279804942044149
17633,31,4,1324.84,331.21,120,59,4,4,4,Champions,2,0.6722054666528953,0.09313470758652401
17634,36,9,2361.9700000000003,262.44,338,209,3,5,5,Loyal Customers,2,1.5198340438087212,0.6629196758815076
17636,19,1,285.56,285.56,19,20,4,2,2,New Customers,0,-0.7075385736516681,-1.1167638702085791
17637,31,2,547.0600000000001,273.53,115,35,4,3,3,Promising Customers,0,-0.2111260005713443,-0.42609275401133156
17639,276,1,108.5,108.5,276,7,1,2,1,Hibernating,1,-2.1698115029120735,0.19724540451013148
17640,87,1,621.66,621.66,87,5,2,2,3,Hibernating,1,-0.9043629525751995,0.10547335528211474
17642,120,2,712.29,356.14,176,34,2,3,3,Hibernating,1,-0.5939868955181337,0.512916621237609
17643,373,1,101.55,101.55,373,8,1,2,1,Hibernating,1,-2.3157571312692817,0.3635369570013254
17644,1,11,2895.64,263.24,261,102,5,5,5,Champions,3,2.896975627521081,-1.0413479921386122
17646,219,3,1008.39,336.13,365,46,1,4,4,At Risk Valuable,2,-0.3965189303911386,1.129245616272857
17647,65,1,133.06,133.06,65,7,3,2,1,Developing Customers,1,-1.5253577620776129,-0.6377069669763331
17648,61,4,1797.5,449.38,250,81,3,4,4,Loyal Customers,2,0.564575969211465,0.6235822021531746
17649,138,1,868.49,868.49,138,52,2,2,3,Hibernating,1,-0.920132055183417,0.5170853219040475
17650,21,1,166.08,166.08,21,8,4,2,1,New Customers,0,-1.0007275122335142,-1.2534068013265802
17651,12,10,3945.0,394.5,177,149,5,5,5,Champions,3,2.249971773637452,0.22412028068947656
17652,25,12,4867.72,405.64,281,118,4,5,5,Champions,3,2.2364687262883045,0.8043536092575839
17653,37,4,1207.56,301.89,120,44,3,4,4,Loyal Customers,2,0.5624519049805782,0.16819825083738368
17654,277,1,117.55,117.55,277,22,1,2,1,Hibernating,1,-2.133392828186873,0.22853211816923755
17655,11,7,2638.94,376.99,366,66,5,5,5,Champions,3,1.8006971876416822,-0.09594790884972995
17656,73,5,1674.69,334.94,129,67,2,4,4,At Risk Valuable,2,0.6285023103744479,0.7800195044112598
17658,26,2,595.42,297.71,211,17,4,3,3,Promising Customers,0,-0.10595253876851463,-0.5028623744150312
17659,17,12,2999.46,249.96,372,127,4,5,5,Champions,3,2.1465999599581203,0.3945531253880652
17660,141,1,196.0,196.0,141,37,2,2,1,Hibernating,1,-1.6349453052918053,-0.011648915302114062
17663,26,7,1802.91,257.56,287,63,4,5,4,Champions,2,1.309558514648572,0.2788046796806348
17664,19,2,604.64,302.32,212,41,4,3,3,Promising Customers,0,0.01603309859552956,-0.6874161768559357
17666,4,2,728.16,364.08,66,14,5,3,3,Promising Customers,0,0.6341427596209608,-1.4980304055981268
17667,66,5,2055.51,411.1,299,85,3,4,5,Loyal Customers,2,0.7639460340824632,0.7918482522532361
17668,1,2,347.75,173.88,38,14,5,3,2,Promising Customers,0,0.6332653304919345,-2.3479981720126215
17669,43,7,3406.7200000000003,486.67,250,45,3,5,5,Loyal Customers,2,1.425685125846569,0.8205626914097436
17670,228,1,205.7,205.7,228,11,1,2,1,Hibernating,1,-1.7946948928282416,0.3087168584788822
17671,16,4,1572.71,393.18,365,40,4,4,4,Champions,2,0.9954962060452937,-0.24505625911415116
17672,50,2,3178.17,1589.08,309,105,3,3,5,Developing Customers,2,0.44748508698906414,0.511316217643757
17673,2,6,1629.12,271.52,320,118,5,5,4,Champions,3,1.9800122422535311,-1.2018175626271654
17674,74,2,551.04,275.52,369,19,2,3,3,Hibernating,1,-0.5331769520999051,0.11624986218136144
17675,1,31,20374.28,657.23,367,239,5,5,5,Champions,3,4.714195494386484,0.04857826706402455
17676,4,6,1387.68,231.28,366,49,5,5,4,Champions,3,1.708505867573133,-0.9366876794900699
17677,2,30,16363.23,545.44,369,178,5,5,5,Champions,3,4.426139059811675,0.21320940702022104
17678,264,1,298.11,298.11,264,16,1,2,2,Hibernating,1,-1.6746052532621032,0.5362022117652424
17679,53,2,1992.11,996.06,86,29,3,3,4,Developing Customers,2,0.20340695221976698,0.37699720380732193
17680,24,1,184.4,184.4,24,11,4,2,1,New Customers,0,-1.0000588562821968,-1.1344070949493439
17682,10,6,2474.33,412.39,368,48,5,5,5,Champions,3,1.68231104628156,-0.22598094001782468
17684,44,1,239.41,239.41,44,15,3,2,1,Developing Customers,1,-1.1010122755903156,-0.667066134008664
17685,17,7,3191.53,455.93,372,88,4,5,5,Champions,3,1.736208771513697,0.2303844120300779
17686,7,7,5739.46,819.92,303,205,5,5,5,Champions,3,2.325359131844366,-0.06915696923172668
17690,30,15,4757.95,317.2,373,186,4,5,5,Champions,3,2.346542915378531,0.9873780474592443
17691,358,2,290.40000000000003,145.2,369,18,1,3,2,Hibernating,1,-1.435655825573987,0.8750602736173466
17692,127,4,725.5799999999999,181.4,359,33,2,4,3,At Risk Valuable,2,-0.14382830128821417,0.7518679573041314
17693,137,1,200.47,200.47,137,16,2,2,1,Hibernating,1,-1.613347159395717,-0.02155932865887702
17694,142,1,283.12,283.12,142,15,2,2,2,Hibernating,1,-1.4633353523548638,0.12654384704525032
17695,132,2,765.34,382.67,172,30,2,3,3,Hibernating,1,-0.5959781457368761,0.5990333543502802
17696,38,8,2285.71,285.71,365,78,3,5,5,Loyal Customers,2,1.3886343664953518,0.6437506692591147
17697,236,1,338.95,338.95,236,19,1,2,2,Hibernating,1,-1.5710147404794839,0.5121896901533843
17698,261,1,154.95,154.95,261,8,1,2,1,Hibernating,1,-1.9802330198495788,0.2911198352616894
17700,17,4,2534.64,633.66,281,116,4,4,5,Champions,2,1.2006890830426957,-0.03461827402896508
17701,253,1,417.95,417.95,253,24,1,2,2,Hibernating,1,-1.4980352334908893,0.6324009796792951
17702,30,4,1824.37,456.09,206,58,4,4,4,Champions,2,0.8365186157541661,0.18979631921293447
17703,35,3,798.74,266.25,138,47,3,4,3,Loyal Customers,2,0.18439968786382202,-0.10273418541310425
17704,169,2,885.19,442.6,240,27,2,3,3,Hibernating,1,-0.6206169649005752,0.8076291012950682
17705,3,9,1823.52,202.61,302,63,5,5,4,Champions,3,2.246884699088657,-0.8411297392038339
17706,4,17,10504.49,617.91,367,270,5,5,5,Champions,3,3.5274095718794567,0.16582307696516949
17707,185,2,152.4,76.2,336,3,1,3,1,Hibernating,1,-1.4897611710868406,0.22404560648101265
17708,188,2,267.08,133.54,325,28,1,3,2,Hibernating,1,-1.2301796742188345,0.4380710505009694
17709,170,1,137.45,137.45,170,7,2,2,1,Hibernating,1,-1.8738292495968507,-0.022712513552641724
17711,11,2,385.1,192.55,290,22,5,3,2,Promising Customers,0,-0.003026525235908649,-1.1755176272919794
17712,45,1,522.91,522.91,45,29,3,2,3,Developing Customers,0,-0.7386541262359819,-0.36863156085098786
17714,321,1,153.0,153.0,321,10,1,2,1,Hibernating,1,-2.065023370105266,0.417184118141089
17715,201,1,326.4,326.4,201,1,1,2,2,Hibernating,1,-1.5278539844868666,0.3972010240994473
17716,23,11,5655.99,514.18,268,171,4,5,5,Champions,3,2.265951721582594,0.7776414707452542
17718,232,1,139.35,139.35,232,6,1,2,1,Hibernating,1,-1.9855687399208164,0.17829636180349448
17719,38,15,5396.04,359.74,256,111,3,5,5,Loyal Customers,3,2.31869813790008,1.178799491724086
17720,26,4,1195.94,298.98,368,39,4,4,4,Champions,2,0.6884521515724025,-0.05187463431958866
17722,96,4,2424.04,606.01,367,111,2,4,5,At Risk Valuable,2,0.5357966206355351,1.016349009293702
17723,127,6,3276.4000000000005,546.07,214,4,2,5,5,At Risk Valuable,2,0.8780596173353054,1.4315572236981167
17724,71,3,1033.0,344.33,138,38,3,4,4,Loyal Customers,2,0.041790016076328214,0.4302979143326068
17725,16,11,3439.08,312.64,267,115,4,5,5,Champions,3,2.1609924518166683,0.37747205722717747
17727,15,1,1060.25,1060.25,15,66,4,2,4,New Customers,0,0.0008826949521338124,-0.7799707960064672
17728,4,3,2876.01,958.67,87,153,5,4,5,Champions,3,1.548117852770662,-0.8860005425735178
17730,3,13,5298.4800000000005,407.58,326,127,5,5,5,Champions,3,3.059273321704611,-0.32220390217899486
17731,79,4,1240.11,310.03,183,54,2,4,4,At Risk Valuable,2,0.29061523261359967,0.6496083462139619
17732,373,1,303.97,303.97,373,18,1,2,2,Hibernating,1,-1.7970304351543378,0.7615921493670028
17733,39,2,692.19,346.1,262,33,3,3,3,Developing Customers,0,-0.18458845801138588,-0.19890064459024784
17734,54,3,700.63,233.54,234,40,3,4,3,Loyal Customers,2,-0.03985313522859199,0.11800726485043239
17735,2,19,13110.02,690.0,368,319,5,5,5,Champions,3,3.923538880442113,-0.0363900034092365
17736,9,3,377.44,125.81,113,24,5,4,2,Loyal Customers,0,0.3177810768591419,-1.1876573549587297
17737,9,2,168.24,84.12,58,8,5,3,1,Promising Customers,0,-0.3259110615595633,-1.592280245594221
17738,19,4,1879.05,469.76,282,89,4,4,4,Champions,2,1.0180447283304954,-0.07711714467569972
17739,12,7,2791.35,398.76,360,29,5,5,5,Champions,3,1.7968232212386204,-0.02473043536819394
17742,113,2,355.11,177.56,333,13,2,3,2,Hibernating,1,-0.9018359412215319,0.2214476540848688
17744,4,6,2322.4,387.07,358,110,5,5,5,Champions,3,1.9534698889446087,-0.7487096915052648
17746,240,1,110.25,110.25,240,6,1,2,1,Hibernating,1,-2.109062273249504,0.11482132262540254
17747,113,1,71.4,71.4,113,1,2,2,1,Hibernating,1,-2.0274454539315965,-0.5164117297635852
17749,178,2,674.52,337.26,256,33,2,3,3,Hibernating,1,-0.7695285097002363,0.741174345107656
17750,5,9,1781.28,197.92,164,100,5,5,4,Champions,3,2.080788734826789,-0.5927679805124718
17752,359,1,80.64,80.64,359,1,1,2,1,Hibernating,1,-2.4097103061631846,0.25607789995149755
17754,1,5,1772.26,354.45,260,82,5,4,4,Champions,3,2.0353415463045734,-1.4873136002324934
17757,1,30,5601.34,186.71,372,274,5,5,5,Champions,3,4.070902918572411,-0.4352068564727837
17758,19,8,3456.7000000000003,432.09,250,310,4,5,5,Champions,3,1.8406463674245546,0.3716112177658018
17759,17,3,833.74,277.91,169,81,4,4,3,Loyal Customers,0,0.46967095704339845,-0.5262920860894137
17760,22,2,287.59,143.79,373,25,4,3,2,Promising Customers,0,-0.39019255701956,-0.8695984786325504
17761,33,1,712.78,712.78,33,19,4,2,3,New Customers,0,-0.47594660909245373,-0.44721680166604494
17763,263,1,15.0,15.0,263,1,1,2,1,Hibernating,1,-3.0668653356068614,-0.5356803942091956
17764,51,2,818.8199999999999,409.41,211,71,3,3,3,Developing Customers,2,-0.20499406263806,0.028621730898364606
17765,159,3,371.88,123.96,257,51,2,4,2,At Risk Valuable,1,-0.748800904090857,0.5637456721979698
17767,15,1,271.2,271.2,15,21,4,2,2,New Customers,0,-0.6467341553630951,-1.2769323980643645
17768,8,3,2273.1800000000003,757.73,166,77,5,4,5,Champions,2,1.2115842710991722,-0.5994366797645097
17769,13,10,3997.98,399.8,321,200,5,5,5,Champions,3,2.2279993953606954,0.27594877333095585
17770,199,5,1143.27,228.65,282,33,1,4,4,At Risk Valuable,2,0.06699419148757518,1.270690835061985
17771,57,2,245.33,122.66,323,50,3,3,1,Developing Customers,1,-0.8190197089584992,-0.34134801085539673
17772,11,2,182.77,91.38,11,50,5,3,1,Promising Customers,0,-0.3563816285062229,-1.4466716563001398
17774,97,4,1225.41,306.35,305,123,2,4,4,At Risk Valuable,2,0.20739094336653713,0.7738469932474403
17775,255,1,56.4,56.4,255,3,1,2,1,Hibernating,1,-2.4470935001838323,-0.08860794757768811
17777,25,3,665.86,221.95,100,141,4,4,3,Loyal Customers,0,0.22227468961259886,-0.3752985980761423
17779,21,3,658.57,219.52,144,73,4,4,3,Loyal Customers,0,0.28088224661048805,-0.48516454851982643
17781,159,2,188.02,94.01,253,12,2,3,1,Hibernating,1,-1.3328386847834406,0.20489973312091644
17783,72,2,283.47,141.74,248,67,3,3,2,Developing Customers,1,-0.838403311266109,-0.14302404430974358
17785,53,1,131.94,131.94,53,13,3,2,1,Developing Customers,1,-1.4526650508936514,-0.7679230663262172
17786,85,2,278.74,139.37,317,57,2,3,2,Hibernating,1,-0.909013067122228,-0.04530294347702093
17787,153,4,1865.19,466.3,371,94,2,4,4,At Risk Valuable,2,0.23447599165536975,1.2135686430059611
17788,74,2,1112.95,556.48,130,2,2,3,4,At Risk Valuable,2,-0.1990335228139443,0.3726614330882062
17789,281,1,225.9,225.9,281,14,1,2,1,Hibernating,1,-1.8298736940628857,0.47468494360696356
17790,27,14,1965.55,140.4,365,121,4,5,4,Champions,3,1.9063356421728639,0.575275219029682
17791,30,1,106.1,106.1,30,10,4,2,1,New Customers,0,-1.3434451749196266,-1.1985282634419898
17793,25,1,323.04,323.04,25,49,4,2,2,New Customers,0,-0.7492963433521954,-0.9056265010046883
17795,180,2,350.39,175.2,265,43,1,3,2,Hibernating,1,-1.0848527737531772,0.509502840738065
17796,40,4,697.9,174.48,370,63,3,4,3,Loyal Customers,2,0.272743905999005,0.016315144423206685
17797,22,3,780.43,260.14,183,102,4,4,3,Loyal Customers,0,0.34458748230260416,-0.3950774852237294
17799,22,10,3055.93,305.59,361,280,4,5,5,Champions,3,1.910432188055274,0.4923962868070926
17800,37,9,1198.01,133.11,334,50,3,5,4,Loyal Customers,2,1.186743369798176,0.43203430682834687
17802,82,3,1285.04,428.35,372,102,2,4,4,At Risk Valuable,2,0.09128008045027941,0.6000542344777688
17805,74,1,512.31,512.31,74,10,2,2,3,Hibernating,1,-0.9351941208093786,-0.06634662148725946
17806,11,1,546.04,546.04,11,43,5,2,3,New Customers,0,-0.20458721150006026,-1.204289863474717
17809,16,12,5411.91,450.99,374,46,4,5,5,Champions,3,2.449266985060775,0.5738314833006892
17811,4,39,7831.03,200.8,334,358,5,5,5,Champions,3,4.111168206974269,0.3658403931981066
17812,13,4,732.16,183.04,368,113,5,4,3,Loyal Customers,0,0.7061443400361256,-0.6470560790276662
17813,14,5,1770.88,354.18,71,297,5,4,4,Champions,2,1.2649811661065484,-0.21088518893692879
17816,37,4,36.56,9.14,365,16,3,4,1,Loyal Customers,0,-1.0897077440683145,-1.0996191409539173
17817,4,3,387.68,129.23,277,32,5,4,2,Loyal Customers,0,0.5953729016717016,-1.6171082291944667
17819,72,7,3704.87,529.27,371,36,3,5,5,Loyal Customers,2,1.2721360772501162,1.171986752646189
17824,51,1,298.4,298.4,51,13,3,2,2,Developing Customers,1,-1.0518223794829924,-0.4953093871038314
17827,5,5,1995.46,399.09,365,190,5,4,4,Champions,3,1.6719371855637368,-0.7478938903061761
17828,23,4,1165.09,291.27,185,53,4,4,4,Champions,2,0.7210344516201381,-0.13604307469151394
17829,299,1,889.24,889.24,299,30,1,2,3,Hibernating,1,-1.2028962034762853,1.0131597947103967
17830,2,3,398.7,132.9,289,18,5,4,2,Loyal Customers,0,0.803890275481613,-1.9305739682769205
17831,33,1,35.400000000000006,35.4,33,2,4,2,1,New Customers,1,-1.892394247716285,-1.5341559191071523
17832,50,1,155.37,155.37,50,61,3,2,1,Developing Customers,1,-1.353561575359158,-0.7448532253240853
17835,3,3,350.64,116.88,23,45,5,4,2,Loyal Customers,0,0.6329803667109118,-1.7950773980373642
17836,47,1,109.83,109.83,47,22,3,2,1,Developing Customers,1,-1.4942311478107342,-0.9089907460056513
17837,42,8,1587.48,198.44,163,109,3,5,4,Loyal Customers,2,1.1779139669670442,0.5725496556617838
17838,27,5,2779.3,555.86,372,96,4,4,5,Champions,2,1.240888818409465,0.34914519300696906
17839,42,1,338.8,338.8,42,50,3,2,2,Developing Customers,0,-0.9189527761555936,-0.569497484570465
17841,2,124,40967.72,330.38,373,1322,5,5,5,Champions,3,6.1263418365484075,1.0849469057777972
17843,303,1,197.73,197.73,303,35,1,2,1,Hibernating,1,-1.9216746396587594,0.47386771962356583
17844,107,1,51.56,51.56,107,5,2,2,1,Hibernating,1,-2.1592091281299566,-0.6676371890591141
17848,81,9,901.2,100.13,358,41,2,5,3,At Risk Valuable,2,0.7574520771367387,0.8155056512723766
17849,218,4,605.8000000000001,151.45,334,14,1,4,3,At Risk Valuable,2,-0.43480041541973274,1.0263594429107263
17850,372,34,5391.21,158.56,374,21,1,5,5,At Risk Valuable,3,2.1646427267438004,2.910448296478363
17852,12,2,114.34,57.17,12,21,5,3,1,Promising Customers,0,-0.6086703245182011,-1.5660801400356459
17854,185,2,311.26,155.63,227,15,1,3,2,Hibernating,1,-1.1514577651403883,0.4836494177761595
17855,373,1,208.97,208.97,373,17,1,2,1,Hibernating,1,-1.9746803808693336,0.6252689490286395
17856,2,4,1418.03,354.51,282,12,5,4,4,Champions,0,1.6091258727878532,-1.381947911346019
17857,4,22,25301.54,1150.07,366,18,5,5,5,Champions,3,4.167885892552391,0.581193261353454
17858,6,12,5155.66,429.64,369,101,5,5,5,Champions,3,2.765264748390351,-0.006107775429567443
17859,305,1,148.21,148.21,305,23,1,2,1,Hibernating,1,-2.0605858828106043,0.37334937324840733
17860,369,1,252.8,252.8,369,49,1,2,2,Hibernating,1,-1.8803386090380119,0.6876973923541714
17861,3,8,2100.8,262.6,320,172,5,5,5,Champions,3,2.218753412965058,-0.8300017671401607
17862,324,1,330.9,330.9,324,11,1,2,2,Hibernating,1,-1.7030897137123684,0.703516647416169
17863,59,6,3160.0,526.67,369,110,3,5,5,Loyal Customers,2,1.1503956808063873,0.9382535682708433
17864,13,3,597.5,199.17,276,70,5,4,3,Loyal Customers,0,0.40736253132831335,-0.8070448019737332
17865,31,20,10524.22,526.21,364,190,4,5,5,Champions,3,2.9586006945248724,1.4020429797997527
17866,143,1,329.65,329.65,143,9,2,2,2,Hibernating,1,-1.3938131628704846,0.18635221679422367
17867,30,6,1197.1,199.52,289,62,4,5,4,Champions,2,0.9410001711119506,0.16549566347204797
17869,107,5,428.18,85.64,368,37,2,4,2,At Risk Valuable,2,-0.16427604745216412,0.5220884826648382
17870,2,12,1894.35,157.86,367,214,5,5,4,Champions,3,2.612679978299043,-0.9085428400954074
17871,205,1,155.9,155.9,205,10,1,2,1,Hibernating,1,-1.8854481014283404,0.14096886611466594
17873,80,5,1729.7800000000002,345.96,373,23,2,4,4,At Risk Valuable,2,0.609358100106203,0.8491042809055765
17874,185,6,683.46,113.91,256,37,1,5,3,At Risk Valuable,2,-0.010185592676906122,1.0963361382159733
17877,170,1,237.61,237.61,170,12,2,2,1,Hibernating,1,-1.6147563740876922,0.17609218277375646
17878,44,1,379.45,379.45,44,26,3,2,2,Developing Customers,1,-0.8825442487335072,-0.4994203715916724
17879,174,1,178.51999999999998,178.52,174,6,2,2,1,Hibernating,1,-1.7590228452937404,0.086818231479977
17880,365,1,458.92,458.92,365,26,1,2,2,Hibernating,1,-1.5932261482465802,0.8979439029533953
17881,304,1,133.35000000000002,133.35,304,8,1,2,1,Hibernating,1,-2.109265798742783,0.33295988655420516
17883,3,4,671.77,167.94,246,133,5,4,3,Loyal Customers,0,1.1439709991225073,-1.4722460360411842
17884,4,4,717.45,179.36,372,107,5,4,3,Loyal Customers,0,1.0899640629879086,-1.3068613257782318
17885,12,1,190.19,190.19,12,50,5,2,1,New Customers,0,-0.7355259774589125,-1.5375259909890084
17886,32,3,899.61,299.87,250,93,4,4,3,Loyal Customers,2,0.27418757957866524,-0.11448305092267287
17887,129,1,111.35,111.35,129,10,2,2,1,Hibernating,1,-1.8684940888831159,-0.2727041259217696
17888,21,8,726.05,90.76,357,60,4,5,3,Loyal Customers,2,1.062035494535285,-0.13752983786832104
17889,212,2,203.87,101.94,322,20,1,3,1,Hibernating,1,-1.4038527487748993,0.4156039685418789
17890,323,2,602.09,301.04,361,88,1,3,3,Hibernating,1,-1.0502597513140195,1.0757229453807782
17891,162,1,203.86,203.86,162,34,2,2,1,Hibernating,1,-1.669031402029047,0.09003308356296366
17892,56,3,244.1,81.37,155,27,3,4,1,Loyal Customers,1,-0.5540845263230516,-0.24349187681849768
17893,225,1,112.25,112.25,225,15,1,2,1,Hibernating,1,-2.07602423813801,0.08061040747707413
17894,72,8,1119.39,139.92,366,126,3,5,4,Loyal Customers,2,0.8095023611647653,0.7804032803646475
17895,44,1,98.0,98.0,44,15,3,2,1,Developing Customers,1,-1.5232927055425225,-0.9911113760134048
17896,23,1,256.32,256.32,23,2,4,2,2,New Customers,0,-0.8284382122959729,-1.0405478180629604
17897,173,3,566.6,188.87,374,100,2,4,3,At Risk Valuable,1,-0.5808782174259252,0.7703528032421451
17898,85,2,152.06,76.03,207,27,2,3,1,Hibernating,1,-1.1960290419079131,-0.2655503298386864
17899,159,1,155.8,155.8,159,29,2,2,1,Hibernating,1,-1.7891820152234914,-0.01938500549990765
17900,190,2,112.2,56.1,190,4,1,3,1,Hibernating,1,-1.6445378359835037,0.1298618727058852
17901,29,1,110.38,110.38,29,19,4,2,1,New Customers,0,-1.3122643939757763,-1.2049934090923382
17904,21,1,191.67,191.67,21,33,4,2,1,New Customers,0,-0.9329008727269134,-1.2013586876695674
17905,71,4,800.24,200.06,373,33,3,4,3,Loyal Customers,2,0.12259974491976731,0.42302144959777266
17906,247,1,72.9,72.9,247,12,1,2,1,Hibernating,1,-2.3147017430722596,-0.016441847603571393
17908,374,1,243.28,243.28,374,51,1,2,1,Hibernating,1,-1.903664663521725,0.6822392545529984
17911,9,1,366.23,366.23,9,39,5,2,2,New Customers,0,-0.324597919887136,-1.4653732364054002
17912,310,5,311.01,62.2,365,35,1,4,2,At Risk Valuable,1,-0.7202129883642091,1.0758080831816348
17913,59,2,411.6,205.8,356,55,3,3,2,Developing Customers,1,-0.5864739469290666,-0.13147664232753078
17914,4,1,336.43,336.43,4,72,5,2,2,New Customers,0,-0.09999384552719756,-1.935485309221071
17917,45,3,341.28,113.76,363,77,3,4,2,Loyal Customers,0,-0.31319678507442583,-0.257374803233418
17919,88,1,1304.04,1304.04,88,23,2,2,4,At Risk Valuable,1,-0.5564792237192703,0.3829021844310613
17920,4,17,4192.2,246.6,374,406,5,5,5,Champions,3,3.0902755752011544,-0.16962034331872103
17921,64,4,826.52,206.63,266,114,3,4,3,Loyal Customers,2,0.17704574049563124,0.3700011180148862
17923,282,1,207.50000000000003,207.5,282,1,1,2,1,Hibernating,1,-1.8714781872041144,0.4460399185035426
17924,12,7,2962.5,423.21,374,26,5,5,5,Champions,3,1.825136632478586,-0.003003579121806068
17925,373,1,244.08,244.08,373,1,1,2,1,Hibernating,1,-1.901088067103456,0.6817414668923057
17926,133,2,397.29,198.64,204,17,2,3,2,Hibernating,1,-0.910327911494938,0.3647538202565232
17928,45,2,184.46,92.23,246,22,3,3,1,Developing Customers,1,-0.865529271289828,-0.5918910573595192
17929,11,4,843.0,210.75,309,4,5,4,3,Loyal Customers,0,0.8320617475151539,-0.6933105353804756
17930,36,5,1740.48,348.1,239,26,3,4,4,Loyal Customers,2,0.9117158705256855,0.35488258000387407
17931,134,2,408.36,204.18,256,63,2,3,2,Hibernating,1,-0.9001210368824587,0.3794776238093941
17932,29,3,1331.57,443.86,211,84,4,4,4,Champions,2,0.49708600655110735,-0.031778934463177
17934,52,2,704.25,352.12,59,21,3,3,3,Developing Customers,2,-0.2839200902116683,-0.01428826652786513
17935,138,2,142.89,71.44,142,27,2,3,1,Hibernating,1,-1.4089131359981457,0.01611014591242885
17936,5,1,389.84,389.84,5,68,5,2,2,New Customers,0,-0.09973049378287183,-1.7662924394025483
17937,9,7,4301.22,614.46,362,19,5,5,5,Champions,3,2.1028158413032236,-0.033101964720106423
17939,160,1,99.14,99.14,160,12,2,2,1,Hibernating,1,-2.004982536082649,-0.179208812743773
17940,49,9,2238.58,248.73,303,5,3,5,5,Loyal Customers,2,1.3792415635733064,0.8341224962571582
17941,131,1,304.56,304.56,131,2,2,2,2,Hibernating,1,-1.3981217023288666,0.10239659329030207
17942,8,1,77.50000000000001,77.5,8,2,5,2,1,New Customers,0,-1.01868215739985,-2.0956493955466957
17946,233,2,149.57999999999998,74.79,259,18,1,3,1,Hibernating,1,-1.586323502662282,0.3627352761527166
17947,37,1,176.68,176.68,37,9,3,2,1,Developing Customers,1,-1.1803110038725644,-0.8846315858964638
17948,147,1,358.56000000000006,358.56,147,1,2,2,2,Hibernating,1,-1.3643886758114674,0.23432732697009648
17949,1,44,58030.48,1318.87,371,28,5,5,5,Champions,3,5.521277926036187,0.5620491910215434
17950,72,3,482.2,160.73,365,63,3,4,2,Loyal Customers,2,-0.32556899844237314,0.1611825050618742
17951,40,3,1008.54,336.18,374,18,3,4,4,Loyal Customers,2,0.24558052976144426,0.06475819912956993
17954,5,12,2332.72,194.39,371,326,5,5,5,Champions,3,2.4468230316640063,-0.3933499966106962
17955,199,4,557.3,139.32,220,14,1,4,3,At Risk Valuable,2,-0.4397673340118725,0.9384292881841629
17956,249,1,12.75,12.75,249,1,1,2,1,Hibernating,1,-3.1181738894171973,-0.6255572096684548
17957,66,1,110.72,110.72,66,30,3,2,1,Developing Customers,1,-1.6178672675340964,-0.6947576107576746
17958,117,1,508.4599999999999,508.46,117,7,2,2,3,Hibernating,1,-1.1119652492736563,0.21806477249081452
17960,171,1,73.78,73.78,171,26,2,2,1,Hibernating,1,-2.1692267392228994,-0.24398703926692925
17961,21,39,1296.44,33.24,372,211,4,5,4,Champions,3,2.6892898096285403,0.648008182097978
17962,142,1,102.83,102.83,142,33,2,2,1,Hibernating,1,-1.9424524322053698,-0.2411161226728197
17964,32,2,471.7,235.85,372,84,4,3,2,Promising Customers,0,-0.29329052964865576,-0.4606215984966737
17965,38,14,2622.57,187.33,369,274,3,5,5,Loyal Customers,3,1.9169051805992083,0.8905153144300343
17966,38,5,1098.43,219.69,261,53,3,4,4,Loyal Customers,2,0.6726854004092684,0.220252410281133
17967,372,1,123.07,123.07,372,41,1,2,1,Hibernating,1,-2.224066549810861,0.4314159222388979
17968,374,1,277.35,277.35,374,74,1,2,2,Hibernating,1,-1.8415218584964672,0.7299257653760125
17969,166,2,228.2,114.1,361,14,2,3,1,Hibernating,1,-1.2574654658524917,0.3024279983183808
17970,211,1,582.59,582.59,211,27,1,2,3,Hibernating,1,-1.271208663811329,0.6389285640386391
17972,242,1,136.04,136.04,242,30,1,2,1,Hibernating,1,-2.0129870910176324,0.19620674943933678
17973,52,1,337.04,337.04,52,15,3,2,2,Developing Customers,1,-1.001328279304892,-0.43890628914855495
17974,25,3,740.79,246.93,220,143,4,4,3,Loyal Customers,0,0.2729573565399583,-0.33640625094137067
17975,15,13,4485.51,345.04,367,188,4,5,5,Champions,3,2.450241972536898,0.4953767487657636
17976,372,1,353.19,353.19,372,56,1,2,2,Hibernating,1,-1.7247947211249606,0.814542037202319
17977,29,1,288.14,288.14,29,19,4,2,2,New Customers,0,-0.8582199649546741,-0.8565734340068255
17978,365,1,300.92,300.92,365,12,1,2,2,Hibernating,1,-1.7935514576323313,0.7442203137098037
17979,36,4,754.31,188.58,260,115,3,4,3,Loyal Customers,2,0.34891689657910274,-0.020380411542921275
17980,166,3,811.45,270.48,359,23,2,4,3,At Risk Valuable,2,-0.3944910773192763,0.8753214616956463
17984,145,1,152.68,152.68,145,48,2,2,1,Hibernating,1,-1.763755897936036,-0.08474586155253341
17985,22,1,634.95,634.95,22,20,4,2,3,New Customers,0,-0.38152950469107855,-0.7370513700966584
17986,56,1,20.8,20.8,56,1,3,2,1,Developing Customers,1,-2.333849227618968,-1.3940031798413797
17987,185,1,198.57,198.57,185,13,1,2,1,Hibernating,1,-1.7319253508359636,0.16411547630336562
17988,12,7,201.12,28.73,327,37,5,5,1,Loyal Customers,0,0.5470690402600437,-0.983754030346238
17990,237,3,630.84,210.28,362,27,1,4,3,At Risk Valuable,1,-0.6495410039927129,1.0079771132665032
17991,225,2,93.35,46.68,226,4,1,3,1,Hibernating,1,-1.7955314861461196,0.1699527258290808
17994,122,4,678.49,169.62,291,63,2,4,3,At Risk Valuable,2,-0.16049323137575677,0.7021472916799381
17995,282,1,76.1,76.1,282,2,1,2,1,Hibernating,1,-2.344976142512238,0.08269189516763639
17997,74,8,1970.67,246.33,164,133,2,5,4,At Risk Valuable,2,1.0681856362178703,1.0039614304879212
17999,37,2,382.06,191.03,366,87,3,3,2,Developing Customers,0,-0.4472822574798301,-0.4480268196065452
18001,12,2,417.23,208.62,87,56,5,3,2,Promising Customers,0,0.0044309578419225795,-1.0956047418783392
18004,362,1,169.47,169.47,362,32,1,2,1,Hibernating,1,-2.062463900379603,0.5302363197136554
18005,4,2,249.72,124.86,47,52,5,3,2,Promising Customers,0,0.12603298273591687,-1.887938494955533
18006,23,1,444.68,444.68,23,21,4,2,2,New Customers,0,-0.5670047911833996,-0.839931710368509
18008,70,9,2116.19,235.13,319,24,3,5,5,Loyal Customers,2,1.2184909115321048,1.0357852543065478
18009,235,1,257.34,257.34,235,31,1,2,2,Hibernating,1,-1.7000592607235936,0.40924565106680005
18010,257,1,174.8,174.8,257,14,1,2,1,Hibernating,1,-1.917328702948632,0.3251306850172302
18011,373,1,102.79,102.79,373,28,1,2,1,Hibernating,1,-2.3100365494367865,0.3679267586422126
18013,155,2,187.29,93.64,155,31,2,3,1,Hibernating,1,-1.3250052641100074,0.18744421344451698
18014,28,1,158.47,158.47,28,28,4,2,1,New Customers,0,-1.1284846056013496,-1.095389130243781
18015,4,1,120.03,120.03,4,46,5,2,1,New Customers,0,-0.5880007797239274,-2.3099670845419604
18016,32,5,1483.56,296.71,364,90,4,4,4,Champions,2,0.8794668786532563,0.22409064966793138
18017,81,3,523.0,174.33,310,1,2,4,3,At Risk Valuable,2,-0.3314158947447628,0.26445503059320574
18018,108,2,122.14,61.07,199,29,2,3,1,Hibernating,1,-1.3901224419973577,-0.19481988691011834
18019,52,1,38.45,38.45,52,5,3,2,1,Developing Customers,1,-2.0237435263775287,-1.2234768556900513
18022,36,1,668.11,668.11,36,141,3,2,3,Developing Customers,0,-0.5390192690705969,-0.4172420356252026
18024,153,2,389.78,194.89,153,21,2,3,2,Hibernating,1,-0.9725496251428459,0.44594807200900466
18027,99,1,115.31,115.31,99,21,2,2,1,Hibernating,1,-1.7517451501246952,-0.42629553797975595
18030,4,2,230.65,115.32,42,8,5,3,1,Promising Customers,0,0.08838050764324332,-1.9168318666063664
18032,334,1,73.5,73.5,334,5,1,2,1,Hibernating,1,-2.4257654102181334,0.177046673088847
18033,65,1,97.97,97.97,65,32,3,2,1,Developing Customers,1,-1.6697964277160326,-0.7485448345207534
18034,22,2,422.88,211.44,22,99,4,3,2,Promising Customers,0,-0.20721445016687073,-0.7291866084368139
18035,36,3,730.4,243.47,43,44,3,4,3,Loyal Customers,2,0.13141392498706658,-0.11799821086833527
18036,32,3,405.62,135.21,246,77,4,4,2,Loyal Customers,0,-0.10428933099950466,-0.4049147957596058
18037,154,6,70.02,11.67,362,19,2,5,1,At Risk Valuable,1,-1.0188702818992397,0.15331120522845829
18040,19,2,357.20000000000005,178.6,246,18,4,3,2,Promising Customers,0,-0.23393621123844727,-0.8792350719633332
18041,12,21,4183.39,199.21,373,285,5,5,5,Champions,3,2.9059580365313216,0.5122779670105012
18042,54,1,165.04999999999998,165.05,54,7,3,2,1,Developing Customers,1,-1.3538287922611374,-0.6750716002340781
18043,25,3,559.51,186.5,367,106,4,4,3,Loyal Customers,0,0.13958542073523109,-0.4387518444119821
18044,4,10,2088.6,208.86,361,88,5,5,5,Champions,3,2.312538605089827,-0.6135152959833575
18045,45,1,189.4,189.4,45,43,3,2,1,Developing Customers,1,-1.220413262863809,-0.7383189651056148
18048,203,2,172.29000000000002,86.15,203,6,1,3,1,Hibernating,1,-1.467033986857788,0.3271050362610052
18050,359,1,74.4,74.4,359,5,1,2,1,Hibernating,1,-2.4475545420733145,0.22703737684373612
18053,71,1,300.02,300.02,71,20,3,2,2,Developing Customers,1,-1.1736133146094656,-0.28713952604837534
18055,7,10,6784.1900000000005,678.42,370,223,5,5,5,Champions,3,2.693494380852518,0.11445710662935002
18056,288,1,363.65,363.65,288,19,1,2,2,Hibernating,1,-1.6134367078019187,0.6634989672184634
18058,10,1,170.16,170.16,10,3,5,2,1,New Customers,0,-0.7243602225935587,-1.6837973468523053
18059,23,3,306.46,102.15,68,17,4,4,2,Loyal Customers,0,-0.11563898541555748,-0.7087935798815751
18061,22,10,2119.41,211.94,366,18,4,5,5,Champions,3,1.7363267190836762,0.35879301081905873
18062,173,3,720.52,240.17,338,23,2,4,3,At Risk Valuable,2,-0.46667585697161795,0.8579882438310376
18064,133,2,814.0,407.0,235,7,2,3,3,Hibernating,1,-0.5695398039728591,0.626264316461209
18065,6,14,2392.83,170.92,365,110,5,5,5,Champions,3,2.52968387321488,-0.23131908937432263
18066,75,1,318.0,318.0,75,10,2,2,2,Hibernating,1,-1.1666626655799741,-0.23169181082393064
18067,40,1,396.33,396.33,40,36,3,2,2,Developing Customers,0,-0.8263075994793699,-0.5425500122249546
18068,289,1,101.7,101.7,289,1,1,2,1,Hibernating,1,-2.217852776520936,0.20289001171836316
18069,26,5,2036.67,407.33,327,334,4,4,4,Champions,2,1.1068824448493826,0.21260419403313865
18071,258,2,453.0,226.5,366,23,1,3,2,Hibernating,1,-1.0998478930436566,0.8301270389803401
18072,186,1,247.44,247.44,186,18,1,2,1,Hibernating,1,-1.6297227751710832,0.24751253946987742
18073,114,12,3877.52,323.13,197,23,2,5,5,At Risk Valuable,2,1.5600568260532484,1.6634184341097533
18074,374,1,489.6,489.6,374,13,1,2,3,Hibernating,1,-1.571773936053059,0.9369221701545701
18075,23,10,2611.75,261.18,361,97,4,5,5,Champions,3,1.8194393368684703,0.46201891243692683
18077,8,11,2633.01,239.36,367,101,5,5,5,Champions,3,2.276959673605142,-0.12302548206116268
18078,217,2,336.13,168.06,259,27,1,3,2,Hibernating,1,-1.1756493784196433,0.6122267140764619
18079,45,4,3651.97,912.99,239,99,3,4,5,Loyal Customers,2,1.0159007009978536,0.6932470377347985
18080,19,2,1231.5,615.75,243,2,4,3,4,Promising Customers,0,0.3542065069893948,-0.4279121217545411
18081,36,3,343.45,114.48,134,14,3,4,2,Loyal Customers,0,-0.22698637566559574,-0.39302377189826065
18082,26,1,703.37,703.37,26,62,4,2,3,New Customers,0,-0.3941690190176353,-0.5981316484456997
18084,16,1,90.48,90.48,16,1,4,2,1,New Customers,0,-1.1888919713196082,-1.6367759824252628
18085,330,2,689.95,344.98,374,25,1,3,3,Hibernating,1,-0.9936976070738626,1.1389390232545764
18086,274,1,101.34,101.34,274,7,1,2,1,Hibernating,1,-2.199228323551537,0.16795525116586338
18087,291,1,3202.92,3202.92,291,1,1,2,5,At Risk Valuable,2,-0.583039454389141,1.4637667124914024
18088,61,1,167.67000000000002,167.67,61,35,3,2,1,Developing Customers,1,-1.392159319627781,-0.5934435734329061
18092,2,11,9068.26,824.39,366,28,5,5,5,Champions,3,3.285255360164268,-0.367575075072052
18093,93,4,2106.52,526.63,303,31,2,4,5,At Risk Valuable,2,0.4810084322481658,0.9451870656423036
18094,82,7,3017.3,431.04,292,39,2,5,5,At Risk Valuable,2,1.1253978428501321,1.178378607616129
18095,313,2,580.0500000000001,290.03,333,20,1,3,3,Hibernating,1,-1.0559988907859161,1.0422606247981399
18096,12,3,911.15,303.72,64,157,5,4,3,Loyal Customers,0,0.6362400078868911,-0.7001005741925879
18097,8,6,2697.8,449.63,354,65,5,5,5,Champions,3,1.8001353583828983,-0.3215644125538457
18099,127,1,168.31,168.31,127,19,2,2,1,Hibernating,1,-1.6673738076775406,-0.13274106881559947
18101,11,2,223.65,111.82,143,37,5,3,1,Promising Customers,0,-0.2607817631963927,-1.3733112083782442
18102,1,60,259657.3,4327.62,367,150,5,5,5,Champions,3,6.510090050884095,1.2263742836082596
18104,37,1,754.64,754.64,37,38,3,2,3,Developing Customers,0,-0.4913263292802403,-0.3559255654893715
18105,38,1,113.48000000000002,113.48,38,18,3,2,1,Developing Customers,1,-1.3994600888347584,-1.0287237306687929
18106,330,1,430.7,430.7,330,33,1,2,2,Hibernating,1,-1.5849529416246209,0.8111268892809851
18108,254,1,271.0,271.0,254,17,1,2,2,Hibernating,1,-1.705125719124417,0.4771279803640724
18109,2,26,8052.97,309.73,370,119,5,5,5,Champions,3,3.9635389831439443,-0.09887940621808192
18110,20,1,236.3,236.3,20,33,4,2,1,New Customers,0,-0.8159597288251484,-1.1547402067576016
18112,12,2,352.69,176.34,166,26,5,3,2,Promising Customers,0,-0.07534434330299719,-1.1568218974269218
18113,369,1,76.32000000000001,76.32,369,1,1,2,1,Hibernating,1,-2.446056895449511,0.25358227352787555
18114,290,1,220.1,220.1,290,28,1,2,1,Hibernating,1,-1.8542038568241948,0.48513385528600383
18116,68,8,1414.43,176.8,365,229,3,5,4,Loyal Customers,2,0.9422952883639647,0.8300719719276297
18117,26,1,319.47,319.47,26,67,4,2,2,New Customers,0,-0.7689914901319216,-0.8857590868633182
18118,11,26,5651.42,217.36,370,423,5,5,5,Champions,3,3.2652431606854875,0.6502023852052945
18119,368,1,181.12,181.12,368,29,1,2,1,Hibernating,1,-2.0372649805673846,0.5647683556429495
18120,214,1,111.15,111.15,214,17,1,2,1,Hibernating,1,-2.061601812467597,0.045429078588752204
18121,149,2,673.1,336.55,155,28,2,3,3,Hibernating,1,-0.7029853239071225,0.6284105013881525
18122,8,6,1824.99,304.17,151,238,5,5,4,Champions,3,1.614186561578693,-0.46425590045379106
18123,24,2,589.4399999999999,294.72,31,31,4,3,3,Promising Customers,0,-0.08133833442213324,-0.5553080711670498
18125,30,4,1142.99,285.75,316,164,4,4,4,Champions,2,0.6141231954014823,0.019136793700260727
18126,61,1,204.49,204.49,61,51,3,2,1,Developing Customers,1,-1.298180289849617,-0.5213269057216353
18127,19,3,348.73,116.24,134,41,4,4,2,Loyal Customers,0,0.015345653855422726,-0.7772707072821875
18129,243,1,112.55,112.55,243,13,1,2,1,Hibernating,1,-2.104050278438781,0.13013411810068262
18130,15,3,1059.39,353.13,57,58,4,4,4,Champions,0,0.6285642310507679,-0.5135333017513604
18133,212,1,931.5,931.5,212,1,1,2,4,At Risk Valuable,1,-1.0499405296075415,0.8130848554034696
18135,29,5,681.9100000000001,136.38,190,11,4,4,3,Loyal Customers,2,0.5463045896692739,-0.11990942495199984
18136,63,3,784.33,261.44,320,34,3,4,3,Loyal Customers,2,-0.04412833680794516,0.2551956536048131
18138,295,1,152.65,152.65,295,8,1,2,1,Hibernating,1,-2.0339325352751945,0.36300605332968616
18139,18,6,8438.34,1406.39,18,35,4,5,5,Champions,3,2.057225202063662,0.5682990149285961
18142,157,2,1019.52,509.76,216,9,2,3,4,At Risk Valuable,1,-0.52546786802097,0.8127926403189598
18143,117,2,1000.16,500.08,142,59,2,3,4,At Risk Valuable,2,-0.42303105214010434,0.620832714073041
18144,8,12,2888.75,240.73,373,27,5,5,5,Champions,3,2.393590456751429,-0.058380283297082135
18145,13,4,2861.55,715.39,313,174,5,4,5,Champions,2,1.3544458569418436,-0.14956908451662412
18146,141,2,160.35000000000002,80.18,220,10,2,3,1,Hibernating,1,-1.362563469092908,0.07146933135583342
18147,46,2,179.33999999999995,89.67,109,7,3,3,1,Developing Customers,1,-0.8870723232522583,-0.5884888049076491
18149,51,3,612.0799999999999,204.03,274,11,3,4,3,Loyal Customers,2,-0.08263027062194764,0.033193001350843125
18150,32,3,566.58,188.86,202,29,4,4,3,Loyal Customers,0,0.054443210592843815,-0.2831082397225627
18151,135,2,653.35,326.68,290,38,2,3,3,Hibernating,1,-0.6796954395607283,0.5554660638613816
18154,3,2,399.19,199.6,44,15,5,3,2,Promising Customers,0,0.4338649432089118,-1.858545551307543
18155,75,3,371.62,123.87,292,19,2,4,2,At Risk Valuable,1,-0.4646469432558922,0.09178749180334467
18156,13,2,734.94,367.47,370,100,5,3,3,Promising Customers,0,0.24508160156597333,-0.8422472777666459
18158,9,2,453.4,226.7,89,24,5,3,2,Promising Customers,0,0.14417156785969898,-1.2315530401453916
18159,301,1,530.15,530.15,301,23,1,2,3,Hibernating,1,-1.451241217472837,0.8287460499341702
18160,57,2,638.0600000000001,319.03,200,37,3,3,3,Developing Customers,2,-0.3652784521523331,0.006839319033251665
18161,15,5,1618.69,323.74,320,49,4,4,4,Champions,2,1.1975740758740494,-0.20279168440831677
18164,37,1,399.65,399.65,37,24,3,2,2,Developing Customers,0,-0.7933093301252504,-0.587658195394135
18165,177,1,302.46000000000004,302.46,177,10,2,2,2,Hibernating,1,-1.5156590964357386,0.289322986078404
18167,23,3,1384.86,461.62,106,24,4,4,4,Champions,2,0.6010226556657421,-0.15884909169871528
18168,176,6,1169.94,194.99,372,97,2,5,4,At Risk Valuable,2,0.2643236637035054,1.2610156769976728
18169,61,1,202.65,202.65,61,9,3,2,1,Developing Customers,1,-1.3024612927842478,-0.5246120180156918
18170,33,3,980.31,326.77,217,29,4,4,4,Champions,2,0.3036240296914067,-0.06422419960476373
18171,59,5,1231.31,246.26,334,43,3,4,4,Loyal Customers,2,0.5623687532138181,0.5348841814205039
18172,15,20,7561.68,378.08,290,100,4,5,5,Champions,3,3.066158461805305,0.8421131076898255
18173,87,4,2106.84,526.71,275,23,2,4,5,At Risk Valuable,2,0.5062863566723415,0.9034492510709771
18174,7,1,104.0,104.0,7,1,5,2,1,New Customers,0,-0.8352343274986987,-2.064048186974538
18176,358,1,476.35,476.35,358,30,1,2,2,Hibernating,1,-1.5681421935255027,0.8992935821065796
18177,31,6,1341.42,223.57,256,53,4,5,4,Champions,2,0.9830012809042925,0.22715337997499493
18178,129,4,1590.81,397.7,365,80,2,4,4,At Risk Valuable,2,0.22352875993634985,1.0481372352432656
18179,9,6,1793.17,298.86,336,86,5,5,4,Champions,3,1.5655561174731285,-0.40391654556531903
18180,5,6,1843.75,307.29,143,108,5,5,4,Champions,3,1.773998939811275,-0.7174394931945024
18181,24,1,382.8,382.8,24,40,4,2,2,New Customers,0,-0.6537505168007128,-0.8686605395424586
18183,227,2,632.07,316.04,275,36,1,3,3,Hibernating,1,-0.8928831909113014,0.8707841768251297
18184,15,1,49.8,49.8,15,1,4,2,1,New Customers,0,-1.4456931267255195,-1.8900293707474165
18185,249,1,304.25,304.25,249,17,1,2,2,Hibernating,1,-1.6426666568842958,0.5067024555497125
18188,15,3,2001.04,667.01,290,63,4,4,4,Champions,2,0.9310484380541634,-0.2814160613854713
18189,78,2,1090.24,545.12,268,65,2,3,4,At Risk Valuable,2,-0.228693344908564,0.39806198911979884
18190,192,2,284.46000000000004,142.23,331,14,1,3,2,Hibernating,1,-1.2082851822116347,0.4742840973502499
18191,262,1,207.8,207.8,262,7,1,2,1,Hibernating,1,-1.842785177039158,0.4001241443646292
18192,72,1,957.97,957.97,72,45,3,2,4,Developing Customers,1,-0.6274023395114231,0.14479106960025687
18193,165,1,243.76,243.76,165,16,2,2,1,Hibernating,1,-1.5913038661868497,0.16658295876901388
18194,82,1,973.84,973.84,82,7,2,2,4,At Risk Valuable,1,-0.66865072880864,0.23213264414218301
18196,95,2,689.13,344.56,290,131,2,3,3,Hibernating,1,-0.5212522076359274,0.3542110011536938
18198,4,17,5425.56,319.15,336,81,5,5,5,Champions,3,3.2129966408702537,-0.07544790575555041
18200,106,1,163.8,163.8,106,29,2,2,1,Hibernating,1,-1.611742665862413,-0.25615019972504205
18202,200,3,1396.99,465.66,311,55,1,4,4,At Risk Valuable,2,-0.20698862724552472,1.190966911046152
18203,157,1,160.42000000000002,160.42,157,19,2,2,1,Hibernating,1,-1.770553994829709,-0.016749486994290266
18204,71,3,1993.7,664.57,192,159,3,4,4,Loyal Customers,2,0.3545210736189238,0.6702782781757958
18205,36,2,517.36,258.68,75,30,3,3,3,Developing Customers,0,-0.29312470233948074,-0.3544493191977309
18209,29,1,139.10000000000002,139.1,29,8,4,2,1,New Customers,0,-1.2030759802468134,-1.121205519715319
18210,2,6,2621.38,436.9,267,109,5,5,5,Champions,3,2.2062953256938393,-1.0281747619335777
18211,26,5,600.07,120.01,279,37,4,4,3,Loyal Customers,2,0.5258112602268329,-0.23329227496568847
18212,326,1,248.42,248.42,326,30,1,2,1,Hibernating,1,-1.8414126418986805,0.6030582296168084
18213,237,1,232.48,232.48,237,15,1,2,1,Hibernating,1,-1.7514414306604738,0.37763837174051446
18215,89,1,299.34000000000003,299.34,89,13,2,2,2,Hibernating,1,-1.259963423675607,-0.1465739893876406
18216,31,1,481.75,481.75,31,26,4,2,2,New Customers,0,-0.6389139409726029,-0.6284649491673605
18217,29,2,621.75,310.88,71,27,4,3,3,Promising Customers,0,-0.12565446693327484,-0.42032415051921074
18218,211,2,662.08,331.04,282,17,1,3,3,Hibernating,1,-0.8430346677780772,0.8415970066213145
18219,3,10,2069.77,206.98,369,58,5,5,5,Champions,3,2.3935039000207965,-0.7582129762998612
18220,227,1,305.28000000000003,305.28,227,2,1,2,2,Hibernating,1,-1.6058617374470219,0.44956532805368277
18221,22,5,1041.61,208.32,211,59,4,4,4,Champions,2,0.8492285179921029,-0.13373054699398107
18222,93,1,443.0,443.0,93,19,2,2,2,Hibernating,1,-1.0905255079921718,0.023753165439633493
18223,5,14,6484.54,463.18,358,116,5,5,5,Champions,3,3.0629681107486104,0.035027450356727254
18224,264,1,158.95000000000002,158.95,264,10,1,2,1,Hibernating,1,-1.9725299152956237,0.30758382843462206
18225,3,12,5509.12,459.09,365,150,5,5,5,Champions,3,3.010675034582966,-0.3364857901298812
18226,44,11,5228.05,475.28,338,141,3,5,5,Loyal Customers,3,1.988290791966988,1.1472196472931622
18227,218,1,93.75,93.75,218,5,1,2,1,Hibernating,1,-2.1488901869391572,-0.004467494642139826
18228,57,2,779.9,389.95,80,23,3,3,3,Developing Customers,2,-0.2698736839398242,0.08005005533786241
18229,12,20,7276.900000000001,363.84,373,66,5,5,5,Champions,3,3.1272385512073755,0.6965266910071465
18230,9,7,2810.2000000000003,401.46,302,32,5,5,5,Champions,3,1.9002872128526238,-0.1885163144369297
18231,192,5,2083.27,416.65,289,106,1,4,5,At Risk Valuable,2,0.3660168357873864,1.4671295456248519
18232,82,4,592.97,148.24,197,31,2,4,3,At Risk Valuable,2,-0.074200555367425,0.403781985995417
18233,326,1,440.0,440.0,326,1,1,2,2,Hibernating,1,-1.570162204832858,0.8112076187155034
18235,72,3,1796.48,598.83,217,100,3,4,4,Loyal Customers,2,0.2996991847593595,0.6409944152808768
18236,30,6,882.24,147.04,241,42,4,5,3,Loyal Customers,2,0.7958834604647582,0.054137484676209484
18237,3,5,987.1,197.42,134,40,5,5,4,Champions,0,1.4921224482713795,-1.2616970690743696
18239,219,5,1561.61,312.32,372,80,1,5,4,At Risk Valuable,2,0.17887505579154864,1.4448862307871295
18240,46,1,422.58,422.58,46,6,3,2,2,Developing Customers,1,-0.848050189322583,-0.4326450545036652
18241,10,17,2073.09,121.95,218,60,5,5,5,Champions,3,2.4539234992386114,0.07287015588593657
18242,72,4,2232.49,558.12,214,72,3,4,5,Loyal Customers,2,0.6052596842824888,0.806184900728638
18245,7,7,2567.06,366.72,355,153,5,5,5,Champions,3,1.9425056290339011,-0.3629471787013455
18246,24,2,596.1,298.05,233,3,4,3,3,Promising Customers,0,-0.07599973603467988,-0.5512113920795907
18248,123,2,804.02,402.01,186,39,2,3,3,Hibernating,1,-0.5457653794813095,0.5726206696915154
18249,17,1,95.34,95.34,17,8,4,2,1,New Customers,0,-1.1860978912670492,-1.5816527182824682
18250,310,1,349.27,349.27,310,21,1,2,2,Hibernating,1,-1.6606228842424597,0.6952916392134002
18251,87,1,4314.72,4314.72,87,16,2,2,5,At Risk Valuable,2,0.01709664083053062,0.8125736037509923
18252,51,2,526.67,263.33,172,90,3,3,3,Developing Customers,0,-0.4147067626546994,-0.13230545825897036
18255,89,1,103.3,103.3,89,6,2,2,1,Hibernating,1,-1.7633552382374889,-0.5328616570197222
18257,39,8,2337.63,292.2,296,97,3,5,5,Loyal Customers,2,1.3896450073153466,0.6679928544868099
18259,25,3,2338.6000000000004,779.53,366,27,4,4,5,Champions,2,0.8196731835683976,0.08312695474685736
18260,173,6,2643.2000000000003,440.53,358,86,2,5,5,At Risk Valuable,2,0.658551715612695,1.5476898292442167
18261,43,2,324.24,162.12,96,19,3,3,2,Developing Customers,0,-0.5811862238270454,-0.4148963850491894
18262,140,1,149.48,149.48,140,13,2,2,1,Hibernating,1,-1.7604545350561713,-0.1145113440675676
18263,26,3,1213.16,404.39,253,59,4,4,4,Champions,2,0.4930582527434464,-0.1325265992708557
18265,72,2,801.51,400.76,158,44,3,3,3,Developing Customers,2,-0.34478158070503845,0.23576635608026422
18268,134,1,25.5,25.5,134,1,2,2,1,Hibernating,1,-2.5704225120079713,-0.7763619131778817
18269,366,1,168.6,168.6,366,7,1,2,1,Hibernating,1,-2.0690871366447907,0.5353115737254176
18270,38,2,283.15,141.57,267,11,3,3,2,Developing Customers,0,-0.5993716887699264,-0.5406594124754427
18272,3,6,3078.58,513.1,247,99,5,5,5,Champions,3,2.172849698581022,-0.7871922556730736
18273,2,3,204.0,68.0,258,1,5,4,1,Loyal Customers,0,0.4860924771467646,-2.1744423959036636
18274,30,1,175.92,175.92,30,11,4,2,1,New Customers,0,-1.1045464019105846,-1.015204563778446
18276,44,1,335.86,335.86,44,14,3,2,2,Developing Customers,1,-0.9404620610462112,-0.5438647506726056
18277,58,1,110.38,110.38,58,8,3,2,1,Developing Customers,1,-1.570725951134442,-0.7764407805366255
18278,74,1,173.9,173.9,74,9,2,2,1,Hibernating,1,-1.447639456704476,-0.4595816878224942
18280,278,1,180.6,180.6,278,10,1,2,1,Hibernating,1,-1.9317832903772947,0.3865693153423052
18281,181,1,80.82,80.82,181,7,1,2,1,Hibernating,1,-2.148000385762955,-0.17531836069109066
18282,8,2,178.05,89.02,126,12,5,3,1,Promising Customers,0,-0.25882900433787914,-1.6384603901250934
18283,4,16,2088.93,130.56,337,262,5,5,5,Champions,3,2.7070596956332484,-0.4459406000065248
18287,43,3,1837.28,612.43,202,59,3,4,4,Loyal Customers,2,0.5038515181978749,0.32840178576561474
